UNITID,INSTNM,CITY,STABBR,HIGHDEG,CONTROL,CCBASIC,ADM_RATE,SAT_AVG,UGDS,NPT4_PRIV,NPT41_PRIV,NPT42_PRIV,NPT43_PRIV,NPT44_PRIV,NPT45_PRIV,COSTT4_A,TUITIONFEE_IN,PCTPELL,C150_4,RET_FT4,RPY_3YR_RT,PAR_ED_PCT_1STGEN,DEP_INC_AVG,GRAD_DEBT_MDN,LO_INC_DEBT_MDN,HI_INC_DEBT_MDN,FIRSTGEN_DEBT_MDN,COUNT_WNE_P10,MD_EARN_WNE_P10,PCT25_EARN_WNE_P10,PCT75_EARN_WNE_P10,PCT90_EARN_WNE_P10,_key,real_PCT75_EARN_WNE_P10,real_COSTT4_A,real_NPT41_PRIV,real_NPT44_PRIV,real_GRAD_DEBT_MDN,real_PCT25_EARN_WNE_P10,real_NPT4_PRIV,real_HI_INC_DEBT_MDN,real_NPT43_PRIV,real_DEP_INC_AVG,real_MD_EARN_WNE_P10,real_TUITIONFEE_IN,real_NPT42_PRIV,real_LO_INC_DEBT_MDN,real_FIRSTGEN_DEBT_MDN,real_PCT90_EARN_WNE_P10,real_NPT45_PRIV
101189,Faulkner University,Montgomery,AL,4,2,18.0,0.7307,1020.0,1549,22085.0,23385.0,20897.0,19170.0,21255.0,22835.0,37626.0,23920.0,0.4562,0.374,0.6447,0.3081623745,0.4300319489,52552.186589,23000.0,15750.0,14600.0,14750.0,1589,43457.0,25494.0,64288.0,80700.0,faulkner university,65981.5370665848,38617.18071284408,24001.030430283812,21814.91989718548,23605.888385568855,26165.587760943148,22666.78456501253,14984.607409969796,19674.994797885,53936.56743641402,44601.78659007242,24550.12392099161,21447.489112749234,16164.901829248238,15138.558855962636,82825.87794414812,23436.541794976732
101365,Herzing University-Birmingham,Birmingham,AL,3,2,26.0,0.9326,,442,19651.0,19913.0,17909.0,20097.0,,,27750.0,13450.0,0.6771,0.125,0.6667,0.3041105434,0.5209032652,42942.389088,21500.0,10662.0,15250.0,11350.0,8016,36909.0,19077.0,56514.0,77200.0,herzing university-birmingham,58002.74679226254,28481.017508675468,20437.567627036202,,22066.37392564045,19579.544901369438,20168.665768035375,15651.730342605437,20626.414734120754,44073.619296565135,37881.2928009983,13804.312990691353,18380.776308571854,10942.868781171093,11648.992746791588,79233.6775376485,
101435,Huntingdon College,Montgomery,AL,4,2,22.0,0.6949,1142.0,879,22566.0,20435.0,19992.0,22966.0,24589.0,24713.0,40908.0,29070.0,0.4007,0.4798,0.6699,0.5146036161,0.3456,61236.688213,27000.0,25000.0,15250.0,21306.0,525,49601.0,34151.0,71130.0,73200.0,huntingdon college,73003.7756898049,41985.63835116742,20973.318659091285,25236.74737011968,27711.260278711266,35050.63888067661,23160.455535162906,15651.730342605437,23570.992724477146,62849.84465469383,50907.63781793917,29835.790233412463,20518.648721925765,25658.574332140062,21867.263388823045,75128.3056445061,25364.013898807094
101675,Miles College,Fairfield,AL,3,2,22.0,,,1155,14271.0,13907.0,13677.0,16747.0,18889.0,,21154.0,13314.0,0.7194,0.158,0.5625,0.149776928,0.4164588529,26571.678053,31217.0,16500.0,15000.0,15250.0,867,32627.0,17195.0,47772.0,51200.0,miles college,49030.4565197998,21711.259256883633,14273.351729482873,19386.592422391743,32039.34859705665,17647.967425645933,14646.940571758832,15395.144599284036,17188.165773613982,27271.655058103806,33486.49218938935,13664.73034632451,14037.292845627184,16934.65905921244,15651.730342605437,52548.76023222284,
101693,University of Mobile,Mobile,AL,4,2,20.0,0.7789,1220.0,1307,22382.0,17550.0,21133.0,21633.0,24766.0,27447.0,41115.0,26910.0,0.2565,0.5685,0.7396,0.4438722966,0.3242857143,66981.292731,26500.0,22223.0,14300.0,19940.0,714,43611.0,28429.0,59995.0,73400.0,university of mobile,61575.446682269714,42198.09134663754,18012.319181162322,25418.41007639123,27198.088792068465,29177.90438753639,22971.608428078354,14676.704517984115,22202.877541087437,68745.77913604784,44759.843407958404,27618.88941111556,21689.706054444636,22808.419895325944,20465.27888731491,75333.57423916322,28170.03558776993
101912,Oakwood University,Huntsville,AL,4,2,21.0,0.4522,,1153,25669.0,23999.0,22444.0,24501.0,28074.0,27219.0,40176.0,22512.0,0.4437,0.4462,0.7113,0.2837301587,0.17623498,58300.05506,27000.0,20500.0,21500.0,20625.0,598,42488.0,23113.0,67182.0,75600.0,oakwood university,68951.77363127335,41234.355294722365,24631.205015881173,28813.55263202,27711.260278711266,23721.86514155013,26345.19778126813,22066.37392564045,25146.429188470545,59835.85185299473,43607.26024895868,23105.03301460548,23035.24169242206,21040.03095235485,21168.32382401555,77591.52878039154,27936.02938986081
102049,Samford University,Birmingham,AL,4,2,17.0,0.8236,1201.0,4206,32622.0,22716.0,24812.0,31527.0,34206.0,36235.0,57456.0,40150.0,0.1109,0.7704,0.9287,0.7767548907,0.1380552221,119188.063,19500.0,18538.0,15000.0,16500.0,664,58469.0,38802.0,91693.0,124000.0,samford university,94108.46624947674,58969.56187309757,23314.406981155746,35107.08774420732,20013.687979069247,39824.16004942795,33481.360474522924,15395.144599284036,32357.51491877519,122327.8309595717,60009.24730503589,41207.67037741694,25465.621853162367,19026.346038768497,16934.65905921244,127266.5286874147,37189.53763700381
102234,Spring Hill College,Mobile,AL,4,2,22.0,0.7657,1120.0,782,20449.0,15598.0,20141.0,22317.0,20642.0,26240.0,39936.0,24054.0,0.3161,0.521,0.7023,0.6072013093,0.2516339869,83236.990323,27000.0,19500.0,23125.0,20362.0,503,51500.0,32496.0,72223.0,84300.0,spring hill college,74125.56855960606,40988.032981133816,16008.897697308827,21185.771654561406,27711.260278711266,33352.04125988894,20987.687460717283,23734.181257229557,22904.89613481479,85429.70013545275,52856.66312420853,24687.653879411882,20671.573824945317,20013.687979069247,20898.395622041437,86520.71264797628,26931.239619014206
102270,Stillman College,Tuscaloosa,AL,3,2,22.0,0.6225,,706,15258.0,14804.0,13955.0,20841.0,15872.0,19343.0,26107.0,12126.0,0.763,0.25,0.5281,0.2526595745,0.4105058366,30744.601202,29067.0,16375.0,20344.0,16000.0,534,35421.0,18957.0,53304.0,51500.0,stillman college,54708.18584801575,26794.73600356722,15193.981376520058,16290.115671989082,29832.711204492607,19456.383744575167,15659.941086391722,20879.921448522295,21390.01390624524,31554.505410140788,36354.09445674932,12445.434894061214,14322.616192200581,16806.36618755174,16421.48757256964,52856.66312420853,19852.55213226341
102298,Talladega College,Talladega,AL,4,2,22.0,0.8542,,701,15560.0,12835.0,14385.0,14680.0,18723.0,22348.0,25185.0,15650.0,0.6662,0.3091,0.5441,0.1789181692,0.3980582524,30897.974359,28500.0,14750.0,12500.0,15000.0,394,32229.0,17337.0,48588.0,53300.0,talladega college,49867.95238600085,25848.447782197898,13173.112062120706,19216.219488826333,29250.77473863967,17793.70812785249,15969.896664323973,12829.287166070031,15066.714847832643,31711.918872118364,33078.00768602168,16062.267531919679,14763.94367071339,15138.558855962636,15395.144599284036,54704.08047612261,22936.712766986642
102377,Tuskegee University,Tuskegee,AL,4,2,19.0,0.4868,1120.0,2630,35013.0,34324.0,34069.0,34855.0,37772.0,36778.0,43454.0,25386.0,0.5767,0.5498,0.8068,0.4960173787,0.2306438468,53532.205314,27000.0,22937.0,19500.0,21000.0,900,49641.0,26919.0,78316.0,81200.0,tuskegee university,80379.07629583524,44598.707561152565,35228.19621505502,38767.026786943774,27711.260278711266,27628.12649787513,35935.3465236488,20013.687979069247,35773.18433386967,54942.40276850609,50948.69153687059,26054.742719828304,34966.47875686719,23541.22877825186,21553.20243899765,83339.04943079091,37746.84187149788
102395,United States Sports University,Daphne,AL,4,2,32.0,0.6137,,228,24076.0,21550.0,24731.0,,25993.0,31606.0,32606.0,13800.0,0.4462,,0.4286,0.4436090226,,58708.857143,,10819.0,,,73,55257.0,37678.0,77067.0,,united states sports university,79097.17392220152,33464.93898695035,22117.691074304734,26677.732904612665,,38670.55054745493,24710.233424824164,,,60255.4229983463,56712.63367484253,14163.533031341314,25382.488072326232,11104.004627976932,,,32438.59601366475
102669,Alaska Pacific University,Anchorage,AK,4,2,22.0,0.9645,,457,21616.0,19404.0,13365.0,16037.0,,31181.0,34026.0,20760.0,0.3204,0.4722,0.68,0.5701357466,,78345.556962,23500.0,11250.0,16000.0,12500.0,160,54271.0,29511.0,79869.0,85000.0,alaska pacific university,81972.98693334778,34922.346009015906,19915.15905363383,,24119.059872211656,30288.407484631414,22185.429710541583,16421.48757256964,16459.462262581204,80409.4118760956,55700.65950318293,21306.880125409105,13717.073837962076,11546.358449463027,12829.287166070031,87239.1527292762,32002.40025001837
104586,Embry-Riddle Aeronautical University-Prescott,Prescott,AZ,4,2,22.0,0.7658,1250.0,3218,40287.0,39171.0,37924.0,37346.0,37587.0,42834.0,62798.0,44149.0,0.1825,0.6776,0.8216,0.6444394213,0.3554592721,89514.958303,23666.0,15000.0,14750.0,14000.0,3262,84131.0,55392.0,112155.0,115500.0,embry-riddle aeronautical university-prescott,115109.49616884674,64452.28603638926,40202.88060657033,38577.15333688594,24289.432805777065,56851.18997623609,41348.279364757065,15138.558855962636,38329.80468032411,91873.04845823775,86347.26068549101,45312.015927586064,38923.03091888319,15395.144599284036,14368.801625998434,118542.61341448707,43962.3749177155
104717,Grand Canyon University,Phoenix,AZ,4,2,17.0,0.7891,1077.0,73371,22472.0,18557.0,18763.0,21712.0,24471.0,25701.0,32702.0,17850.0,0.4594,0.4346,0.7205,0.3519825032,0.4744080533,69175.827368,22114.0,10764.0,15000.0,12500.0,19340,42186.0,21881.0,68589.0,96100.0,grand canyon university,70395.83819468618,33563.46791238577,19045.846555260923,25115.638899271977,22696.548511237812,22457.410598462266,23063.979295674057,15395.144599284036,22283.958635977,70998.12434036467,43297.304671026424,18320.222073148005,19257.273207757757,11047.555764446224,12829.287166070031,98631.55973274639,26378.04075641327
105589,Prescott College,Prescott,AZ,4,2,19.0,0.9451,,219,22583.0,22542.0,19587.0,16537.0,24832.0,25444.0,48532.0,35685.0,0.4163,0.5556,0.7391,0.525390625,0.2319587629,82030.468085,16300.0,12500.0,10500.0,12500.0,251,42359.0,19444.0,61057.0,63500.0,prescott college,62665.42291989903,49810.477179496855,23135.82330380405,25486.14871262808,16729.39046455532,19956.212772565254,23177.90336570876,10776.601219498825,16972.633749224005,84191.39451436861,43474.86200540483,36625.04900169672,20102.979817745094,12829.287166070031,12829.287166070031,65172.77880363575,26114.27061227887
105899,Arizona Christian University,Glendale,AZ,4,2,22.0,0.7062,,1165,32839.0,30522.0,29991.0,32259.0,34557.0,34323.0,54792.0,35098.0,0.3388,0.3987,0.5372,0.5551470588,0.3825503356,61651.677083,23000.0,6500.0,5500.0,6500.0,226,51612.0,30988.0,72457.0,52100.0,arizona christian university,74365.73281535489,56235.384192264726,31326.040230623155,35467.33412783056,23605.888385568855,31804.316056174248,33704.0768997259,5644.886353070813,33108.79797522025,63275.76556541006,52971.613537216515,36022.585676378076,30781.0521118085,6671.229326356416,6671.229326356416,53472.468908179886,35227.16987208173
106306,Arkansas Baptist College,Little Rock,AR,3,2,23.0,,,342,10627.0,7715.0,11741.0,19496.0,20055.0,,23060.0,8760.0,0.7936,0.0739,0.234,0.2544080605,0.4495289367,24540.288722,25375.0,9250.0,6500.0,8250.0,757,28418.0,13142.0,44142.0,42400.0,arkansas baptist college,45304.831526773065,23667.468963965992,7918.2360388984225,20583.30832924276,26043.45294712216,13488.199354919387,10906.946777106097,6671.229326356416,20009.582607176104,25186.752892224617,29166.61461483025,8990.764445981877,12050.292849346259,9493.672502891823,8467.32952960622,43516.942067309545,
106342,Lyon College,Batesville,AR,3,2,21.0,0.6276,,648,19616.0,16084.0,16695.0,17348.0,20936.0,23391.0,44978.0,31000.0,0.4061,0.4676,0.7131,0.6743295019,0.3,68280.881657,21500.0,9500.0,11185.0,9500.0,330,44232.0,29991.0,61811.0,71300.0,lyon college,63439.28552175637,46162.85425243983,16507.70038232563,21487.516488707373,22066.37392564045,30781.0521118085,20132.74376397038,11479.646156199464,17804.997900558632,70079.60309840774,45397.20239436877,31816.632171853675,17134.795939003132,9750.258246213223,9750.258246213223,73178.25399526345,24007.188488123527
106713,Central Baptist College,Conway,AR,3,2,22.0,0.6346,1046.0,484,12287.0,11750.0,12659.0,12067.0,14382.0,11408.0,30605.0,21330.0,0.3982,0.3411,0.6275,0.5753424658,0.3455497382,61779.966165,22250.0,13382.0,14000.0,12000.0,326,46789.0,29462.0,65716.0,67100.0,central baptist college,67447.15483243664,31411.226697405862,12059.529936105828,14760.864641793534,22836.131155604653,30238.11667894042,12610.676112760197,14368.801625998434,12384.880658637365,63407.434163270016,48021.561377060054,21891.8956201819,12992.475698822442,13734.521668507932,12316.115679427228,68867.61350746392,11708.520639242153
106810,Crowley's Ridge College,Paragould,AR,3,2,22.0,,,165,16315.0,15652.0,17238.0,12707.0,19956.0,18079.0,27340.0,16670.0,0.4178,0.3585,0.5385,0.5267857143,0.3956834532,55119.177778,26228.0,10500.0,22500.0,14500.0,90,39533.0,25001.0,51374.0,,crowley's ridge college,52727.34390957454,28060.21688962837,16064.320217866249,20481.70037488748,26918.92350333478,25659.600675113346,16744.785609154602,23092.716898926054,13041.74016154015,56571.18080573022,40574.416762899724,17109.13736467099,17692.100173497216,10776.601219498825,14881.973112641235,,18555.254614030408
107044,Harding University,Searcy,AR,4,2,17.0,0.7052,1182.0,3382,22130.0,15418.0,17430.0,19832.0,22017.0,26284.0,39534.0,26262.0,0.2381,0.6879,0.864,0.7277023036,0.2054794521,90168.721746,26500.0,22214.0,21480.0,22500.0,1671,52876.0,34804.0,76562.0,77800.0,harding university,78578.8707206923,40575.443105873004,15824.155962117418,22596.993242829107,27198.088792068465,35720.84084223211,22712.969998810382,22045.84706617474,20354.433846200067,92544.0339741518,54268.91105544951,26953.81916442649,17889.15802436805,22799.182808566373,23092.716898926054,79849.48332161987,26976.398709838773
107080,Hendrix College,Conway,AR,4,2,21.0,0.5565,1282.0,1100,24149.0,15951.0,18838.0,26414.0,26396.0,27453.0,55013.0,38200.0,0.2319,0.7235,0.7964,0.7620320856,0.1920668058,89363.408537,26688.0,19488.0,19500.0,19500.0,321,60376.0,37323.0,84322.0,75800.0,hendrix college,86543.29219338857,56462.205989360846,16371.196766878644,27091.34912284676,27391.041271046157,38306.198791938536,24785.156461874012,20013.687979069247,27109.823296365903,91717.50642080056,61966.483355091535,39206.301579510015,19334.24893075418,20001.37186338982,20013.687979069247,77796.79737504867,28176.193645609645
107141,John Brown University,Siloam Springs,AR,4,2,19.0,0.7614,1195.0,1471,20397.0,17484.0,17210.0,16655.0,21433.0,24627.0,44710.0,31756.0,0.237,0.7179,0.8148,0.7462871287,0.2888283379,81714.051527,21250.0,15735.0,16750.0,17334.0,718,53907.0,36159.0,85072.0,106800.0,john brown university,87313.04942335277,45887.79433559928,17944.580544925473,21997.608946430315,21809.78818231905,37111.535571034095,20934.317626106433,17191.24480253384,17093.74222007171,83866.6426034341,55327.07066090697,32592.54745965759,17663.36257024522,16149.506684648954,17790.629098932633,109613.42954690233,25275.74840310453
107512,Ouachita Baptist University,Arkadelphia,AR,4,2,21.0,0.6752,1211.0,1602,22409.0,15207.0,15954.0,18007.0,19151.0,26281.0,47321.0,34500.0,0.2341,0.614,0.8254,0.6861471861,0.2354892206,79222.702791,21050.0,14750.0,15000.0,15000.0,498,51673.0,34167.0,70232.0,77700.0,ouachita baptist university,72082.11969979444,48567.575838847995,15607.597594754156,19655.494281392574,21604.519587661933,35067.06036824918,22999.319688357064,15395.144599284036,18481.357919953844,81309.66433423654,53034.22045858693,35408.832578353285,16374.275795798501,15138.558855962636,15395.144599284036,79746.84902429131,26973.319680918918
107558,University of the Ozarks,Clarksville,AR,3,2,22.0,0.5951,1105.0,767,17360.0,14664.0,14551.0,19291.0,18632.0,22836.0,38666.0,25950.0,0.3984,0.5148,0.6862,0.59030837,0.346875,57297.348624,20875.0,10900.0,13000.0,9375.0,226,44384.0,32523.0,60124.0,62900.0,university of the ozarks,61707.84492582356,39684.5774050611,15050.293360260073,19122.822278257343,21424.909567336952,33379.75252016765,17817.31401623806,13342.458652712832,19799.182297652555,58806.73114813788,45553.206526308175,26633.600156761382,14934.316604278802,11187.138408813067,9621.965374552523,64556.973019664394,23437.568137950017
107600,Philander Smith University,Little Rock,AR,4,2,22.0,,,751,14224.0,13393.0,14606.0,16686.0,12847.0,15800.0,28136.0,13014.0,0.6781,0.3038,0.6568,0.3868921776,0.4303405573,27161.282828,24736.0,15000.0,15000.0,14890.0,321,38427.0,19226.0,51858.0,57200.0,philander smith university,53224.09390864477,28877.18589636371,13745.811441214073,13185.428177800135,25387.61978719266,19732.470004388993,14598.70245201441,15395.144599284036,17125.55885224356,27876.791775940696,39439.281434445846,13356.82745433883,14990.76546780951,15395.144599284036,15282.24687222262,58706.81807193646,16216.218977912518
107877,Williams Baptist University,Walnut Ridge,AR,4,2,22.0,0.8342,980.0,478,15745.0,10733.0,19044.0,15655.0,15195.0,24028.0,33597.0,21070.0,0.5438,0.2564,0.7015,0.6174242424,0.3235294118,57041.252174,21820.0,8411.0,11500.0,9500.0,275,38484.0,24778.0,50005.0,61900.0,williams baptist university,51322.28037914655,34482.044873476385,11015.739132274372,15595.281479074729,22394.803677091844,25430.726192070655,16159.77011438181,11802.944192784427,16067.399246786106,58543.88835619699,39497.78298392313,21625.046447127643,19545.675583251013,8632.570748305203,9750.258246213223,63530.63004637879,24660.968962106454
109651,Art Center College of Design,Pasadena,CA,4,2,20.0,0.7454,,2017,48661.0,39645.0,42161.0,44738.0,45677.0,61144.0,75649.0,54170.0,0.216,0.7917,0.8594,0.6971830986,0.2428842505,66472.693671,31000.0,28500.0,23288.0,27906.0,510,71958.0,28421.0,125307.0,114700.0,art center college of design,128607.95895349898,77641.81958608254,40689.36717590771,46880.267990766464,31816.632171853675,29169.693643750106,49942.8754230507,23901.47516187511,45916.53193885128,68223.78206459718,73853.58767168538,55596.99886288108,43271.64609669428,29250.77473863967,28641.127012508023,117721.5390358586,62754.714758574875
109785,Azusa Pacific University,Azusa,CA,4,2,16.0,0.8843,1195.0,2759,22212.0,15781.0,20495.0,22998.0,,27193.0,56313.0,44458.0,0.3515,0.6179,0.8402,0.6398247056,0.3798259924,83629.777879,23219.0,20500.0,18500.0,20000.0,2601,66677.0,38819.0,98212.0,92800.0,azusa pacific university,100799.19609232558,57796.45185463213,16196.718461420092,,23830.657496718402,39841.6078799738,22797.1301226198,18987.345005783645,23603.835699622283,85832.83488354736,68433.47042976411,45629.15590633131,21034.899237488422,21040.03095235485,20526.85946571205,95244.6279209039,27909.344472555385
110097,Biola University,La Mirada,CA,4,2,17.0,0.7435,1261.0,3474,31495.0,27144.0,25410.0,26825.0,29846.0,37314.0,62757.0,48984.0,0.2604,0.676,0.839,0.7403017241,0.2355072464,90408.023704,23875.0,19500.0,18375.0,19656.0,1319,56778.0,32980.0,83447.0,84500.0,biola university,85645.24209176366,64410.205974484554,27859.05366686439,30632.23238068209,24503.93848719376,33848.791258959165,32324.67194363005,18859.052134122943,27531.650258386286,92789.6398572386,58273.70133720993,50274.38420342195,26079.374951187157,20013.687979069247,20173.797482901802,86725.98124263341,38296.96170517897
110361,California Baptist University,Riverside,CA,4,2,18.0,0.8488,,8179,26285.0,22298.0,21941.0,22620.0,26179.0,33971.0,54038.0,41228.0,0.4206,0.6188,0.7436,0.5394831299,0.4160798122,75663.119057,26063.0,21500.0,19000.0,21000.0,1989,61504.0,34450.0,88303.0,76500.0,california baptist university,90629.16357003855,55461.521590407385,22885.395618322364,26868.632697643785,26749.576912742657,35357.515429689,26977.42505281206,19500.516492426446,23215.878055720328,77656.3105810239,63124.19822895769,42314.06810261882,22518.991176859403,22066.37392564045,21553.20243899765,78515.23745634858,34865.8971454852
110370,California College of the Arts,San Francisco,CA,4,2,30.0,0.911,,990,53909.0,61407.0,43261.0,45378.0,46060.0,56394.0,79776.0,60226.0,0.2509,0.6122,0.867,0.6337792642,0.2441860465,75828.647651,27000.0,23875.0,14460.0,23750.0,404,49414.0,18349.0,93969.0,100300.0,california college of the arts,96444.42285667478,81877.53703683222,63024.64296054899,47273.35734953485,27711.260278711266,18832.367216817518,55329.12334685354,14840.919393709812,46573.391441754065,77826.19969035366,50715.71168193476,61812.53190909869,44400.62336730845,24503.93848719376,24375.645615533056,102942.20022054593,57879.58563546826
110404,California Institute of Technology,Pasadena,CA,4,2,15.0,0.0257,,987,16075.0,-2133.0,-2886.0,431.0,18753.0,54157.0,86886.0,65898.0,0.1799,0.9437,0.9737,,,,,,,,67,128566.0,78105.0,225460.0,189000.0,california institute of technology,231399.2867569719,89174.83557689284,-2189.18956201819,19247.0097780249,,80162.51792847198,16498.46329556606,,442.35382148609466,,131952.81070343676,67633.94925357462,-2962.0258209022486,,,193978.82195097886,55583.65640422837
110413,California Lutheran University,Thousand Oaks,CA,4,2,18.0,0.7567,1266.0,2296,30109.0,22161.0,23668.0,24318.0,29303.0,38364.0,68426.0,52560.0,0.3109,0.696,0.7878,0.7060260586,0.3538587849,89200.654511,21669.0,18750.0,17500.0,19373.0,1025,68712.0,44592.0,96084.0,96300.0,california lutheran university,98615.13824517382,70228.54429004063,22744.786630982235,30074.92814618801,22239.82588812572,45766.685864751584,30902.160582656204,17961.002032498043,24958.60842435928,91550.46496984153,70522.07838040031,53944.58667589126,24291.485491723637,19243.930749105046,19883.342421461977,98836.82832740352,39374.62182712885
111081,California Institute of the Arts,Valencia,CA,4,2,19.0,0.3234,,860,46080.0,26686.0,40899.0,51847.0,38627.0,58873.0,77560.0,58996.0,0.2424,0.6667,0.8239,0.6650366748,0.1573426573,105111.06693,25000.0,20000.0,14000.0,20000.0,272,41198.0,13878.0,89495.0,96900.0,california institute of the arts,91852.56439419498,79603.16100803133,27388.988585099585,39644.55002910297,25658.574332140062,14243.58778325759,47293.88420900056,14368.801625998434,53212.804135938626,107880.00495815816,42283.277813420245,60550.1300519574,41976.401264407854,20526.85946571205,20526.85946571205,99452.63411137488,60423.88986624327
111638,Casa Loma College-Los Angeles,Sherman Oaks,CA,3,2,10.0,0.4255,,758,27596.0,25094.0,30488.0,,,32018.0,,,0.4916,0.7324,,0.3695380774,0.5291479821,56712.929577,26791.0,20752.0,19500.0,20053.0,593,49854.0,24231.0,76711.0,84600.0,casa loma college-los angeles,78731.79582371184,,25755.050571628908,,27496.754597294574,24869.31658568343,28322.960690789485,20013.687979069247,,58206.91676579516,51167.30259018042,,31291.144569531447,21298.66938162282,20581.255643296186,86828.61553996196,32861.449318658415
111948,Chapman University,Orange,CA,4,2,16.0,0.6543,1357.0,7478,46555.0,33559.0,33978.0,33709.0,40011.0,55066.0,83146.0,64984.0,0.1939,0.8188,0.9181,0.676021461,0.1787741203,110049.23737,20500.0,19000.0,16851.0,19000.0,2241,70070.0,42691.0,100753.0,90100.0,chapman university,103407.1335874443,85336.3128568047,34443.04384049153,41065.00870413024,21040.03095235485,43815.60787253566,47781.39712131122,17294.905442835687,34596.99528648437,112948.26149013883,71915.85213812217,66695.87177599159,34873.0815462982,19500.516492426446,19500.516492426446,92473.50189303278,56516.602166944984
111966,Charles R Drew University of Medicine and Science,Los Angeles,CA,4,2,26.0,0.3874,,282,35558.0,35636.0,35686.0,,33075.0,37834.0,39834.0,23000.0,0.5359,0.2963,0.5,0.4636363636,0.4770642202,73647.628571,18750.0,16902.0,11250.0,14794.0,122,83438.0,46338.0,133748.0,136200.0,charles r drew university of medicine and science,137271.31999100276,40883.34599785868,36574.75819600573,33946.2938414213,19243.930749105046,47558.68069610825,36494.70344408945,11546.358449463027,,75587.72608299382,85636.00500500409,23605.888385568855,36626.07534467001,17347.248934473253,15183.717946787203,139787.91296149904,38830.66005128748
112075,Concordia University-Irvine,Irvine,CA,4,2,17.0,0.6599,,1536,28115.0,25431.0,26012.0,22202.0,26339.0,31967.0,58682.0,43480.0,0.2423,0.5831,0.7483,0.6862955032,0.2838633687,90936.56623,24247.0,18750.0,18667.0,19000.0,750,65083.0,39043.0,96875.0,84300.0,concordia university-irvine,99426.97553704273,60227.85835834572,26100.928153626155,27032.847573369483,24885.738073256,40071.50870598978,28855.632693924712,19158.74428232234,22786.866692886946,93332.1057648813,66797.47973034687,44625.392478457994,26697.23342110509,19243.930749105046,19500.516492426446,86520.71264797628,32809.10582702085
112084,San Diego Christian College,Santee,CA,4,2,20.0,0.3081,,87,992.0,992.0,,,,,31745.0,28012.0,0.45,0.1967,0.8571,0.451171875,0.4083769634,71175.761062,24941.0,15750.0,12000.0,14000.0,294,49766.0,22595.0,80011.0,75800.0,san diego christian college,82118.72763555433,32581.25768695145,1018.1322294993176,,25598.02009671621,23190.219481388187,1018.1322294993176,12316.115679427228,,73050.74223423869,51076.98440853129,28749.919367676295,,16164.901829248238,14368.801625998434,77796.79737504867,
112260,Claremont McKenna College,Claremont,CA,4,2,21.0,0.0959,1527.0,1388,28849.0,15308.0,7360.0,16389.0,19325.0,52295.0,86500.0,67980.0,0.181,0.9136,0.9813,,,,13500.0,13500.0,11948.0,10987.0,136,104736.0,66067.0,182223.0,164000.0,claremont mckenna college,187023.29562102232,88778.66718920461,15711.258235056002,19834.077958744267,13855.630139355633,67807.4012160599,29608.968436316343,12262.745844816378,16820.734989177738,,107495.05765004085,69770.79532395526,7553.884283382034,13855.630139355633,11276.430247488914,168320.2476188388,53672.60578797058
112570,California College of ASU,Los Angeles,CA,3,2,30.0,,,71,17683.0,15386.0,19980.0,,,,31890.0,25186.0,0.4631,0.3723,0.25,0.3833333333,0.2953367876,79813.421875,25000.0,12000.0,15907.0,12668.0,132,42014.0,18032.0,64671.0,,california college of asu,66374.6264253532,32730.07741807786,15791.31298697228,,25658.574332140062,18507.016494285985,18148.822796609307,16326.037676054078,,81915.94471528564,43120.7736796213,25849.474125171182,20506.332606246335,12316.115679427228,13001.71278558201,,
113698,Dominican University of California,San Rafael,CA,4,2,19.0,0.835,1290.0,1114,35333.0,24572.0,29275.0,30313.0,35343.0,43317.0,71751.0,52161.0,0.319,0.7805,0.8548,0.7153196622,0.306122449,95640.345815,27000.0,23375.0,25624.0,23250.0,608,84713.0,54435.0,132065.0,124200.0,dominican university of california,135543.98476696308,73641.13467621525,25219.29953957382,36274.03970483305,27711.260278711266,55868.979750801765,36263.776275100194,26299.012347470278,31111.534549206466,98159.79688983032,86944.59229594324,53535.07582955031,30046.190542936012,23990.767000550957,23862.474128890255,127471.79728207183,44458.098573812444
114813,Fresno Pacific University,Fresno,CA,4,2,18.0,0.6407,,1544,13630.0,11133.0,11929.0,10799.0,15744.0,20353.0,44249.0,36660.0,0.5835,0.5,0.7157,0.5337209302,0.4657631954,59866.214539,23146.0,19500.0,18750.0,19548.0,1403,58896.0,36450.0,81151.0,73300.0,fresno pacific university,83288.75862509992,45414.65022491462,11426.276321588612,16158.743771408524,23755.734459668554,37410.20137626021,13989.054725882761,19243.930749105046,11083.47776851122,61443.268629311024,60447.49575462884,37625.733400650184,12243.245328323952,20013.687979069247,20062.952441786958,75230.93994183466,20889.158535281866
115409,Harvey Mudd College,Claremont,CA,3,2,21.0,0.1266,1545.0,921,35924.0,27979.0,23883.0,17968.0,25468.0,50665.0,90165.0,68613.0,0.1517,0.9188,0.9641,,,,25000.0,19000.0,19500.0,24445.0,158,138687.0,79299.0,208094.0,146900.0,harvey mudd college,213575.81468289415,92540.21418629635,28716.05004955787,26138.902843637723,25658.574332140062,81387.97143857498,36870.344972311985,20013.687979069247,18441.330543995704,,142340.42793606035,70420.47042604504,24512.14923098004,19500.516492426446,25088.95398196655,150769.78277565498,51999.666741515044
115773,Humphreys University,Stockton,CA,4,2,20.0,,,149,5524.0,6324.0,,4724.0,,,20918.0,13500.0,0.5246,0.6154,1.0,0.2561576355,0.5897435897,32922.575221,35500.0,25529.0,19917.0,25000.0,549,39248.0,19100.0,58278.0,62500.0,humphreys university,59813.215797138335,21469.04231518823,6490.5929630581495,,36435.17555163889,19603.150789755007,5669.5185844296675,20441.67299892934,4848.4442058011855,33789.853740540035,40281.90901551332,13855.630139355633,,26201.509765008144,25658.574332140062,64146.43583035015,
117104,Life Pacific University,San Dimas,CA,4,2,22.0,0.958,,456,20898.0,16786.0,18984.0,18255.0,23108.0,25877.0,35062.0,22118.0,0.5379,0.404,0.7302,0.5172413793,0.3714285714,62220.729412,22395.0,15400.0,12000.0,14000.0,168,43299.0,26248.0,68649.0,72800.0,life pacific university,70457.41877308332,35985.63732933979,17228.193149572122,23716.733426683702,22984.950886731065,26939.450362800493,21448.515455722518,12316.115679427228,18735.890977328672,63859.80842471102,44439.6244002933,22700.653883130955,19484.095004853876,15805.681788598276,14368.801625998434,74717.76845519185,26558.677119711534
117140,University of La Verne,La Verne,CA,4,2,17.0,0.7117,1083.0,3050,20161.0,20151.0,27212.0,,,,62278.0,49470.0,0.514,0.6312,0.6445,0.5224144017,0.5062086093,65579.864224,23500.0,21950.0,19804.0,21500.0,2109,65464.0,41064.0,90462.0,96200.0,university of la verne,92845.03804936216,63918.58769028075,20681.837254678176,,24119.059872211656,42145.74785499998,20692.10068441103,20325.69624294807,,67307.43283532627,67188.51640316867,50773.18688843875,27928.84498904781,22528.228263618974,22066.37392564045,98734.19403007496,
117168,Laguna College of Art and Design,Laguna Beach,CA,4,2,30.0,0.9432,,746,42505.0,37203.0,38156.0,40258.0,44233.0,46889.0,57989.0,37500.0,0.299,0.5172,0.8421,0.6129032258,0.219895288,86862.69186,27000.0,19500.0,15250.0,18045.0,159,47867.0,23848.0,75920.0,,laguna college of art and design,77919.95853184293,59516.6026778588,38183.03763514427,45398.228737342055,27711.260278711266,24476.227226915045,43624.70807950453,15651.730342605437,41318.51541853178,89150.91343118351,49127.95910226193,38487.86149821009,39161.142488685444,20013.687979069247,18520.358952938695,,48124.19567438861
117627,La Sierra University,Riverside,CA,4,2,19.0,0.915,,1116,45566.0,44988.0,44593.0,45518.0,47266.0,45999.0,51459.0,37710.0,0.4725,0.5973,0.7729,0.5204678363,0.3961584634,70255.133829,27000.0,22404.0,15000.0,20463.0,684,61824.0,37425.0,91365.0,87100.0,la sierra university,93771.82575423906,52814.58306230381,46173.117682172684,48511.12697531728,27711.260278711266,38410.88577521367,46766.34392073176,15395.144599284036,46717.07945801405,72105.86294263377,63452.62798040908,38703.39352260007,45767.71220772487,22994.187973490636,21002.05626234328,89394.47297317597,47210.75042816443
117672,Southern California University of Health Sciences,Whittier,CA,4,2,26.0,,,158,45848.0,45723.0,45973.0,,,,57740.0,10476.0,0.0694,0.5,,0.4482758621,,,11400.0,9900.0,,10000.0,114,70649.0,,119128.0,,southern california university of health sciences,122266.18572156725,59261.04327751068,46927.4797675376,,11700.309895455868,,47055.7726391983,,,,72510.10471965453,10751.968988139972,47184.065510859,10160.795435527463,10263.429732856024,,
117751,The Master's University and Seminary,Santa Clarita,CA,4,2,17.0,0.8402,,1622,32647.0,24624.0,25104.0,27712.0,31542.0,36535.0,54845.0,39020.0,0.2124,0.6773,0.8467,0.7686567164,0.2282608696,88469.93883,20500.0,14500.0,17500.0,15838.0,398,57106.0,30389.0,83256.0,90600.0,the master's university and seminary,85449.21058386611,56289.780369848864,25272.669374184676,32372.91006337447,21040.03095235485,31189.536615176174,33507.019048855065,17961.002032498043,28442.016475690616,90800.50006517756,58610.341832447615,40047.902817604205,25765.314001361763,14881.973112641235,16255.220010897372,92986.67337967557,37497.440528989486
117946,Loyola Marymount University,Los Angeles,CA,4,2,16.0,0.4508,1359.0,7094,48381.0,32268.0,34535.0,34351.0,40557.0,58371.0,83943.0,62357.0,0.1322,0.7887,0.8858,0.7843866171,0.2240373396,116484.47005,19500.0,13950.0,15500.0,15000.0,1570,78349.0,48957.0,115071.0,113000.0,loyola marymount university,118102.31227894756,86154.30820651332,33118.03506197982,41625.39196754418,20013.687979069247,50246.67294314324,49655.49939053073,15908.316085926837,35255.907475333726,119553.0173327147,80412.94561395366,63999.66878517031,35444.75458241828,14317.484477334154,15395.144599284036,115976.75598127308,59908.6656936539
118693,Menlo College,Atherton,CA,4,2,29.0,0.6847,,752,31100.0,25546.0,27618.0,28103.0,31596.0,37298.0,72020.0,53630.0,0.3105,0.535,0.6994,0.6470588235,0.4006849315,77390.917293,21750.0,13000.0,12000.0,13125.0,274,76419.0,42007.0,118127.0,115800.0,menlo college,121238.81640530836,73917.22093602909,26218.957595554,32428.332583931893,22322.959668961852,43113.5892788083,31919.266469182236,12316.115679427228,28843.316578245285,79429.62415979778,78432.10367551245,55042.77365730686,28345.540236201767,13342.458652712832,13470.751524373532,118850.51630647277,38280.5402176064
118888,Northeastern University Oakland,Oakland,CA,4,2,19.0,0.1665,1472.0,464,25181.0,8161.0,10185.0,26241.0,9898.0,38398.0,85418.0,67778.0,0.2674,,0.0021,0.7869451697,0.1851581509,120020.99222,24250.0,21950.0,21500.0,21500.0,1663,92538.0,61560.0,135313.0,112700.0,northeastern university oakland,138877.54674419473,87668.16409210958,8375.9850049838,10158.742749580893,24888.817102175857,63181.673435461686,25844.342410304755,22066.37392564045,26932.265961987494,123182.70201176296,94975.72606190307,69563.47404335155,10453.30318291386,22528.228263618974,22066.37392564045,115668.8530892874,39409.51748822056
119173,Mount Saint Mary's University,Los Angeles,CA,4,2,18.0,0.7313,,1719,21413.0,23849.0,13718.0,17876.0,30247.0,18762.0,66726.0,49564.0,0.571,0.5325,0.7114,0.5858895706,0.4972592013,58328.736253,25949.0,22375.0,18914.0,22250.0,1078,72379.0,44640.0,114343.0,103700.0,mount saint mary's university,117355.13459439564,68483.76123545511,24477.253569888333,31043.795912969617,26632.573813788098,45815.95032746929,21977.082086964605,19412.250996723884,18346.90699045343,59865.28859389573,74285.67806343862,50869.6631279276,14079.372907531893,22964.424027265355,22836.131155604653,106431.76632971698,19256.246864784473
119605,National University,San Diego,CA,4,2,18.0,,,10794,22878.0,21554.0,26583.0,25176.0,,,33978.0,13284.0,0.2884,0.4286,0.5263,0.4979396736,0.4400887574,57954.55,25000.0,20000.0,18000.0,19125.0,3933,67548.0,42112.0,100253.0,91100.0,national university,102893.9621008015,34873.0815462982,22121.796446197874,,25658.574332140062,43221.35529100329,23480.674542828012,18474.173519140844,25839.210695438327,59481.24516242911,69327.41515949587,13633.940057125943,27283.27525885117,20526.85946571205,19628.809364087145,93499.84486631838,
120254,Occidental College,Los Angeles,CA,3,2,21.0,0.4417,1452.0,1877,38263.0,20705.0,17655.0,21468.0,28033.0,54959.0,84800.0,66274.0,0.1656,0.8088,0.8985,0.8759541985,0.1759259259,,23000.0,19000.0,19248.0,19500.0,435,75951.0,53141.0,105789.0,94200.0,occidental college,108575.7968009106,87033.88413461909,21250.4312618784,28771.472570115293,23605.888385568855,54540.891943370196,39270.96118682701,19755.049549801275,22033.53095049531,,77951.77516401479,68019.85421153001,18120.08519335731,19500.516492426446,20013.687979069247,96681.50808350375,56406.78346880342
120403,Otis College of Art and Design,Los Angeles,CA,4,2,30.0,0.8176,1310.0,1223,51248.0,44731.0,44821.0,28167.0,52495.0,60718.0,75861.0,56488.0,0.3363,0.663,0.7447,0.6936416185,0.2419354839,71376.290323,27000.0,21500.0,19399.0,20014.0,348,58152.0,24657.0,89129.0,101500.0,otis college of art and design,91476.92286597246,77859.40429641909,45909.34753803828,53877.8743826277,27711.260278711266,25306.5386923031,52598.024694940555,19910.027338767402,28909.002528535562,73256.55403220419,59683.89658250435,57976.06187495711,46001.71840563398,22066.37392564045,20541.228267338047,104173.81178848865,62317.49265195521
120537,Hope International University,Fullerton,CA,4,2,19.0,0.3298,1020.0,564,29310.0,27991.0,31016.0,34451.0,33634.0,34049.0,51784.0,38050.0,0.4426,0.4944,0.5244,0.5446428571,0.3863134658,66677.189744,23000.0,17750.0,15000.0,15250.0,444,49697.0,28526.0,66867.0,73700.0,hope international university,68628.47559468838,53148.14452862163,28728.366165237298,34520.01956348795,23605.888385568855,29277.459655945095,30082.11254700101,15395.144599284036,35358.54177266229,68433.66517218524,51006.16674337458,39052.350133517175,31833.053659426245,18217.587775819444,15651.730342605437,75641.4771311489,34945.95189740148
120865,Pacific Union College,Angwin,CA,4,2,22.0,0.473,,805,41008.0,41008.0,,,,,49404.0,37173.0,0.34,0.5828,0.8864,0.5951219512,0.2572463768,81471.806517,27500.0,21482.0,19500.0,20834.0,634,70484.0,38738.0,111035.0,110900.0,pacific union college,113959.99203876687,50705.4482522019,42088.272648495986,,28224.431765354067,39758.47409913767,42088.272648495986,20013.687979069247,,83618.0161396071,72340.75812906241,38152.247345945696,,22047.89975212131,21382.82950543224,113821.43573737331,
120883,University of the Pacific,Stockton,CA,4,2,17.0,0.7132,1346.0,3204,25447.0,17004.0,18152.0,19209.0,24323.0,38662.0,71515.0,57080.0,0.3612,0.6905,0.8846,0.7276096356,0.350177305,73794.639474,19500.0,19500.0,15000.0,18500.0,1451,78445.0,50494.0,122307.0,154800.0,university of the pacific,125528.93003364217,73398.91773451986,17451.935917748382,24963.74013922571,20013.687979069247,51824.16209308321,26117.349641198725,15395.144599284036,19715.022173843136,75738.60969028424,80511.47453938908,58583.656915142186,18630.177651080256,20013.687979069247,18987.345005783645,158877.89226461126,39680.472033167964
121150,Pepperdine University,Malibu,CA,4,2,17.0,0.6286,1384.0,3553,58098.0,50560.0,42674.0,51063.0,61851.0,65081.0,93512.0,69918.0,0.2025,0.8335,0.8757,0.744732577,0.1761658031,111141.04612,23510.0,21975.0,19500.0,20500.0,933,82939.0,55698.0,126331.0,137800.0,pepperdine university,129658.93415814344,95975.38411788325,51891.900729320056,63480.3392406878,24129.323301944514,57165.25092606148,59628.47406194693,20013.687979069247,52408.15124488272,114068.83172887306,85123.85986133458,71759.84800618274,43798.160041989795,22553.886837951115,21040.03095235485,141430.061718756,66795.42704440029
121257,Pitzer College,Claremont,CA,3,2,21.0,0.2516,,1227,34191.0,14535.0,7769.0,20846.0,29452.0,46793.0,86466.0,65192.0,0.1055,0.8339,0.938,0.8376068376,0.23,100195.275,16750.0,12750.0,14000.0,13500.0,155,69512.0,32990.0,95186.0,90700.0,pitzer college,97693.48225516336,88743.7715281129,14917.895116706231,30227.85324920756,17191.24480253384,33859.05468869203,35091.69259960803,14368.801625998434,21395.145621111667,102834.71645266858,71343.1527590288,66909.35111443499,7973.6585594558455,13085.872909391432,13855.630139355633,93089.30767700414,48025.6667489532
121309,Point Loma Nazarene University,San Diego,CA,4,2,18.0,0.8368,1287.0,3188,38729.0,30999.0,32117.0,32888.0,33003.0,41680.0,60488.0,46250.0,0.2144,0.7717,0.8554,0.7935299715,0.2931174089,104638.83646,22990.0,18548.0,19688.0,18750.0,837,63998.0,37877.0,93468.0,90300.0,point loma nazarene university,95930.22502705868,62081.433768099516,31815.60582888039,33872.39714734474,23595.624955836,38874.79279913876,39749.23701237809,20206.64045804694,33754.367705416895,107395.3345335023,65683.89760433199,47468.36251445911,32963.05727301369,19036.609468501352,19243.930749105046,92678.7704876899,42777.97512654391
121345,Pomona College,Claremont,CA,3,2,21.0,0.0709,1534.0,1666,19285.0,4841.0,7026.0,17054.0,15719.0,37842.0,85300.0,65420.0,0.1953,0.932,0.9755,0.8510638298,0.2991803279,,11782.0,5500.0,12000.0,8152.0,135,77779.0,44975.0,118516.0,133700.0,pomona college,121638.06382191645,87547.05562126188,4968.526333675602,16133.085197076385,12092.372911250968,46159.775223519966,19793.024239812843,12316.115679427228,17503.253066412664,,79827.93011918088,67143.35731234412,7211.085730304642,5644.886353070813,8366.747918224231,137222.05552828504,38838.870795073766
121691,University of Redlands,Redlands,CA,4,2,18.0,0.8271,1241.0,2049,30031.0,28287.0,25728.0,26196.0,25767.0,38257.0,76630.0,60878.0,0.3645,0.6727,0.8402,0.6832579186,0.3523459062,94870.63109,26000.0,20656.0,20500.0,22000.0,1518,72690.0,44770.0,100345.0,97100.0,university of redlands,102988.38565434377,78648.66204287572,29032.163685329837,26445.779392650118,26684.917305425664,45949.37491399642,30822.105830739925,21040.03095235485,26886.080528189643,97369.8055903921,74604.87072813044,62481.707527680905,26405.75201669198,21200.140456187404,22579.545412283253,99657.902706032,39264.80312898729
122436,University of San Diego,San Diego,CA,4,2,16.0,0.5238,,5671,30365.0,15586.0,17441.0,19557.0,27012.0,46989.0,78720.0,59486.0,0.2092,0.8367,0.914,0.800768738,0.2486231314,113981.19734,22940.0,20010.0,18000.0,20500.0,1271,86522.0,56511.0,125761.0,113700.0,university of san diego,129073.91866337064,80793.71885704262,15996.5815816294,27723.576394390693,23544.30780717172,57999.66776334268,31164.904383817317,18474.173519140844,20072.189528546525,116983.8009765886,88801.2467346169,61053.038108867346,17900.447797074194,20537.122895444903,21040.03095235485,116695.196062573,48226.829971717176
122612,University of San Francisco,San Francisco,CA,4,2,17.0,0.6171,1295.0,5287,41431.0,31537.0,33207.0,34315.0,38933.0,52497.0,80141.0,60492.0,0.2796,0.7006,0.8369,0.7321924144,0.2801204819,92435.59064,23000.0,19500.0,18500.0,19500.0,1657,89812.0,55032.0,140551.0,122100.0,university of san francisco,144253.5312382647,82252.15222208147,32367.778348508044,39958.61097892836,23605.888385568855,56481.706505853275,42522.415726195795,18987.345005783645,35218.95912829545,94870.6189348684,92177.91511672652,62085.53913999266,34081.771113894996,20013.687979069247,20013.687979069247,125316.47703817206,53879.92706857427
122728,William Jessup University,Rocklin,CA,4,2,19.0,0.9333,1150.0,1294,28062.0,23123.0,22690.0,24674.0,30717.0,34753.0,53703.0,37150.0,0.3172,0.5598,0.7688,0.6157989228,0.3268892794,75419.973995,23700.0,14125.0,15000.0,15000.0,440,56257.0,30885.0,79790.0,73400.0,william jessup university,81891.90583845822,55117.69669435671,23732.128571282985,31526.17711041385,24324.328466868777,31698.60272992583,28801.236516340574,15395.144599284036,25323.986522848954,77406.76035515111,57738.97664812813,38128.64145756013,23287.72206385032,14497.094497659135,15395.144599284036,75333.57423916322,35668.49735059454
122931,Santa Clara University,Santa Clara,CA,4,2,17.0,0.48,1426.0,6552,50062.0,22985.0,19154.0,26531.0,37219.0,60678.0,82026.0,61293.0,0.1127,0.8792,0.9392,0.8798674399,0.1650589496,141343.2868,19162.0,14472.0,17000.0,16001.0,1144,109183.0,70946.0,160882.0,139000.0,santa clara university,165120.1102281343,84186.80872672482,23590.493240969572,38199.459122716835,19666.784054098713,72814.92858272036,51380.78192862383,17447.830545855242,27229.905424240318,145066.68922827163,112059.20485224194,62907.63986159443,19658.57331031243,14853.235509389238,16422.513915542924,142661.67328669873,62276.43893302378
123165,Scripps College,Claremont,CA,4,2,21.0,0.3829,1492.0,1113,36294.0,6948.0,4522.0,15831.0,36472.0,54572.0,87564.0,65950.0,0.11,0.8254,0.9382,0.923566879,,123458.37725,13500.0,9901.0,12500.0,12000.0,135,77539.0,50918.0,112196.0,95900.0,scripps college,115151.57623075145,89870.6961127805,7131.030978388366,37432.78092167249,13855.630139355633,52259.331513756304,37250.091872427656,12829.287166070031,16248.035610084373,126710.63798378059,79581.60780559233,67687.31908818548,4641.122925197494,10161.82177850075,12316.115679427228,98426.29113808928,56009.588738141894
123457,Simpson University,Redding,CA,4,2,21.0,0.8603,,809,27817.0,25511.0,22738.0,28479.0,29656.0,30163.0,54688.0,39708.0,0.4411,0.4884,0.6042,0.6647127784,0.3757455268,71949.904762,18750.0,12500.0,13988.0,14000.0,576,54340.0,34449.0,81376.0,63200.0,simpson university,83519.68579408918,56128.644523043025,26183.035591489002,30437.227215757826,19243.930749105046,35356.489086715716,28549.7824878856,14356.485510319008,29229.221536200672,73845.27918104701,55771.47716833963,40754.026783224705,23336.986526568027,12829.287166070031,14368.801625998434,64864.87591165007,30957.583103213627
123554,Saint Mary's College of California,Moraga,CA,4,2,18.0,0.8653,,1947,30378.0,19462.0,20127.0,23303.0,29049.0,40581.0,77659.0,57803.0,0.2671,0.703,0.8537,0.7582755966,0.2552083333,103882.28953,23691.0,23000.0,19500.0,20500.0,1078,78812.0,50156.0,121277.0,127400.0,saint mary's college of california,124471.796771158,79704.7689623866,19974.686946084395,29814.237030973465,24315.091380109207,51477.258168112676,31178.24684247003,20013.687979069247,23916.870306474393,106618.857907936,80888.1424105849,59325.702884827675,20657.20502331932,23605.888385568855,21040.03095235485,130756.09479658575,41650.02419890303
123651,Vanguard University of Southern California,Costa Mesa,CA,4,2,19.0,0.6244,,1933,21241.0,17225.0,18462.0,18976.0,24117.0,27684.0,52665.0,41700.0,0.4378,0.5677,0.7006,0.6570680628,0.3588362069,69033.230303,22000.0,14500.0,15460.0,14250.0,832,59541.0,33700.0,85469.0,90700.0,vanguard university of southern california,87720.50758374715,54052.35268808625,17678.7577148445,24752.313486728875,22579.545412283253,34587.7581997248,21800.55109555948,15867.262366995414,19475.884261067593,70851.77084469078,61109.48697239805,42798.50198600962,18948.343972798793,14881.973112641235,14625.387369319835,93089.30767700414,28413.27887243862
123952,Southern California Institute of Architecture,Los Angeles,CA,4,2,32.0,0.766,,236,43923.0,36824.0,38430.0,66362.0,,,71612.0,56162.0,0.2134,0.7143,0.9143,0.5666666667,,59831.875,,,,,60,71909.0,45640.0,97763.0,,southern california institute of architecture,100338.36809732034,73498.47300292856,37794.05364826902,,,46842.29330075489,45080.06241562351,,68110.17239317915,61408.0244847525,73803.29686599439,57641.474065666,39442.3604633657,,,,
123961,University of Southern California,Los Angeles,CA,4,2,15.0,0.0981,1495.0,20443,32740.0,13516.0,14394.0,19539.0,24976.0,56116.0,90300.0,72097.0,0.2224,0.9183,0.9593,0.8019733823,0.2471783296,86851.485541,18000.0,16938.0,15000.0,16750.0,3552,92498.0,58692.0,141338.0,143900.0,university of southern california,145061.26315824047,92678.7704876899,13872.051626928202,25633.942100781205,18474.173519140844,60238.12178807858,33602.46894537062,15395.144599284036,20053.715355027387,89139.41190442145,94934.67234297165,73996.24934497208,14773.180757472961,17384.197281511533,17191.24480253384,147690.7538557982,57594.26228889487
124292,Thomas Aquinas College,Santa Paula,CA,3,2,21.0,0.8309,1329.0,566,26196.0,19761.0,21236.0,20118.0,23185.0,29757.0,43426.0,30200.0,0.2672,0.843,0.9161,0.923566879,,,18000.0,,18000.0,18000.0,105,55619.0,22141.0,79990.0,,thomas aquinas college,82097.17443311533,44569.96995790057,20281.56349509679,23795.761835626694,18474.173519140844,22724.259771516525,26886.080528189643,18474.173519140844,20647.96793655975,,57084.16983117192,30995.557793225194,21795.419380693053,,18474.173519140844,,30540.88785605967
125727,Westmont College,Santa Barbara,CA,3,2,21.0,0.7705,1328.0,1302,29053.0,20899.0,15492.0,19867.0,24524.0,38124.0,71150.0,53584.0,0.2003,0.7035,0.85,0.8161434978,0.16875,113539.67695,23250.0,12907.0,19000.0,18148.0,383,64778.0,33002.0,97039.0,99100.0,westmont college,99595.29578466158,73024.30254927061,21449.541798695805,25170.035076856115,23862.474128890255,33871.37080437145,29818.34240286661,19500.516492426446,20390.355850265063,116530.64962674977,66484.44512349475,54995.56188053572,15900.105342140552,13247.00875619727,18626.072279187112,101710.5886526032,39128.2995135403
125763,Whittier College,Whittier,CA,4,2,21.0,0.8079,,764,25757.0,21718.0,19928.0,24973.0,26718.0,30599.0,63664.0,51350.0,0.3391,0.5996,0.6621,0.6729377713,0.3352517986,85313.592798,24937.0,18000.0,17750.0,18750.0,548,59492.0,37211.0,83711.0,85500.0,whittier college,85916.19663671106,65341.09905125459,22290.11669381671,27421.831560244726,25593.91472482307,38191.248378930555,26435.515962917263,18217.587775819444,25630.86307186135,87561.00649397647,61059.19616670706,52702.71167821568,20452.962771635484,18474.173519140844,19243.930749105046,87752.32421591901,31405.068639566147
125897,Woodbury University,Burbank,CA,4,2,20.0,0.8165,,779,33692.0,28815.0,28368.0,30748.0,32773.0,39808.0,58010.0,47056.0,0.4618,0.6,0.7404,0.5777777778,0.4097859327,59830.05,26960.0,24199.0,18250.0,22250.0,452,65668.0,38567.0,87865.0,90100.0,woodbury university,90179.62534773946,59538.155880297796,29574.072775224635,33636.33826348905,27670.206559779843,39582.96945070583,34579.54745593852,18730.759262462245,31557.993742585702,61406.15140882626,67397.89036971894,48295.594950927305,29115.29746616597,24836.473610538294,22836.131155604653,92473.50189303278,40856.66108055326
126076,Yeshiva Ohr Elchonon Chabad West Coast Talmudical Seminary,Los Angeles,CA,3,2,24.0,0.5821,,163,14959.0,14300.0,15486.0,13987.0,16940.0,10300.0,31300.0,16900.0,0.7006,0.1186,0.9508,,,,,,,,48,48361.0,17254.0,88362.0,,yeshiva ohr elchonon chabad west coast talmudical seminary,90689.7178054624,32124.535063839357,14676.704517984115,17386.249967458105,,17708.521661069783,15353.064537379327,,14355.459167345722,,49634.97253106502,17345.19624852668,15893.947284300839,,,,10571.332624841705
126669,Colorado Christian University,Lakewood,CO,4,2,18.0,,,5549,29500.0,26010.0,24819.0,27203.0,26257.0,33274.0,54242.0,41342.0,0.3747,0.6441,0.8374,0.4882528834,0.4485098849,84654.592543,28312.0,9977.0,16750.0,13909.0,1254,50416.0,30894.0,78791.0,82900.0,colorado christian university,80866.5892081459,55670.89555695765,26695.18073515852,26948.687449560064,29057.822259661974,31707.839816685402,30277.11771192527,17191.24480253384,27919.607902288244,86884.64621286381,51744.107341166935,42431.07120157337,25472.806253975366,10239.823844470455,14275.404415429444,85083.83248537644,34150.53609310513
126678,Colorado College,Colorado Springs,CO,4,2,21.0,0.1847,1365.0,2014,33375.0,9217.0,15477.0,12568.0,24129.0,44141.0,86921.0,70734.0,0.1445,0.8766,0.9362,0.8855218855,0.1757188498,,18257.0,10474.0,15000.0,12000.0,243,65222.0,39898.0,98182.0,84500.0,colorado college,100768.40580312701,89210.75758095784,9459.803184773398,24764.629602408302,18737.943663275244,40949.031948148964,34254.19673340698,15395.144599284036,12899.078488253452,,66940.14140363356,72597.3438723838,15884.710197541268,10749.9163021934,12316.115679427228,86725.98124263341,45303.80518379978
127060,University of Denver,Denver,CO,4,2,15.0,0.7781,1355.0,6025,36131.0,20097.0,16211.0,22940.0,31759.0,47222.0,78476.0,61398.0,0.1425,0.756,0.8894,0.7306397306,0.1903064861,120035.44772,21844.0,15250.0,18500.0,17125.0,1236,71155.0,45159.0,107151.0,105000.0,university of denver,109973.67593052558,80543.29117156094,20626.414734120754,32595.626488577447,22419.435908450698,46348.62233060452,37082.7979677821,18987.345005783645,23544.30780717172,123197.53831261328,73029.43426413705,63015.405873789416,16638.0459399329,15651.730342605437,17576.12341751594,107766.01219498826,48465.96788449272
127653,Naropa University,Boulder,CO,4,2,19.0,1.0,,339,29179.0,21457.0,33397.0,21817.0,45897.0,46397.0,53397.0,36620.0,0.5136,0.3667,0.5417,0.6342412451,0.1948051948,70294.303704,24712.0,19250.0,10000.0,16750.0,136,28720.0,14346.0,51332.0,51400.0,naropa university,52684.237504696546,54803.63574453131,22022.241177789172,47106.063444889296,25362.987555833806,14723.916294755252,29947.661617500595,10263.429732856024,22391.72464817199,72146.06466860451,29476.5701927625,37584.679681718764,34276.77627881926,19757.102235747847,17191.24480253384,52754.02882687996,47619.2349315321
127918,Regis University,Denver,CO,4,2,17.0,0.8646,1220.0,2627,18397.0,13713.0,12553.0,16006.0,24295.0,28572.0,54800.0,46340.0,0.3183,0.6102,0.7143,0.6104928458,0.36,96219.968031,25000.0,20625.0,17501.0,20500.0,2093,72105.0,44693.0,108313.0,99900.0,regis university,111166.28646548346,56243.59493605101,14074.241192665466,24935.002535973712,25658.574332140062,45870.34650505343,18881.63167953523,17962.028375471327,16427.64563040935,98754.68807838215,74004.46008875837,47560.733382054816,12883.683343654167,21168.32382401555,21040.03095235485,102531.66303123168,29324.671432716234
128498,Albertus Magnus College,New Haven,CT,4,2,19.0,0.5931,,991,34028.0,35343.0,35537.0,36279.0,30273.0,31523.0,59407.0,41908.0,0.5056,0.5148,0.6686,0.457348407,0.5338235294,62631.814332,30964.0,25000.0,19374.0,25000.0,99,60144.0,34829.0,90104.0,100600.0,albertus magnus college,92477.60726492591,60971.957013977786,36274.03970483305,31070.480830275043,31779.683824815394,35746.49941656425,34924.39869496248,19884.36876443526,37234.69672782837,64281.72254377669,61728.37178528927,43011.98132445302,36473.15024165045,25658.574332140062,25658.574332140062,103250.10311253161,32353.409546882045
128744,University of Bridgeport,Bridgeport,CT,4,2,17.0,0.8302,,1534,27807.0,27238.0,28124.0,26062.0,27487.0,29733.0,52957.0,35760.0,0.5348,0.4119,0.6129,0.5003162555,0.424291498,53235.973031,25750.0,21393.0,15875.0,19665.0,455,50323.0,27040.0,69614.0,78600.0,university of bridgeport,71447.83974230393,54352.04483628565,27955.52990635324,28211.089306701353,26428.331562104264,27752.31399764269,28539.519058152746,16293.194700908938,26748.55056976937,54638.366846388686,51648.65744465137,36702.02472469314,28864.869780684283,21956.55522749889,20183.034569661373,80670.55770024835,30516.255624700818
128902,Connecticut College,New London,CT,3,2,21.0,0.3704,1432.0,1937,36175.0,13341.0,16892.0,28961.0,29797.0,47031.0,84623.0,67242.0,0.1419,0.8205,0.8973,0.9057971014,0.1404255319,,23500.0,18359.0,21500.0,20170.0,154,75001.0,46471.0,120051.0,100300.0,connecticut college,123213.50028590986,86852.22142834753,13692.441606603223,30581.941574991095,24119.059872211656,47695.18431155523,37127.95705860667,22066.37392564045,29723.91884932433,,76976.74933939347,69013.35420967048,17336.985504740394,18842.630646550373,20701.3377711706,102942.20022054593,48269.936376595164
129154,Goodwin University,East Hartford,CT,4,2,23.0,,,2693,29249.0,28205.0,29159.0,29804.0,33401.0,30550.0,39589.0,21198.0,0.5441,0.5821,0.6667,0.342172524,0.5281116712,57628.734336,33500.0,13260.0,15046.0,13952.0,464,43596.0,24711.0,65487.0,51400.0,goodwin university,67212.12229155425,40631.89196940372,28948.003561520418,34280.88165071241,34382.48960506768,25361.961212860522,30019.505625630587,15442.356376055173,30589.125975804094,59146.84654509633,44744.448263359125,21756.4183477082,29927.13475803488,13609.307825767088,14319.537163280726,52754.02882687996,31354.777833875152
129242,Fairfield University,Fairfield,CT,4,2,17.0,0.3329,1335.0,5373,48095.0,33302.0,35155.0,26953.0,44077.0,50773.0,76074.0,58350.0,0.0692,0.843,0.9129,0.8162208801,0.1654441728,144449.72026,26000.0,21500.0,24239.0,25000.0,356,88794.0,56485.0,120240.0,125500.0,fairfield university,123407.47910786084,78078.01534972891,34179.27369635713,45238.1192335095,26684.917305425664,57972.98284603725,49361.96530017105,24877.527329469718,27663.022158966844,148254.95538192193,91133.09796992179,59887.1124912149,36081.08722585535,22066.37392564045,25658.574332140062,128806.04314734311,52110.51178262989
129525,University of Hartford,West Hartford,CT,4,2,17.0,0.9575,1219.0,4146,30282.0,25925.0,24512.0,27277.0,30956.0,34833.0,64729.0,49075.0,0.3304,0.5438,0.829,0.6615384615,0.2869217082,90743.051421,27000.0,19500.0,19500.0,19500.0,662,60823.0,36342.0,85013.0,85200.0,university of hartford,87252.49518792891,66434.15431780375,26607.941582429245,31771.473081029108,27711.260278711266,37299.35633514536,31079.717917034613,20013.687979069247,27995.557282311376,93133.49320043744,62425.2586641502,50367.78141399094,25157.718961176688,20013.687979069247,20013.687979069247,87444.42132393333,35750.60478845739
129774,Mitchell College,New London,CT,3,2,22.0,0.9466,,377,30260.0,26485.0,27972.0,29970.0,29559.0,35675.0,55621.0,40490.0,0.3828,0.4218,0.5904,0.6023622047,0.3516483516,84244.463602,25150.0,12295.0,17800.0,15250.0,95,39115.0,17742.0,57365.0,62300.0,mitchell college,58876.16466252858,57086.22251711849,27182.69364746918,30337.67194734912,25812.525778132902,18209.377032033157,31057.138371622328,18268.904924483722,30759.498909369504,86463.71325612739,40145.40540006634,41556.62698833404,28708.86564874487,12618.886856546482,15651.730342605437,63941.16723569303,36614.78557196387
129941,University of New Haven,West Haven,CT,4,2,18.0,0.6038,1160.0,4841,34192.0,27837.0,29043.0,31601.0,34853.0,38385.0,66962.0,47332.0,0.3244,0.6307,0.7648,0.6973575557,0.285648785,95094.242595,27000.0,20500.0,20500.0,20000.0,694,60126.0,42019.0,84847.0,89500.0,university of new haven,87082.12225436351,68725.97817715051,28570.309347351314,35771.1316479231,27711.260278711266,43125.90539448773,35092.71894258132,21040.03095235485,32433.46429879832,97599.30768729468,61709.89761177013,48578.86561155413,29808.07897313375,21040.03095235485,20526.85946571205,91857.69610906142,39396.17502956785
130226,Quinnipiac University,Hamden,CT,4,2,17.0,0.7215,1242.0,6531,40675.0,33649.0,35827.0,36507.0,39096.0,42891.0,72215.0,55480.0,0.1617,0.757,0.8912,0.8204584041,0.1993603412,130123.76443,26000.0,19500.0,21500.0,22261.0,759,83759.0,57610.0,112458.0,102400.0,quinnipiac university,115420.47808975227,74117.35781581978,34535.414708087235,40125.904883573916,26684.917305425664,59127.61869098355,41746.50043839188,22066.37392564045,37468.70292573749,133551.6112802015,85965.46109942878,56941.508157885226,36770.789703903276,20013.687979069247,22847.420928310796,105097.52046444568,44020.87646719277
130253,Sacred Heart University,Fairfield,CT,4,2,17.0,0.6536,,7087,46174.0,38691.0,40517.0,41647.0,46348.0,48217.0,69289.0,50404.0,0.158,0.7346,0.8308,0.7441209406,0.22906641,132238.60261,25000.0,15591.0,21446.0,19500.0,520,75059.0,52706.0,106588.0,96600.0,sacred heart university,109395.8448365658,71114.2782759861,39710.23597939324,47568.9441258411,25658.574332140062,54094.43274999096,47390.36044848941,22010.95140508303,42744.105808425484,135722.16058588063,77036.27723184403,51731.791225487505,41584.33824861275,16001.713296495827,20013.687979069247,99144.7312193892,49487.17914291189
130314,University of Saint Joseph,West Hartford,CT,4,2,18.0,0.7859,950.0,838,27989.0,24563.0,23940.0,24054.0,27701.0,31958.0,59900.0,47278.0,0.3265,0.6376,0.8208,0.6064981949,0.4221748401,74095.856021,27000.0,25000.0,21500.0,24000.0,63,59908.0,43084.0,88688.0,80800.0,university of saint joseph,91024.30561475351,61477.94409980759,25210.06245281425,28430.726702984473,27711.260278711266,44218.960661036894,28726.313479290726,22066.37392564045,24687.653879411882,76047.76117673505,61486.15484359387,48523.44309099671,24570.650780457323,25658.574332140062,24632.231358854457,82928.51224147668,32799.868740261285
130590,Trinity College,Hartford,CT,4,2,21.0,0.2925,1415.0,2146,34832.0,11054.0,13599.0,18325.0,24369.0,48515.0,87840.0,70770.0,0.1377,0.8377,0.8995,0.8032407407,0.1784946237,132107.11038,23000.0,19000.0,21500.0,19500.0,149,90779.0,64313.0,139476.0,126800.0,trinity college,143150.21254198268,90153.96677340732,11345.195226699048,25010.951915996844,23605.888385568855,66007.19564091695,35749.578445484105,22066.37392564045,18807.734985458665,135587.20445957847,93170.3887718937,72634.29221942209,13957.238093710906,19500.516492426446,20013.687979069247,130140.28901261439,49793.029348951
130697,Wesleyan University,Middletown,CT,4,2,21.0,0.1649,1501.0,3067,30177.0,4871.0,3604.0,6175.0,17294.0,51140.0,89020.0,70342.0,0.1419,0.9264,0.9488,0.8760757315,0.196013289,99913.904531,17000.0,8988.0,16000.0,12000.0,298,73897.0,46198.0,125026.0,105200.0,wesleyan university,128319.55657800572,91365.05148188432,4999.316622874169,17749.57538000121,17447.830545855242,47414.99267984826,30971.951904839625,16421.48757256964,6337.667860038595,102545.93384892035,75843.66669688617,72195.01742685585,3698.940075721311,9224.770643890995,12316.115679427228,107971.28078964537,52487.17965382571
130794,Yale University,New Haven,CT,4,2,15.0,0.0387,1534.0,6758,23777.0,17633.0,15626.0,17943.0,12558.0,45951.0,88300.0,67250.0,0.2039,0.9574,0.9878,0.8607305936,0.25,81884.743697,12975.0,8294.0,12000.0,9790.0,408,100533.0,66022.0,193688.0,184800.0,yale university,198790.31780974177,90626.08454111869,18097.50564794503,12888.815058520595,13316.800078380691,67761.21578226205,24403.35687581177,12316.115679427228,18415.671969663563,84041.83131270847,103181.33813332146,69021.56495345676,16037.635300560823,8512.488620430786,10047.897708466047,189668.18146317932,47161.485965446715
130989,Goldey-Beacom College,Wilmington,DE,4,2,18.0,0.8451,,691,15554.0,11367.0,14549.0,15777.0,19540.0,20121.0,26502.0,14940.0,0.3789,0.5743,0.7181,0.5212464589,0.4217252396,59399.442857,18900.0,11613.0,16701.0,14353.0,257,59892.0,39905.0,86020.0,83300.0,goldey-beacom college,88286.02256202752,27200.141478015037,11666.440577337442,20054.74169800067,19397.882195097885,40956.21634896196,15963.73860648426,17140.953996842847,16192.613089526949,60964.20079336162,61469.7333560213,15333.5640208869,14932.26391833223,11918.9209487657,14731.100695568251,85494.36967469068,20651.046965479607
131113,Wilmington University,New Castle,DE,4,2,17.0,,,7906,15644.0,15500.0,15920.0,16623.0,19644.0,,19644.0,12630.0,0.2613,0.1982,0.6122,0.4269298026,0.4708194738,63559.344545,20000.0,14860.0,13500.0,14750.0,2817,53844.0,34180.0,78738.0,78200.0,wilmington university,80812.19303056176,20161.481367222375,15908.316085926837,20161.481367222375,20526.85946571205,35080.40282690189,16056.109474079964,13855.630139355633,17060.899244926568,65233.68666039933,55262.411053589974,12962.711752597159,16339.380134706791,15251.456583024052,15138.558855962636,80260.0205109341,
131159,American University,Washington,DC,4,2,16.0,0.6196,1381.0,7266,41943.0,23233.0,20444.0,26035.0,30063.0,53673.0,76058.0,58771.0,0.1388,0.7549,0.882,0.7885844749,0.156343443,108942.38232,22750.0,18500.0,19750.0,19500.0,1413,77370.0,51260.0,112884.0,110700.0,american university,115857.70019637194,78061.59386215635,23845.0262983444,30854.948805885066,23349.302642247454,52610.34081061998,43047.90332851802,20270.273722390648,26720.83930949066,111812.24858712565,79408.15584310706,60319.20288296814,20982.555745850856,18987.345005783645,20013.687979069247,113616.1671427162,55086.90640515814
131283,The Catholic University of America,Washington,DC,4,2,16.0,0.8278,,3154,29561.0,17358.0,17895.0,24723.0,28295.0,37651.0,75481.0,58378.0,0.2032,0.7947,0.8651,0.7624269006,0.1012658228,137114.35415,26000.0,20219.0,22310.0,21000.0,884,73250.0,47330.0,101075.0,97200.0,the catholic university of america,103737.61602484227,77469.39396657055,17815.261330291487,29040.37442911612,26684.917305425664,48576.81292560756,30339.724633295693,22897.71173400179,25374.27732853995,140726.35391844608,75179.62279317038,59915.8500944669,18366.407506945856,20751.628576861596,21553.20243899765,99760.53700336056,38642.83928717622
131450,Gallaudet University,Washington,DC,4,2,17.0,0.5806,868.0,812,15845.0,14129.0,15238.0,14236.0,18830.0,18318.0,40374.0,19654.0,0.5789,0.4726,0.7114,0.5640326975,0.3385650224,47469.611413,18000.0,13000.0,12000.0,12813.0,222,43101.0,26348.0,59872.0,60300.0,gallaudet university,61449.20649655559,41437.57120343291,14501.199869552276,19326.038186967893,18474.173519140844,27042.084660129054,16262.404411710371,12316.115679427228,14611.018567693836,48720.102118330586,44236.40849158275,20171.74479695523,15639.41422692601,13342.458652712832,13150.532516708425,61888.481289121824,18800.550584645665
131469,George Washington University,Washington,DC,4,2,15.0,0.4709,1433.0,11182,36586.0,17440.0,17292.0,22080.0,28100.0,55337.0,83856.0,67710.0,0.1582,0.8398,0.9223,0.8030700112,0.1606580329,118616.10457,20449.0,19500.0,19500.0,19500.0,1738,90873.0,62102.0,130294.0,137200.0,george washington university,133726.3313612743,86065.01636783748,17899.421454100906,28840.23754932543,20987.687460717283,63737.95132698248,37549.78402062705,20013.687979069247,22661.6528501461,121740.80544392973,93266.86501138254,69493.68272116814,17747.522694054638,20013.687979069247,20013.687979069247,140814.25593478465,56794.74111270538
131496,Georgetown University,Washington,DC,4,2,15.0,0.1291,1487.0,7569,40815.0,5064.0,12155.0,18329.0,26459.0,57403.0,88741.0,68017.0,0.1012,0.9481,0.9675,0.881875,0.1606456572,115913.28457,15500.0,10000.0,14750.0,11000.0,1095,103494.0,66808.0,167685.0,221900.0,georgetown university,172102.32147539625,91078.70179233764,5197.400816718291,27156.008730163754,15908.316085926837,68567.92135926452,41890.18845465186,15138.558855962636,18811.840357351808,118966.78512887395,106220.33967722014,69808.77001396682,12475.198840286497,10263.429732856024,11289.772706141626,227745.50577207518,58915.16569551344
131520,Howard University,Washington,DC,4,2,16.0,0.4134,1213.0,10108,50539.0,46051.0,47477.0,50245.0,52981.0,54270.0,54630.0,35810.0,0.4,0.6996,0.9088,0.3495055624,0.2363936229,63196.509728,24500.0,19197.0,18500.0,19464.0,2042,63066.0,34222.0,92903.0,92800.0,howard university,95350.34124715232,56069.11663059246,47264.12026277528,54376.6770676445,25145.402845497258,35123.509231779884,51870.34752688106,18987.345005783645,51568.60269273509,64861.293695508015,64727.3459532298,36753.34187335742,48727.68534268055,19702.70605816371,19976.739632030967,95244.6279209039,55699.63316020965
131876,Trinity Washington University,Washington,DC,4,2,19.0,0.9952,,1414,9302.0,7928.0,8554.0,8502.0,13623.0,15307.0,33903.0,26610.0,0.5449,0.4929,0.6923,0.3363787375,0.5321821036,34164.741344,28250.0,19250.0,19731.0,19500.0,775,53804.0,30684.0,77621.0,92200.0,trinity washington university,79665.76792940174,34796.105823301776,8136.847092208256,13981.870325069762,28994.18899531827,31492.307792295425,9547.042337502673,20250.773205898222,8725.967958874191,35064.74221253451,55221.357334658554,27310.98651912988,8779.337793485043,19757.102235747847,20013.687979069247,94628.82213693255,15710.231892082717
132408,Baptist University of Florida,Graceville,FL,4,2,22.0,0.3599,,360,10372.0,8754.0,7604.0,13451.0,,,23159.0,15000.0,0.3988,0.5185,0.45,0.5627705628,0.3414634146,51346.357798,23590.0,,,16500.0,226,42836.0,28100.0,59022.0,69200.0,baptist university of florida,60576.81496926283,23769.076918321265,8984.606388142163,,24211.43073980736,28840.23754932543,10645.22931891827,,13805.339333664639,52698.9735297857,43964.427603662065,15395.144599284036,7804.311968863721,,16934.65905921244,71022.93375136369,
132471,Barry University,Miami,FL,4,2,17.0,0.7724,,2212,22613.0,20804.0,21485.0,21524.0,25690.0,29180.0,50778.0,34350.0,0.3908,0.3787,0.6337,0.4003912618,0.4355670103,46378.169866,26997.0,15750.0,15250.0,15150.0,2405,55966.0,34258.0,83130.0,93200.0,barry university,85319.89136923214,52115.64349749632,21352.039216233672,26366.750983707127,27708.181249791407,35160.45757881817,23208.69365490733,15651.730342605437,22091.006156999305,47599.908755815166,57440.31084290203,35254.881132360446,22050.97878104117,16164.901829248238,15549.096045276876,95655.16511021815,29948.68796047388
132602,Bethune-Cookman University,Daytona Beach,FL,4,2,21.0,0.8824,880.0,2732,12030.0,10896.0,11487.0,14346.0,17882.0,18654.0,29764.0,14794.0,0.783,0.3052,0.6175,0.2113012336,0.4223088164,32670.097683,31000.0,24250.0,20500.0,22551.0,1528,38518.0,20686.0,54236.0,58500.0,bethune-cookman university,55664.73749911793,30548.07225687267,11183.033036919924,18353.06504829314,31816.632171853675,21230.930745385973,12346.905968625797,21040.03095235485,14723.916294755252,33530.72519350129,39532.678645014836,15183.717946787203,11789.601734131715,24888.817102175857,23145.06039056362,60041.06393720774,19145.40182366963
132657,Lynn University,Boca Raton,FL,4,2,18.0,0.7347,1134.0,2859,44089.0,40711.0,42920.0,42506.0,42978.0,47151.0,67880.0,44480.0,0.2341,0.5206,0.766,0.5647969052,0.270096463,79185.475779,17940.0,11500.0,9500.0,9602.0,319,49006.0,27097.0,73029.0,84400.0,lynn university,74952.80099607426,69668.1610266267,41783.44878543016,44110.16830586862,18412.592940743707,27810.815547119968,45250.43534918893,9750.258246213223,43625.73442247781,81271.45665205391,50296.963748834234,45651.735451743596,44050.640413418056,11802.944192784427,9854.945229488354,86623.34694530485,48393.09753338944
132842,Albizu University-Miami,Miami,FL,4,2,17.0,0.7571,,287,19849.0,19745.0,22860.0,14652.0,,,28344.0,13818.0,0.6637,0.4,0.8333,0.4501160093,0.2505800464,28598.211055,5500.0,5000.0,4500.0,5250.0,309,41544.0,20474.0,60492.0,53500.0,albizu university-miami,62085.53913999266,29090.665234807115,20265.14200752422,,5644.886353070813,21013.346035049424,20371.88167674592,4618.543379785211,15037.977244580647,29351.572964837884,42638.39248217707,14182.007204860454,23462.20036930887,5131.714866428012,5388.300609749413,54909.34907077973,
133492,Eckerd College,Saint Petersburg,FL,3,2,21.0,0.758,1250.0,1888,38071.0,29615.0,34524.0,34294.0,35840.0,43955.0,68944.0,51884.0,0.2085,0.6592,0.7584,0.6355932203,0.2037533512,105038.46821,27000.0,19000.0,19500.0,21500.0,567,51819.0,32964.0,76174.0,82700.0,eckerd college,78180.64964705748,70760.18995020258,30395.147153853115,36784.132162555994,27711.260278711266,33832.3697713866,39073.90333595617,20013.687979069247,35197.40592585645,107805.49377201663,53184.06653268663,53250.7788259502,35433.46480971214,19500.516492426446,22066.37392564045,84878.56389071932,45112.905390768654
133526,Edward Waters University,Jacksonville,FL,4,2,22.0,0.8495,,1087,13649.0,12380.0,12113.0,9743.0,21661.0,20865.0,26617.0,16366.0,0.7545,0.2819,0.5385,0.1673582296,0.5041322314,27027.267135,,11686.0,7500.0,11250.0,476,34782.0,20670.0,47585.0,55100.0,edward waters university,48838.53038379539,27318.17091994288,12706.126009275758,22231.615144339434,,21214.509257813403,14008.555242375187,7697.572299642018,9999.659588721624,27739.245711120144,35698.26129681982,16797.129100792168,12432.092435408502,11993.84398581555,11546.358449463027,56551.49782803669,21414.646137604093
133553,Embry-Riddle Aeronautical University-Daytona Beach,Daytona Beach,FL,4,2,18.0,0.6481,1257.0,7860,41272.0,36238.0,35628.0,36769.0,40670.0,45035.0,64632.0,44249.0,0.1478,0.6655,0.8806,0.6444394213,0.3554592721,89514.958303,23666.0,15000.0,14750.0,14000.0,3262,84131.0,55392.0,112155.0,115500.0,embry-riddle aeronautical university-daytona beach,115109.49616884674,66334.59904939505,37192.61666592366,41741.36872352545,24289.432805777065,56851.18997623609,42359.22719344338,15138.558855962636,37737.604784738316,91873.04845823775,86347.26068549101,45414.65022491462,36566.54745221944,15395.144599284036,14368.801625998434,118542.61341448707,46221.3558019171
133711,Flagler College,Saint Augustine,FL,4,2,22.0,0.8076,1084.0,2391,30525.0,21733.0,23129.0,25521.0,29663.0,37909.0,45744.0,29900.0,0.2907,0.5598,0.7553,0.5905923345,0.2803738318,83415.312388,24250.0,16681.0,15000.0,15375.0,1205,49483.0,33439.0,68796.0,69300.0,flagler college,70608.2911901563,46949.0329699766,22305.511838415998,30444.411616570826,24888.817102175857,34319.88268369726,31329.119259543015,15395.144599284036,26193.29902122186,85612.71973384728,50786.52934709146,30687.65490123951,23738.2866291227,17120.427137377133,15780.023214266137,71125.56804869225,38907.6357742839
133809,Florida College,Temple Terrace,FL,3,2,23.0,0.6966,1108.0,588,23931.0,20494.0,19241.0,19530.0,25004.0,29396.0,34870.0,20360.0,0.2314,0.5404,0.756,0.6946107784,0.2350746269,78929.450549,12000.0,8250.0,12000.0,9625.0,221,43445.0,26838.0,68082.0,72800.0,florida college,69875.48230723038,35788.57947846896,21033.872894515134,25662.679704033202,12316.115679427228,27544.992717038996,24561.413693697752,12316.115679427228,20044.478268267816,81008.68695625958,44589.470474393,20896.342936094865,19747.865148988276,8467.32952960622,9878.551117873923,74717.76845519185,30170.378042703567
133872,AdventHealth University,Orlando,FL,4,2,26.0,,,1361,30135.0,28845.0,30782.0,27569.0,35158.0,33900.0,38408.0,21420.0,0.3677,0.3889,0.64,0.5682944091,0.3902053712,51287.324074,24590.0,19668.0,16540.0,17348.0,1019,72282.0,46439.0,99089.0,83900.0,adventhealth university,101699.29887989706,39419.780917953416,29604.863064423203,36084.16625477521,25237.773713092964,47662.34133641009,30928.84549996163,16975.712778143865,28295.249430510772,52638.38468197141,74186.1227950299,21984.266487777604,31592.889403677415,20186.11359858123,17804.997900558632,86110.17545866204,34793.02679438192
133881,Florida Institute of Technology,Melbourne,FL,4,2,16.0,0.577,1225.0,3404,35639.0,29108.0,29213.0,31311.0,36466.0,40649.0,62440.0,45900.0,0.2111,0.6354,0.7995,0.3697735192,0.4013402829,80118.004484,27000.0,12125.0,16250.0,13782.0,3880,43137.0,21924.0,71519.0,92300.0,florida institute of technology,73403.023106413,64084.85525195301,29874.791266397315,37426.62286383278,27711.260278711266,22501.54334631355,36577.837224925584,16678.07331589104,32135.824836545497,82228.5509358178,44273.35683862103,47109.14247380915,29982.557278592303,12444.408551087929,14145.058857822172,94731.4564342611,41719.81552108645
133979,Florida Memorial University,Miami Gardens,FL,4,2,22.0,0.8526,,1183,23238.0,21882.0,22868.0,24425.0,26861.0,30076.0,35809.0,20174.0,0.6913,0.311,0.4952,0.1965230537,0.4601889339,29889.513819,30063.0,18500.0,17250.0,16700.0,859,36624.0,19267.0,54357.0,54300.0,florida memorial university,55788.92499888549,36752.315530384134,22458.436941435553,27568.598605424566,30854.948805885066,19774.5500662937,23850.15801321083,17704.416289176643,25068.427122500838,30676.89248305356,37588.7850536119,20705.443143063745,23470.411113095157,18987.345005783645,17139.92765386956,55730.42344940821,30868.29126453778
134079,Florida Southern College,Lakeland,FL,4,2,19.0,0.6442,1252.0,2656,28551.0,23624.0,21385.0,25830.0,29044.0,33706.0,60768.0,44040.0,0.281,0.7055,0.8,0.6364513018,0.2761989343,92042.416667,25000.0,19000.0,19500.0,19500.0,797,55294.0,37450.0,81883.0,69400.0,florida southern college,84040.04168154499,62368.809800619485,24246.32640089907,29809.105316107038,25658.574332140062,38436.54434954581,29303.118230277236,20013.687979069247,26510.43899996711,94467.08759040106,56750.6083648541,45200.14454349793,21948.344483712608,19500.516492426446,20013.687979069247,71228.20234602081,34593.91625756452
134510,Hobe Sound Bible College,Hobe Sound,FL,4,2,22.0,,,112,12074.0,12148.0,11554.0,11554.0,14176.0,,18838.0,9068.0,0.5035,0.5,0.9167,,0.3417721519,33387.22807,,,,,61,39863.0,17517.0,,,hobe sound bible college,,19334.24893075418,12468.014439473498,14549.4379892967,,17978.449863043897,12392.065059450364,,11858.366713341851,34266.746927128326,40913.10994408397,9306.878081753843,11858.366713341851,,,,
134945,Jacksonville University,Jacksonville,FL,4,2,18.0,0.5694,1205.0,2930,25180.0,21893.0,19733.0,23974.0,27936.0,29653.0,63969.0,47830.0,0.3073,0.5065,0.7467,0.5393474088,0.356017192,76616.708831,22000.0,12500.0,13450.0,12500.0,1503,68010.0,40141.0,99286.0,91700.0,jacksonville university,101901.48844563433,65654.1336581067,22469.726714141692,28671.917301706588,22579.545412283253,41198.43329065737,25843.31606733147,13804.312990691353,24605.54644154903,78635.0207449658,69801.58561315382,49089.984412250364,20252.825891844794,12829.287166070031,12829.287166070031,94115.65065028974,30434.148186837967
135081,Keiser University-Ft Lauderdale,Fort Lauderdale,FL,4,2,17.0,0.9697,,17678,30498.0,29143.0,30272.0,32174.0,36495.0,36775.0,43251.0,25056.0,0.5732,0.6101,0.7102,0.3012249153,0.4765165664,42655.325631,26125.0,13506.0,12000.0,12847.0,11521,39696.0,21628.0,60050.0,62400.0,keiser university-ft lauderdale,61631.89554580043,44390.35993757559,29910.71327046231,37456.38681005806,26813.210177086363,22197.74582622101,31301.407999264302,12316.115679427228,33021.55882249097,43778.9937345861,40741.710667545274,25716.049538644053,31069.454487301755,13861.788197195347,13185.428177800135,64043.80153302159,37743.76284257803
135364,Luther Rice College & Seminary,Lithonia,GA,4,2,24.0,0.9167,,165,27883.0,27883.0,,,,,31680.0,11320.0,0.5,,0.5,0.2598039216,0.5436241611,58768.0,34153.0,17435.0,11334.0,15316.0,146,47003.0,24933.0,68238.0,,luther rice college & seminary,70035.59181106294,32514.545393687884,28617.521124122453,,35052.69156662318,25589.809352929926,28617.521124122453,11632.571259219018,,60316.12385404828,48241.198773343174,11618.202457593019,,17894.28973923448,15719.468978842287,,
135726,University of Miami,Coral Gables,FL,4,2,15.0,0.189,1415.0,12913,37244.0,15978.0,17941.0,21768.0,27982.0,50352.0,86078.0,62616.0,0.1486,0.8368,0.9377,0.7333573228,0.2009592326,105287.24486,17500.0,15500.0,14500.0,15500.0,2039,75328.0,49163.0,115933.0,112900.0,university of miami,118987.01992191974,88345.55045447809,16398.908027157355,28719.129078477727,17961.002032498043,50458.09959564007,38225.117697048976,14881.973112641235,22341.433842480994,108060.82393866166,77312.36349165786,64265.49161525128,18413.619283716995,15908.316085926837,15908.316085926837,115874.12168394451,51678.421390876654
136215,Nova Southeastern University,Fort Lauderdale,FL,4,2,16.0,0.7321,1157.0,7240,30371.0,26603.0,27048.0,29953.0,34277.0,35443.0,56692.0,38700.0,0.3581,0.6334,0.7564,0.4797011208,0.373340143,61038.630015,24250.0,19025.0,13500.0,18250.0,2948,59209.0,34270.0,92510.0,112300.0,nova southeastern university,94946.98845865107,58185.43584150737,27303.802118316882,35179.9580953106,24888.817102175857,35172.7736944976,31171.06244165703,13855.630139355633,30742.05107882365,62646.56901487492,60768.74110526723,39719.473066152816,27760.524741428973,19526.175066758587,18730.759262462245,115258.31589997315,36376.674002161606
136330,Palm Beach Atlantic University,West Palm Beach,FL,4,2,17.0,0.8199,1075.0,2603,28354.0,25570.0,25312.0,25619.0,26244.0,32786.0,53827.0,40650.0,0.2296,0.5534,0.6796,0.5704514364,0.2200374532,85869.182109,22500.0,12625.0,14520.0,13000.0,947,49232.0,29283.0,76114.0,81300.0,palm beach atlantic university,78119.06906866035,55244.96322304412,26243.589826912856,26935.34499090735,23092.716898926054,30054.401286722295,29100.92866453997,14902.499972106947,26293.88063260385,88131.23167935392,50528.91726079678,41720.84186405974,25978.79333980517,12957.580037730731,13342.458652712832,83441.68372811947,33649.68072214176
136774,Ringling College of Art and Design,Sarasota,FL,3,2,30.0,0.6965,,1662,57742.0,47261.0,48213.0,55121.0,59265.0,62609.0,80276.0,57900.0,0.2108,0.7207,0.8635,0.6527777778,0.1683168317,80091.985263,27000.0,26421.0,27000.0,27000.0,399,43325.0,21453.0,79118.0,92400.0,ringling college of art and design,81202.20336041029,82390.70852347503,48505.99526045086,60826.216311771226,27711.260278711266,22018.13580589603,59263.09596345726,27711.260278711266,56573.05103047569,82201.84629117406,44466.30931759872,59425.258153236384,49483.07377101875,27117.007697178902,27711.260278711266,94834.09073158966,64258.30721443828
136950,Rollins College,Winter Park,FL,4,2,18.0,0.4754,1271.0,2631,34732.0,27177.0,27965.0,30079.0,32393.0,41006.0,76108.0,60580.0,0.2285,0.7505,0.8524,0.5588235294,0.2375328084,83241.978159,25500.0,22500.0,20238.0,21945.0,669,58295.0,32866.0,89810.0,91400.0,rollins college,92175.86243077995,78112.91101082062,27892.922984982815,33246.32793364052,26171.745818782863,33731.78816000461,35646.94414815554,20771.129093354022,30871.370293457636,85434.81936588325,59830.6636276842,62175.85732164179,28701.681247931872,23092.716898926054,22523.096548752546,93807.74775830406,42086.21996254941
137032,Saint Leo University,Saint Leo,FL,4,2,17.0,0.784,,6721,21293.0,19602.0,17699.0,19823.0,23707.0,25780.0,45264.0,30000.0,0.3249,0.45,0.5922,0.356011298,0.4910432034,52768.610614,25278.0,13099.0,14750.0,14250.0,5474,48364.0,28410.0,70530.0,89400.0,saint leo university,72387.96990583354,46456.38834279951,20118.37496234438,24331.512867681777,25943.89767871346,29158.403871043964,21853.920930170334,15138.558855962636,20345.196759440496,54158.69271372296,49638.05155998487,30790.289198568073,18165.244284181877,13444.066607068105,14625.387369319835,91755.06181173286,26459.12185130283
137476,St. Thomas University,Miami Gardens,FL,4,2,17.0,0.9791,,2214,26312.0,24657.0,26101.0,27122.0,29081.0,30098.0,51205.0,34770.0,0.2697,0.4806,0.5656,0.4921985816,0.4127358491,40982.247911,19125.0,9500.0,9250.0,9500.0,637,54272.0,32619.0,82134.0,90000.0,st. thomas university,84297.65376783967,52553.89194708927,25306.5386923031,29847.080006118606,19628.809364087145,33478.28144560307,27005.13631309077,9493.672502891823,27836.47412145211,42061.84217290341,55701.685846156215,35685.9451811404,26788.57794572751,9750.258246213223,9750.258246213223,92370.86759570421,30890.87080995006
137546,Stetson University,DeLand,FL,4,2,18.0,0.716,1176.0,2297,19372.0,15931.0,14657.0,17327.0,22600.0,26904.0,72533.0,57410.0,0.3721,0.6229,0.7818,0.617954071,0.2672482157,76825.855906,23250.0,16000.0,15000.0,14750.0,651,51642.0,32864.0,76909.0,88300.0,stetson university,78935.0117324224,74443.7348813246,16350.669907412932,23195.351196254614,23862.474128890255,33729.73547405804,19882.31607848869,15395.144599284036,17783.444698119634,78849.6773757753,53002.40382641508,58922.35009632644,15043.108959447074,16421.48757256964,15138.558855962636,90626.08454111869,27612.73135327585
137564,Southeastern University,Lakeland,FL,4,2,17.0,0.5298,,4813,31942.0,29498.0,29185.0,31185.0,34795.0,34482.0,49329.0,32950.0,0.2151,0.4255,0.6989,0.5504523312,0.3458522493,62355.577767,21500.0,12332.0,12000.0,12000.0,918,46744.0,28202.0,63763.0,62600.0,southeastern university,65442.70700560987,50628.47252920548,30275.0650259787,35711.60375547253,22066.37392564045,28944.92453260056,32783.44725268871,12316.115679427228,32006.50562191151,63998.20908632439,47975.3759432622,33818.0009697606,29953.819675340306,12656.86154655805,12316.115679427228,64249.070127678715,35390.35840483414
137847,The University of Tampa,Tampa,FL,4,2,18.0,0.4034,,10572,36211.0,30011.0,31513.0,31898.0,34691.0,37975.0,51614.0,34408.0,0.1516,0.637,0.8545,0.6488240065,0.2523762701,99143.914922,24211.0,17500.0,18500.0,19500.0,1491,59436.0,38879.0,87838.0,88400.0,the university of tampa,90151.91408746074,52973.66622316308,30801.578971274215,35604.86408625083,24848.78972621772,39903.18845837094,37164.905405644946,18987.345005783645,32738.288161864148,101755.66042422029,61001.72096020306,35314.40902481101,32343.14611714919,17961.002032498043,20013.687979069247,90728.71883844725,38975.37441052075
137953,Trinity College of Jacksonville,Jacksonville,FL,4,2,22.0,0.5328,907.0,386,20011.0,16686.0,18885.0,18174.0,21991.0,23223.0,26995.0,15100.0,0.5013,0.3418,0.5667,0.4691358025,0.3406113537,48410.866995,24250.0,11875.0,8846.0,11500.0,110,37275.0,25053.0,56949.0,56000.0,trinity college of jacksonville,58449.20598564177,27706.12856384484,17125.55885224356,22570.30832552368,24888.817102175857,25712.970509724197,20538.14923841819,9079.02994168444,18652.757196492537,49686.153170982136,38256.93432922083,15497.778896612597,19382.487050498603,12187.822807766528,11802.944192784427,57475.20650399374,23834.762868611546
137962,Trinity College of Florida,Trinity,FL,3,2,22.0,0.9189,,148,20297.0,16224.0,21304.0,21584.0,22854.0,24304.0,24904.0,16300.0,0.4762,0.0,0.28,0.4295774648,0.4112149533,52792.514286,23250.0,15128.0,,,96,32465.0,14547.0,52613.0,,trinity college of florida,53998.9828534754,25560.04540670464,16651.388398585616,23456.04231146916,23862.474128890255,14930.211232385658,20831.68332877787,,22152.586735396442,54183.22607951588,33320.224627717085,16729.39046455532,21865.210702876473,15526.516499864594,,,24944.239622733283
138275,Warner University,Lake Wales,FL,4,2,20.0,0.4281,932.0,756,19748.0,17853.0,18884.0,21526.0,18958.0,23060.0,41044.0,29992.0,0.5088,0.4213,0.4392,0.3635077793,0.4251207729,47973.956236,22250.0,14250.0,11000.0,14098.0,483,46086.0,26799.0,60997.0,83600.0,warner university,62603.84234150189,42125.22099553426,18323.30110206786,19457.41008754845,22836.131155604653,27504.96534108086,20268.221036444076,11289.772706141626,22093.058842945877,49237.73288352961,47300.042266840275,30782.07845478179,19381.460707525315,14625.387369319835,14469.383237380423,85802.27256667636,23667.468963965992
138293,Webber International University,Babson Park,FL,4,2,22.0,0.694,,813,29529.0,27801.0,25644.0,29924.0,33574.0,32673.0,50989.0,33770.0,0.4767,0.2796,0.4118,0.4105571848,0.3668341709,57209.19403,25250.0,8250.0,9500.0,8750.0,372,45606.0,26734.0,70198.0,69700.0,webber international university,72047.22403870271,52332.201864859584,28533.361000313034,34458.43898509082,25915.160075461463,27438.253047817296,30306.881658150553,9750.258246213223,30712.287132598365,58716.25430002313,46807.397639663184,34659.60220785479,26319.539206935988,8467.32952960622,8980.501016249022,71536.1052380065,33533.70396616049
138600,Agnes Scott College,Decatur,GA,4,2,21.0,0.6215,1260.0,836,24754.0,21467.0,21956.0,23697.0,25194.0,30054.0,63283.0,50604.0,0.3853,0.7068,0.8133,0.5623342175,0.2119565217,68369.924731,26749.0,16000.0,15750.0,17280.0,278,56274.0,33082.0,77511.0,79600.0,agnes scott college,79552.87020234033,64950.062378432776,22032.504607522027,25857.68486895747,27453.64819241658,33953.4782422343,25406.0939607118,16164.901829248238,24321.24943794892,70170.99183172738,57756.42447867399,51937.05982014463,22534.386321458685,16421.48757256964,17735.20657837521,81696.90067353395,30845.711719125495
138868,Point University,West Point,GA,4,2,22.0,0.4426,,1996,25335.0,23992.0,24000.0,25993.0,27437.0,26601.0,33564.0,24000.0,0.2468,0.3407,0.7413,0.3124287343,0.3634259259,56572.671662,25250.0,14250.0,14535.0,14250.0,532,38740.0,19421.0,59089.0,59500.0,point university,60645.579948472965,34448.17555535796,24624.020615068173,28159.772158037074,25915.160075461463,19932.606884179684,26002.399228190738,14917.895116706231,26677.732904612665,58062.964040287225,39760.526785084236,24632.231358854457,24632.231358854457,14625.387369319835,14625.387369319835,61067.406910493344,27301.74943237031
138947,Clark Atlanta University,Atlanta,GA,4,2,16.0,0.6422,,3603,37702.0,37356.0,39270.0,39009.0,39514.0,38680.0,43676.0,28310.0,0.7047,0.4902,0.707,0.3121412804,0.3224773091,41133.515984,27000.0,19250.0,19500.0,19500.0,1256,42712.0,22235.0,62609.0,71600.0,clark atlanta university,64258.30721443828,44826.55570122197,38340.06811005696,40554.916246407294,27711.260278711266,22820.73601100537,38695.18277881378,20013.687979069247,40036.61304489806,42217.09509670941,43837.161074974654,29055.769573715406,40304.48856092561,19757.102235747847,20013.687979069247,73486.15688724913,39698.9462066871
139144,Berry College,Mount Berry,GA,4,2,20.0,0.64,1220.0,2245,22320.0,18189.0,16935.0,19283.0,20665.0,28116.0,56697.0,41686.0,0.2677,0.6949,0.8351,0.726618705,0.1687413555,100629.95788,23250.0,17314.0,19500.0,19549.0,680,53800.0,36699.0,74990.0,82500.0,berry college,76965.45956668732,58190.567556373804,18668.152341091823,21209.377542946975,23862.474128890255,37665.760776608324,22907.975163734645,20013.687979069247,19790.97155386627,103280.85017216414,55217.25196276541,42784.13318438362,17381.118252591677,17770.10223946692,20063.978784760242,84673.2952960622,28856.659036897996
139199,Brenau University,Gainesville,GA,4,2,17.0,0.8778,1079.0,1029,18924.0,19481.0,17379.0,18420.0,18279.0,20426.0,46010.0,34027.0,0.4586,0.3291,0.6497,0.4541800643,0.4032411821,57041.912409,27000.0,16500.0,17500.0,18101.0,835,54003.0,34083.0,79256.0,77600.0,brenau university,81343.8386907237,47222.040200870564,19994.18746257682,18760.523208687526,27711.260278711266,34980.84755849319,19422.51442645674,17961.002032498043,18905.237567920798,58544.565983749955,55425.59958634239,34923.372351989194,17836.814532730485,16934.65905921244,18577.83415944269,79644.21472696275,20964.081572331714
139205,Brewton-Parker Christian University,Mount Vernon,GA,4,2,22.0,0.9649,,774,26054.0,24574.0,24633.0,27082.0,28590.0,29357.0,38918.0,20120.0,0.4519,0.2103,0.4843,0.4073275862,0.376146789,48644.197452,24990.0,8250.0,5500.0,8250.0,342,42009.0,25920.0,56205.0,63000.0,brewton-parker christian university,57685.60681351728,39943.21583432907,25221.352225520393,29343.14560623537,25648.310902407204,26602.809867562813,26740.339825983086,5644.886353070813,27795.420402520685,49925.630245977605,43115.641964754876,20650.02062250632,25281.906460944243,8467.32952960622,8467.32952960622,64659.60731699295,30130.35066674543
139393,Covenant College,Lookout Mountain,GA,4,2,21.0,0.8651,1294.0,939,26265.0,18310.0,15929.0,24606.0,24836.0,30172.0,57467.0,42040.0,0.1905,0.7149,0.8821,0.8191268191,,,22500.0,13750.0,19500.0,15369.0,420,50412.0,33938.0,73784.0,83600.0,covenant college,75727.6899409049,58980.85164580371,18792.339840859382,25490.25408452122,23092.716898926054,34832.02782736677,26956.898193346347,20013.687979069247,25254.195200665534,,51740.00196927379,43147.45859692673,16348.61722146636,14112.215882677034,15773.865156426424,85802.27256667636,30966.820189973198
139630,Emmanuel University,Franklin Springs,GA,4,2,22.0,0.74,,775,20925.0,17735.0,17687.0,19817.0,20592.0,24674.0,37604.0,25500.0,0.2869,0.4228,0.7094,0.4142857143,0.3561946903,65200.125275,24325.0,12150.0,11000.0,12000.0,346,38208.0,18566.0,57243.0,60000.0,emmanuel university,58750.95081978774,38594.60116743179,18202.192631220158,21134.454505897123,24965.79282517228,19055.083642020494,21476.22671600123,11289.772706141626,20339.038701600784,66917.69043333725,39214.512323296294,26171.745818782863,18152.92816850245,12470.06712542007,12316.115679427228,61580.578397136145,25323.986522848954
139658,Emory University,Atlanta,GA,4,2,15.0,0.1065,1520.0,7298,22585.0,7363.0,9220.0,11237.0,13821.0,53018.0,83622.0,64280.0,0.1821,0.9109,0.957,0.7968103957,0.1638702461,94018.34881,18250.0,15984.0,17500.0,15013.0,1344,80137.0,57523.0,120080.0,135900.0,emory university,123243.26423213514,85824.85211208864,7556.96331230189,14185.086233780312,18730.759262462245,59038.326852307706,23179.956051655332,17961.002032498043,11533.015990810314,96495.07166105827,82248.04685018832,65973.32632279853,9462.882213693254,16405.06608499707,15408.487057936749,139480.01006951337,54414.65175765607
140234,LaGrange College,Lagrange,GA,4,2,22.0,0.6209,,636,20875.0,20764.0,19322.0,18718.0,18707.0,24549.0,49681.0,35400.0,0.4313,0.4692,0.6721,0.5758122744,0.2545126354,72103.635838,25730.0,15000.0,15000.0,16000.0,398,51745.0,32714.0,72273.0,70500.0,lagrange college,74176.88570827035,50989.745255802016,21310.98549730225,19199.798001253763,26407.80470263855,33575.784028065194,21424.909567336952,15395.144599284036,19211.087773959905,74003.05999067525,53108.1171526635,36332.54125431032,19830.99892982441,15395.144599284036,16421.48757256964,72357.17961663497,25195.693651188252
140252,Life University,Marietta,GA,4,2,18.0,0.9303,1030.0,893,29791.0,28151.0,28136.0,30263.0,33995.0,30883.0,41295.0,15036.0,0.3998,0.3793,0.6281,0.3549160671,0.2921108742,59135.37457,16666.0,9500.0,7500.0,9500.0,511,47397.0,25502.0,73921.0,90300.0,life university,75868.29892824501,42382.833081828954,28892.581040962992,34890.52937684405,17105.03199277785,26173.79850472943,30575.783517151383,7697.572299642018,31060.217400542188,60693.1761625316,48645.5779048177,15432.092946322318,28877.18589636371,9750.258246213223,9750.258246213223,92678.7704876899,31696.55004397926
140340,Herzing University-Atlanta,Atlanta,GA,4,2,22.0,0.9375,,387,21679.0,21612.0,22285.0,,,,27007.0,13450.0,0.7034,0.1395,0.25,0.3041105434,0.5209032652,42942.389088,21500.0,10662.0,15250.0,11350.0,8016,36909.0,19077.0,56514.0,77200.0,herzing university-atlanta,58002.74679226254,27718.444679524266,22181.32433864844,,22066.37392564045,19579.544901369438,22250.089317858576,15651.730342605437,,44073.619296565135,37881.2928009983,13804.312990691353,22872.05315966965,10942.868781171093,11648.992746791588,79233.6775376485,
140447,Mercer University,Macon,GA,4,2,16.0,0.6889,1271.0,4500,23847.0,19817.0,21484.0,22533.0,25184.0,26770.0,58204.0,42312.0,0.3543,0.6962,0.8216,0.4664031621,0.2819956616,84040.15207,24199.0,18538.0,15750.0,18352.0,1607,58354.0,36398.0,85903.0,114200.0,mercer university,88165.9404341531,59737.26641711521,20339.038701600784,25847.42143922461,24836.473610538294,37356.83154164936,24475.20088394176,16164.901829248238,23126.586217044478,86254.01955089797,59891.217863108046,43426.62388566041,22049.95243806788,19026.346038768497,18835.446245737377,117208.36754921579,27475.201394855576
140553,Morehouse College,Atlanta,GA,3,2,21.0,0.4396,1090.0,2844,39013.0,36359.0,36534.0,40092.0,41179.0,42723.0,51433.0,32893.0,0.4467,0.5944,0.8691,0.3136645963,0.1971698113,68427.534435,25000.0,20000.0,16500.0,19500.0,701,52889.0,29053.0,82328.0,96300.0,morehouse college,84496.76430465707,52787.89814499839,37316.80416569122,42263.77729692782,25658.574332140062,29818.34240286661,40040.718416791206,16934.65905921244,41148.142484966374,70230.11914662084,54282.25351410222,33759.49942028332,37496.4141860162,20526.85946571205,20013.687979069247,98836.82832740352,43848.45084768079
140696,Oglethorpe University,Atlanta,GA,4,2,21.0,0.8845,1227.0,1352,19509.0,16207.0,17558.0,18745.0,23924.0,22055.0,60581.0,47590.0,0.3596,0.541,0.7333,0.4711538462,0.1992409867,73013.49497,25000.0,16250.0,12375.0,15750.0,376,55232.0,33088.0,87292.0,91000.0,oglethorpe university,89591.5308240468,62176.88366461508,16633.940568039758,24554.229292884753,25658.574332140062,33959.63630007401,20022.92506582882,12700.994294409329,19238.79903423862,74936.88751748318,56686.97510051039,48843.66209866182,18020.52992494861,16678.07331589104,16164.901829248238,93397.21056898982,22635.994275813962
140720,Paine College,Augusta,GA,3,2,21.0,0.9543,,388,16670.0,15322.0,14959.0,17233.0,23604.0,20388.0,27431.0,14596.0,0.7558,0.1443,0.5357,0.1647058824,0.3785714286,32102.562963,,11000.0,10750.0,11000.0,432,33338.0,18210.0,49443.0,56000.0,paine college,50745.47562816004,28153.61410019736,15725.627036682,24225.79954143336,,18689.70554353082,17109.13736467099,11033.186962820226,17686.968458630785,32948.23992153368,34216.22204339541,14980.502038076653,15353.064537379327,11289.772706141626,11289.772706141626,57475.20650399374,20925.08053934686
140818,Piedmont University,Demorest,GA,4,2,18.0,0.9328,1129.0,1117,20599.0,15416.0,17618.0,19085.0,24161.0,25622.0,46801.0,31700.0,0.4235,0.4741,0.6982,0.4774665043,0.3148648649,70515.182143,25000.0,18250.0,15500.0,18750.0,595,49130.0,33695.0,70024.0,67100.0,piedmont university,71868.64036135102,48033.87749273948,15822.103276170847,24797.47257755344,25658.574332140062,34582.626484858374,21141.638906710123,15908.316085926837,19587.75564515572,72372.76170242243,50424.230277521645,32535.072253153598,18082.110503345742,18730.759262462245,19243.930749105046,68867.61350746392,26296.959661523706
140872,Reinhardt University,Waleska,GA,4,2,22.0,0.6154,,1066,24425.0,21877.0,21977.0,23758.0,28296.0,26816.0,46386.0,30074.0,0.3983,0.4357,0.6222,0.4927325581,0.365456821,62937.390728,23900.0,12885.0,13141.0,14000.0,459,46541.0,29886.0,67335.0,65500.0,reinhardt university,69108.80410618604,47607.945158825954,22453.305226569126,29041.400772089408,24529.5970615259,30673.286099613513,25068.427122500838,13487.1730119461,24383.856359319343,64595.34873061322,47767.028319685225,30866.23857859121,22555.939523897683,13224.429210784987,14368.801625998434,67225.46475020696,27522.413171626715
140951,Savannah College of Art and Design,Savannah,GA,4,2,18.0,0.8298,1173.0,15243,49430.0,44858.0,45198.0,48668.0,51558.0,52147.0,63627.0,41630.0,0.1882,0.6941,0.8633,0.5544922913,0.1763042112,95426.340368,25148.0,15000.0,15537.0,15666.0,2473,45954.0,22720.0,74382.0,78400.0,savannah college of art and design,76341.44303892968,65303.124361243026,46039.693095645554,52916.19101665909,25810.47309218633,23318.512353048885,50732.13316950733,15946.290775938405,49950.059823863696,97940.15390305703,47164.56499436657,42726.65797787963,46388.64970656266,15395.144599284036,16078.689019492247,80465.28910559123,53520.70702792431
140988,Shorter University,Rome,GA,4,2,20.0,0.9646,1115.0,1028,16646.0,15929.0,21482.0,22944.0,21292.0,18898.0,35726.0,24630.0,0.3752,0.3769,0.6053,0.3869047619,0.3538461538,57618.850482,25000.0,12250.0,12500.0,12000.0,1620,44604.0,27477.0,64265.0,85400.0,shorter university,65957.93117819924,36667.12906360143,16348.61722146636,21852.894587197046,25658.574332140062,28200.825876968498,17084.505133312137,12829.287166070031,23548.41317906486,59136.702320994445,45779.00198043101,25278.827432024387,22047.89975212131,12572.701422748629,12316.115679427228,87649.68991859045,19395.829509151314
141060,Spelman College,Atlanta,GA,3,2,21.0,0.2487,1220.0,3414,38967.0,32923.0,34108.0,36602.0,38640.0,44529.0,50952.0,31556.0,0.2783,0.7846,0.9409,0.4242738589,0.2070874862,66727.868922,25000.0,22796.0,21500.0,22750.0,624,59993.0,40168.0,86219.0,87400.0,spelman college,88490.26481371136,52294.22717484801,33790.28970948189,39657.89248775568,25658.574332140062,41226.14455093608,39993.50664002007,22066.37392564045,37566.20550819962,68485.67939041743,61573.393996323146,32387.27886500047,35006.50613282533,23396.514419018593,23349.302642247454,89702.37586516165,45702.02625743459
141167,Thomas University,Thomasville,GA,4,2,19.0,0.383,1072.0,998,18499.0,15640.0,19546.0,19923.0,19934.0,20059.0,23079.0,11640.0,0.5535,0.2754,0.4925,0.4173913043,0.4551148225,53551.238866,21198.0,17750.0,14000.0,14250.0,408,49716.0,31997.0,74817.0,69400.0,thomas university,76787.90223230892,23686.969480458418,16052.004102186822,20459.1208294752,21756.4183477082,32839.89611621942,18986.318662810358,14368.801625998434,20447.831056769057,54961.93772085795,51025.66725986701,11946.632209044412,20060.899755840386,18217.587775819444,14625.387369319835,71228.20234602081,20587.413701135898
141185,Toccoa Falls College,Toccoa Falls,GA,4,2,22.0,0.6596,1130.0,875,21642.0,20825.0,18982.0,20262.0,22762.0,24766.0,37561.0,23950.0,0.1611,0.4366,0.625,0.5856832972,0.2995689655,59489.258312,22250.0,9500.0,12867.0,9524.0,324,36630.0,21730.0,53553.0,52700.0,toccoa falls college,54963.74524836387,38550.46841958051,21373.59241867267,23361.61875792688,22836.131155604653,22302.432809496142,22212.114627847008,13205.955037265847,20795.761324712876,61056.382254493314,37594.94311145162,24580.914210190178,19482.042318907304,9750.258246213223,9774.890477572077,54088.274692151244,25418.41007639123
141237,Truett McConnell University,Cleveland,GA,4,2,22.0,0.7826,,744,22227.0,21274.0,18953.0,20984.0,22134.0,24560.0,39152.0,26792.0,0.1015,0.3781,0.6698,0.5386904762,0.2894736842,68347.356061,23439.0,9500.0,11000.0,12000.0,286,46700.0,30962.0,63630.0,64600.0,truett mcconnell university,65306.20339016288,40183.3800900779,21834.420413677904,22717.075370703526,24056.452950841234,31777.631138868823,22812.525267219084,11289.772706141626,21536.78095142508,70147.82863585648,47930.21685243763,27497.78094026786,19452.278372682023,9750.258246213223,12316.115679427228,66301.75607424992,25206.983423894395
141325,Wesleyan College,Macon,GA,4,2,22.0,0.591,1075.0,400,12724.0,11045.0,13317.0,12943.0,9287.0,22726.0,40721.0,27650.0,0.4579,0.4452,0.76,0.4054054054,0.3515625,54957.517949,24094.0,15425.0,12925.0,15613.0,169,44317.0,25212.0,60741.0,67300.0,wesleyan college,62341.098540340776,41793.71221516302,11335.95813993948,9531.64719290339,24728.707598343306,25876.159042476607,13059.187992086005,13265.48292971641,13283.957103235552,56405.26237617352,45484.441547098046,28378.383211346907,13667.809375244367,15831.340362930418,16024.29284190811,69072.88210212105,23324.6704108886
141361,Young Harris College,Young Harris,GA,4,2,21.0,0.6264,,755,22034.0,19721.0,17986.0,20095.0,22992.0,25053.0,48301.0,32305.0,0.2038,0.4175,0.6461,0.5885714286,0.282,79068.45809,27000.0,12000.0,12000.0,12000.0,404,47195.0,28097.0,66894.0,64000.0,young harris college,68656.18685496709,49573.39195266788,20240.509776165367,23597.67764178257,27711.260278711266,28837.15852040557,22614.441073374965,12316.115679427228,20624.362048174182,81151.35636919865,48438.25662421401,33156.00975199138,18459.804717514846,12316.115679427228,12316.115679427228,65685.95029027856,25712.970509724197
141486,Chaminade University of Honolulu,Honolulu,HI,4,2,19.0,0.9143,1060.0,1672,28856.0,31589.0,21591.0,25597.0,28054.0,29306.0,45798.0,30874.0,0.4133,0.554,0.7037,0.5073947668,0.4233825199,52419.884058,23250.0,16104.0,18699.0,19000.0,695,52343.0,32180.0,73655.0,77200.0,chaminade university of honolulu,75595.29169735104,47004.45549053402,32421.148183118894,28793.02577255429,23862.474128890255,33027.716880330685,29616.152837129343,19191.58725746748,26271.301087191565,53800.77966337428,53721.87025068829,31687.31295721969,22159.77113620944,16528.22724179134,19500.516492426446,79233.6775376485,30078.007175107865
141644,Hawaii Pacific University,Honolulu,HI,4,2,18.0,0.8587,1111.0,2392,29657.0,25758.0,24413.0,28979.0,30450.0,33540.0,50674.0,34392.0,0.2145,0.3489,0.5645,0.6262261229,0.3583756345,79855.796117,22000.0,12500.0,11790.0,12151.0,1329,59593.0,35751.0,90587.0,97500.0,hawaii pacific university,92973.33092102286,52008.90382827462,26436.542305890547,31252.143536546595,22579.545412283253,36692.78763793357,30438.25355873111,12100.583655037253,29742.393022843473,81959.43522081064,61162.8568070089,35297.98753723844,25056.11100682141,12829.287166070031,12471.093468393356,100068.43989534624,34423.5433239991
142090,Boise Bible College,Boise,ID,3,2,24.0,0.9048,1040.0,93,15058.0,,13406.0,15185.0,,,23301.0,11802.0,0.4854,0.3158,0.5625,0.568,,52349.68254,,,,,107,33140.0,15380.0,52277.0,,boise bible college,53654.131614451435,23914.81762052782,,,,15785.154929132565,15454.672491734602,,15585.018049341872,53728.72882866099,34013.00613468487,12112.89977071668,13759.153899866786,,,,
142294,The College of Idaho,Caldwell,ID,4,2,22.0,0.491,1180.0,1041,19481.0,14026.0,16218.0,17773.0,19729.0,23095.0,50542.0,37845.0,0.2517,0.6254,0.8185,0.7181372549,0.2680722892,80317.75,24500.0,19000.0,14795.0,19000.0,358,48473.0,28152.0,71310.0,79600.0,the college of idaho,73188.5174249963,51873.42655580092,14395.48654330386,20248.72051995165,25145.402845497258,28893.60738393628,19994.18746257682,15184.744289760487,18241.193664205013,82433.5583426097,49749.922944073005,38841.94982399362,16645.2303407459,19500.516492426446,19500.516492426446,81696.90067353395,23703.390968030988
142461,Northwest Nazarene University,Nampa,ID,4,2,18.0,0.6474,1130.0,1024,29580.0,28732.0,30626.0,35166.0,33413.0,34800.0,55163.0,40794.0,0.2976,0.7076,0.7741,0.6507503411,0.3388429752,76105.440367,23750.0,18500.0,15750.0,17250.0,573,51719.0,32147.0,76869.0,72900.0,northwest nazarene university,78893.95801349098,56616.157435353685,29488.886308441928,34293.19776639184,24375.645615533056,32993.847562212264,30359.22514978812,16164.901829248238,36092.37699856149,78110.28394947689,53081.43223535807,41868.635252212865,31432.77989984486,18987.345005783645,17704.416289176643,74820.40275252041,35716.735470338965
142522,Brigham Young University-Idaho,Rexburg,ID,3,2,22.0,0.9575,1118.0,44397,8221.0,4378.0,4579.0,5854.0,8986.0,13764.0,15246.0,4800.0,0.243,0.5548,0.7117,0.7002285253,0.2434898308,70087.436312,13969.0,8539.0,9230.0,9215.0,6144,53406.0,26332.0,85303.0,88300.0,brigham young university-idaho,87550.13465018175,15647.624970712295,4493.3295370443675,9222.717957944424,14336.98499382658,27025.663172556484,8437.565583380938,9473.14564342611,6008.211765613916,71933.74777442338,54812.872831290886,4926.446271770892,4699.624474674773,8763.942648885759,9457.750498826827,90626.08454111869,14126.584684303032
143048,School of the Art Institute of Chicago,Chicago,IL,4,2,30.0,0.7747,,2805,49790.0,43798.0,39845.0,46708.0,49595.0,55790.0,75625.0,56420.0,0.1873,0.6699,0.8383,0.6096579477,0.212636695,91852.495352,27000.0,21363.0,18456.0,20701.0,659,40151.0,19505.0,65300.0,68500.0,school of the art institute of chicago,67020.19615554984,77617.18735472369,44951.769543962815,50901.47976009945,27711.260278711266,20018.819693935675,51101.61663989015,18942.18591495908,47938.42759622392,94272.16318327366,41208.696720390224,57906.27055277369,40894.635770564826,21925.764938300326,21246.325889985255,70304.49367006376,57259.67447960376
143084,Augustana College,Rock Island,IL,4,2,21.0,0.6268,1165.0,2490,22736.0,15787.0,16525.0,16865.0,22405.0,28086.0,63553.0,51598.0,0.24,0.7286,0.8211,0.7862208713,0.2224352828,102766.62558,27000.0,25000.0,26000.0,26000.0,873,62971.0,45347.0,87097.0,89900.0,augustana college,89391.39394425611,65227.17498121989,16202.876519259806,22995.214316463924,27711.260278711266,46541.57480958221,23334.933840621456,26684.917305425664,17309.274244461685,105473.80405230545,64629.84337076767,52957.24473559052,16960.31763354458,25658.574332140062,26684.917305425664,92268.23329837566,28825.86874769943
143118,Aurora University,Aurora,IL,4,2,17.0,0.8085,1076.0,3974,18838.0,14525.0,14089.0,15431.0,19300.0,24595.0,40625.0,29170.0,0.4495,0.6032,0.7706,0.6186746988,0.4569466455,70462.216041,20318.0,16000.0,15000.0,15750.0,1420,58709.0,41124.0,82940.0,79500.0,aurora university,85124.88620430787,41695.183289727596,14907.631686973375,19808.419384412126,20853.23653121687,42207.32843339712,19334.24893075418,15395.144599284036,15837.49842077013,72318.40031581241,60255.56961862443,29938.424530741024,14460.146150620852,16421.48757256964,16164.901829248238,81594.26637620539,25242.90542795939
143288,Blackburn College,Carlinville,IL,3,2,22.0,0.6319,,471,18460.0,16838.0,14781.0,12329.0,23013.0,23305.0,37916.0,28149.0,0.4987,0.5749,0.6721,0.552407932,0.4395604396,47211.929178,24242.0,13546.0,18500.0,15000.0,314,46802.0,32912.0,63312.0,71600.0,blackburn college,64979.82632465806,38914.8201750969,17281.562984182972,23619.23084422157,24880.606358389574,33778.99993677575,18946.29128685222,18987.345005783645,12653.782517638192,48455.6317670978,48034.903835712765,28890.528355016424,15170.37548813449,13902.84191612677,15395.144599284036,73486.15688724913,23918.922992420965
143358,Bradley University,Peoria,IL,4,2,17.0,0.7676,,3574,22719.0,17269.0,16539.0,18609.0,22954.0,30008.0,54730.0,42160.0,0.3165,0.7617,0.8265,0.766758494,0.2360436893,95688.205794,27000.0,23250.0,23250.0,23000.0,1871,66852.0,44657.0,91207.0,96700.0,bradley university,93609.66356445994,56171.75092792102,17723.91680566907,23558.67660879772,27711.260278711266,45833.398158015145,23317.4860100756,23862.474128890255,19099.216389871777,98208.91764297856,68613.0804500891,43270.619753720996,16974.686435170577,23862.474128890255,23605.888385568855,99247.36551671775,30798.499942354356
144050,University of Chicago,Chicago,IL,4,2,15.0,0.0448,1554.0,7569,14860.0,-1264.0,914.0,226.0,12602.0,48524.0,90360.0,70662.0,0.1526,0.9585,0.9926,0.8724324324,0.202435312,107141.12893,15000.0,8250.0,14500.0,13783.0,780,91885.0,60576.0,158433.0,195000.0,university of chicago,162606.59628655785,92740.35106608704,-1297.2975182330015,12933.974149345162,15395.144599284036,62171.75194974865,15251.456583024052,14881.973112641235,231.95351196254614,109963.54482719228,94305.52410034758,72523.44717830724,938.0774775830406,8467.32952960622,14146.085200795458,200136.87979069247,49802.266435710575
144281,Columbia College Chicago,Chicago,IL,4,2,19.0,0.8946,,5368,26598.0,20924.0,21423.0,25590.0,31677.0,36436.0,51889.0,34088.0,0.4596,0.5155,0.6603,0.4581005587,0.2494863516,80950.268923,25000.0,18000.0,15750.0,15750.0,4399,42195.0,20974.0,65271.0,68900.0,columbia college chicago,66990.43220932456,53255.91054081662,21475.200373027947,32511.466364768028,25658.574332140062,21526.517521692225,27298.670403450455,16164.901829248238,26264.116686378566,83082.73969470091,43306.54175778599,34985.97927335962,21987.34551669746,18474.173519140844,16164.901829248238,70715.030859378,37395.83257463421
144351,Concordia University-Chicago,River Forest,IL,4,2,18.0,0.9279,,1323,18436.0,16795.0,16397.0,15768.0,20046.0,23907.0,45383.0,37488.0,0.4568,0.3646,0.605,0.5881708653,0.3850063532,69427.950284,23000.0,12500.0,15000.0,14000.0,708,54089.0,36112.0,75178.0,76900.0,concordia university-chicago,77158.41204566501,46578.5231566205,17237.430236331693,20574.071242483187,23605.888385568855,37063.297451289676,18921.659055493365,15395.144599284036,16183.37600276738,71256.88892360555,55513.86508204495,38475.54538253066,16828.945732964025,12829.287166070031,14368.801625998434,78925.77464566282,24536.7814623389
144740,DePaul University,Chicago,IL,4,2,16.0,0.7589,1262.0,14090,30902.0,27359.0,25950.0,28687.0,31057.0,37092.0,63052.0,45999.0,0.3178,0.678,0.855,0.6199547089,0.3023514164,87123.937038,23168.0,20702.0,18500.0,19500.0,5554,68751.0,42705.0,101987.0,99700.0,depaul university,104673.64081647873,64712.9771516038,28079.717406120795,31875.133721330956,23778.314005080836,43829.976674161655,31716.050560471685,18987.345005783645,29442.700874644077,89419.04058392855,70562.10575635845,47210.75042816443,26633.600156761382,21247.352232958543,20013.687979069247,102326.39443657456,38069.11356510957
144883,East-West University,Chicago,IL,3,2,21.0,,,468,21697.0,19168.0,26636.0,29284.0,30852.0,,32606.0,25395.0,0.6174,0.1556,0.3711,0.1623309053,0.5393939394,25507.621795,26986.0,7334.0,,6667.0,806,29963.0,12703.0,47010.0,50400.0,east-west university,48248.38317415617,33464.93898695035,19672.942111938428,31664.733411807407,27696.891477085268,13037.634789647007,22268.563491377714,,30055.42762969558,26179.568394524933,30752.314508556505,26063.979806587875,27337.671436435307,7527.199366076608,6842.628602895112,51727.68585359436,
144962,Elmhurst University,Elmhurst,IL,4,2,18.0,0.7364,1151.0,3006,24185.0,17892.0,18377.0,23098.0,25419.0,30232.0,54679.0,42955.0,0.3681,0.7,0.799,0.7127371274,0.351910828,78726.153636,20489.0,15000.0,14236.0,15250.0,1248,61462.0,41317.0,84145.0,85700.0,elmhurst university,86361.62948711701,56119.40743628346,18363.328478026,26088.61203794673,21028.741179648707,42405.41262724123,24822.104808912296,14611.018567693836,23706.469996950844,80800.03459811138,63081.0918240797,44086.56241748305,18861.104820069515,15395.144599284036,15651.730342605437,87957.59281057613,31028.40076837033
144971,Eureka College,Eureka,IL,3,2,22.0,0.8499,,522,17349.0,13711.0,14527.0,14602.0,21458.0,23482.0,39578.0,29096.0,0.4858,0.4161,0.5039,0.6723404255,0.3415977961,74800.502717,23250.0,14875.0,15750.0,15375.0,383,51641.0,35183.0,66939.0,72100.0,eureka college,68702.37228876493,40620.602196697575,14072.188506718894,22023.267520762456,23862.474128890255,36109.82482910735,17806.024243531916,16164.901829248238,14986.660095916366,76770.97036182357,53001.37748344179,29862.475150717888,14909.684372919946,15266.851727623336,15780.023214266137,73999.32837389194,24100.585698692517
145372,Greenville University,Greenville,IL,4,2,20.0,0.975,1038.0,955,19533.0,19181.0,15313.0,13988.0,20650.0,24903.0,45091.0,32200.0,0.3889,0.3982,0.7081,0.6212471132,0.3112701252,68200.167382,23875.0,17125.0,14906.0,15000.0,656,46827.0,31411.0,64428.0,70500.0,greenville university,66125.22508284479,46278.8310084211,19686.28457059114,21193.98239834769,24503.93848719376,32238.459133874057,20047.55729718767,15298.66835979519,14356.485510319008,69996.76256941764,48060.562410044906,33048.243739796395,15716.38994992243,17576.12341751594,15395.144599284036,72357.17961663497,25559.019063731357
145497,Hebrew Theological College,Skokie,IL,3,2,21.0,0.5714,,90,26861.0,21396.0,,,,35059.0,35559.0,15150.0,0.1276,0.5,0.8605,,,,14000.0,,,,301,33291.0,20241.0,59275.0,,hebrew theological college,60836.47974150408,36495.72978706274,21959.63425641875,,14368.801625998434,20774.208122273878,27568.598605424566,,,,34167.98392365099,15549.096045276876,,,,,35982.558300419936
145619,Benedictine University,Lisle,IL,4,2,18.0,0.9523,,1942,22313.0,20168.0,17869.0,18628.0,23517.0,27454.0,46713.0,35940.0,0.3947,0.5033,0.6601,0.5692307692,0.3431952663,72777.836066,22500.0,18750.0,15608.0,17500.0,1683,63446.0,40888.0,87863.0,97500.0,benedictine university,90177.57266179289,47943.55931109034,20699.28508522403,24136.507702757513,23092.716898926054,41965.11149170171,22900.790762921646,16019.161127041683,19118.716906364203,74695.0206572706,65117.356283078334,36886.76645988455,18339.72258964043,19243.930749105046,17961.002032498043,100068.43989534624,28177.21998858293
145646,Illinois Wesleyan University,Bloomington,IL,3,2,22.0,0.3931,1275.0,1582,28199.0,17732.0,19057.0,23152.0,27396.0,37104.0,70700.0,57704.0,0.2633,0.747,0.8005,0.843615495,0.1772575251,,27000.0,22250.0,22624.0,23250.0,656,70871.0,50689.0,98120.0,104500.0,illinois wesleyan university,100704.7725387833,72562.4482112921,18199.113602300302,28117.692096132363,27711.260278711266,52024.2989728739,28941.845503680703,23219.983427613468,23761.892517508266,,72737.95285972393,59224.094930472405,19559.018041903724,22836.131155604653,23862.474128890255,107252.84070834545,38081.42968078899
145691,Illinois College,Jacksonville,IL,4,2,21.0,0.7819,1064.0,930,18298.0,12487.0,10910.0,12569.0,16826.0,25788.0,48955.0,38676.0,0.3839,0.6382,0.7063,0.7692307692,0.3109756098,70252.970179,25565.0,12500.0,18838.0,12490.0,364,52575.0,37164.0,78809.0,73600.0,illinois college,80885.06338166504,50244.620257196664,12815.944707417317,17269.246868503546,26238.458112046425,38143.01025918613,18780.02372517995,19334.24893075418,12900.104831226738,72103.64229565962,53959.981820490546,39694.84083479396,11197.401838545922,12829.287166070031,12819.023736337174,75538.84283382034,26467.332595089116
145725,Illinois Institute of Technology,Chicago,IL,4,2,16.0,0.5493,1311.0,2833,18425.0,12964.0,13415.0,17217.0,21858.0,29950.0,68164.0,52386.0,0.3001,0.7521,0.8596,0.802978236,0.3223767383,70052.850208,25000.0,22500.0,20500.0,20687.0,658,82592.0,56428.0,113769.0,118200.0,illinois institute of technology,116766.0137277297,69959.6424310398,13305.51030567455,22433.804710076696,25658.574332140062,57914.48129655997,18910.369282787226,21040.03095235485,17670.54697105822,71898.25056960965,84767.71884960447,53766.00299853957,13768.390986626357,23092.716898926054,21231.957088359257,121313.7394423582,30738.972049903794
146339,Judson University,Elgin,IL,4,2,20.0,0.4759,1039.0,708,18558.0,15701.0,18010.0,17079.0,21124.0,21515.0,43137.0,31360.0,0.3871,0.5987,0.5917,0.6605783866,0.3562753036,78776.106383,25000.0,12579.0,14875.0,13219.0,513,56313.0,37531.0,79120.0,86400.0,judson university,81204.25604635687,44273.35683862103,16114.611023557243,21680.468967685065,25658.574332140062,38519.678130381944,19046.87289823421,15266.851727623336,17528.911640744805,80851.30324899116,57796.45185463213,32186.11564223649,18484.4369488737,12910.368260959593,13567.227763862378,88676.03289187605,22081.769070239738
146427,Knox College,Galesburg,IL,3,2,21.0,0.7079,1326.0,1127,24595.0,17134.0,17363.0,23844.0,25402.0,31983.0,68134.0,57903.0,0.3087,0.6773,0.8313,0.7599206349,0.2784552846,76844.429126,27000.0,22155.0,21500.0,24480.0,410,54820.0,35617.0,80037.0,87000.0,knox college,82145.41255285977,69928.85214184124,17585.36050427551,26071.164207400874,27711.260278711266,36555.2576795133,25242.90542795939,22066.37392564045,24472.121855021906,78868.7398696136,56264.12179551672,59428.33718215624,17820.393045157914,22738.628573142523,25124.875986031548,89291.83867584741,32825.52731459342
146481,Lake Forest College,Lake Forest,IL,4,2,21.0,0.5681,1343.0,1813,28673.0,19605.0,20210.0,21481.0,26055.0,35341.0,70655.0,56402.0,0.3224,0.7778,0.8988,0.7724358974,0.2458715596,88944.801056,26158.0,21267.0,23250.0,20000.0,431,61825.0,41213.0,88777.0,99500.0,lake forest college,91115.65013937592,72516.26277749424,20121.453991264236,26741.36616895637,26847.079495204787,42298.67295801953,29428.33207301808,23862.474128890255,22046.873409148026,91287.87157411143,63453.65432338237,57887.79637925455,20742.391490102025,21827.236012864905,20526.85946571205,102121.12584191744,36271.98701888647
146612,Lewis University,Romeoville,IL,4,2,18.0,0.7129,1096.0,4015,17028.0,10382.0,11712.0,12178.0,19908.0,25035.0,47313.0,39200.0,0.3255,0.6661,0.7915,0.6590709904,0.3940031562,82782.257944,21500.0,18500.0,18500.0,18832.0,1830,66099.0,44698.0,91311.0,91900.0,lewis university,93716.40323368165,48559.36509506171,10655.492748651124,20432.435912169774,22066.37392564045,45875.47821991986,17476.56814910724,18987.345005783645,12498.804728672067,84962.98875354065,67840.24419120504,40232.64455279562,12020.528903120976,18987.345005783645,19328.090872914465,94320.91924494687,25694.496336205055
146719,Loyola University Chicago,Chicago,IL,4,2,16.0,0.816,1297.0,11737,36079.0,28992.0,28663.0,32432.0,36853.0,42346.0,67408.0,53710.0,0.2375,0.7304,0.8167,0.7538461538,0.2768674699,96261.548815,24157.0,22000.0,19500.0,20500.0,3259,71530.0,49691.0,99274.0,96900.0,loyola university chicago,101889.17232995489,69183.72714323588,29755.735481496184,37823.81759449431,24793.3672056603,51000.00868553487,37029.42813317125,20013.687979069247,33286.35530959866,98797.36422386426,73414.31287911914,55124.88109516971,29418.068643285224,22579.545412283253,21040.03095235485,99452.63411137488,43461.51954675212
147013,McKendree University,Lebanon,IL,4,2,19.0,0.7172,,1752,24717.0,21928.0,21432.0,21041.0,28333.0,29066.0,48845.0,34740.0,0.336,0.5333,0.6735,0.5559701493,0.3255813953,72016.686778,23250.0,15813.0,18500.0,16725.0,1004,58572.0,39892.0,83018.0,77100.0,mckendree university,85204.94095622415,50131.72253013525,22505.64871820669,29079.375462100972,23862.474128890255,40942.87389030925,25368.119270700234,18987.345005783645,21595.28250090236,73913.82043391046,60114.9606312843,35655.15489194183,21996.58260345703,16229.56143656523,17165.5862282017,79131.04324031995,29831.68486151932
147129,Methodist College,Peoria,IL,4,2,26.0,0.3889,,245,41787.0,,,,41787.0,,46874.0,18008.0,0.5107,0.2,,0.6078947368,0.347826087,92244.867647,31250.0,29000.0,24257.0,26250.0,344,69800.0,46643.0,89313.0,,methodist college,91665.769973057,48108.800529789325,,42887.79382468547,32073.217915175075,47871.71530296035,42887.79382468547,24896.001502988856,,94674.87173115886,71638.73953533504,18482.384262927128,,29763.94622528247,26941.503048747065,,
147244,Millikin University,Decatur,IL,4,2,22.0,0.6668,1034.0,1382,21989.0,18659.0,15629.0,23053.0,24622.0,27524.0,57475.0,26892.0,0.3757,0.5494,0.75,0.6422310757,0.3184782609,73083.293062,27000.0,20000.0,16207.0,20000.0,1016,51262.0,33474.0,72474.0,81900.0,millikin university,74383.18064590075,58989.06238959,19150.533538536056,25270.616688238104,27711.260278711266,34355.804687762255,22568.255639577113,16633.940568039758,23660.284563152993,75008.52429875612,52612.393496566554,27600.41523759642,16040.714329480681,20526.85946571205,20526.85946571205,84057.48951209083,28249.06399671292
147341,Monmouth College,Monmouth,IL,3,2,21.0,0.9093,1128.0,702,17133.0,12483.0,12400.0,14782.0,18057.0,21678.0,57157.0,44922.0,0.3714,0.6461,0.7441,0.6605263158,0.3224400871,72518.195122,27000.0,20500.0,21750.0,20000.0,612,51110.0,33309.0,69258.0,74900.0,monmouth college,71082.46164381425,58662.68532408518,12811.839335524175,18532.675068618122,27711.260278711266,34186.45809717013,17584.334161302228,22322.959668961852,15171.401831107774,74428.53999881896,52456.38936462714,46105.379045935835,12726.65286874147,21040.03095235485,20526.85946571205,76873.08869909162,22249.062974885288
147369,Moody Bible Institute,Chicago,IL,4,2,24.0,0.8269,,1510,22221.0,21293.0,23057.0,20599.0,25676.0,22897.0,34327.0,15786.0,0.3627,0.6233,0.839,,0.2808988764,37295.807065,18149.0,13504.0,11000.0,12000.0,526,45399.0,26858.0,66567.0,,moody bible institute,68320.5727027027,35231.27524397487,21853.920930170334,26352.382182081128,18627.0986221604,27565.51957650471,22806.367209379372,11289.772706141626,21141.638906710123,38278.28951417828,46594.94464419306,16201.85017628652,23664.389935046136,13859.735511248775,12316.115679427228,,23500.175059320438
147536,National Louis University,Chicago,IL,4,2,17.0,0.9505,,4406,12641.0,12462.0,11567.0,12996.0,15447.0,17956.0,24154.0,12705.0,0.5515,0.3014,0.5042,0.4267631103,0.5044483986,30595.432018,19750.0,13248.0,11835.0,12500.0,2291,45799.0,26351.0,68973.0,101300.0,national louis university,70789.95389642786,24790.28817674044,12790.286133085177,15853.919908342701,20270.273722390648,27045.16368904891,12974.0015253033,12146.769088835104,13338.353280819689,31401.40666631164,47005.48183350731,13039.687475593579,11871.709171994564,13596.991710087661,12829.287166070031,103968.54319383153,18429.014428316277
147660,North Central College,Naperville,IL,4,2,20.0,0.7733,1213.0,2428,21044.0,12507.0,13486.0,16362.0,20590.0,26961.0,57219.0,45726.0,0.2395,0.64,0.7713,0.7455325232,0.2659660469,93247.417752,24500.0,20000.0,17625.0,19500.0,1119,60123.0,41286.0,83972.0,82200.0,north central college,86184.0721527386,58726.31858842888,12836.47156688303,21132.401819950555,25145.402845497258,42373.59599506938,21598.361529822218,18089.29490415874,16793.02372889903,95703.83198679234,61706.818582850276,46930.55879645746,13841.261337729635,20526.85946571205,20013.687979069247,84365.39240407651,27671.232902753127
147679,North Park University,Chicago,IL,4,2,18.0,0.6851,,1818,16948.0,14845.0,14843.0,16067.0,19208.0,22964.0,44172.0,36710.0,0.4434,0.5772,0.6166,0.6416732439,0.3698324022,68962.568098,25500.0,20832.0,19500.0,19000.0,837,59572.0,37927.0,81814.0,79000.0,north park university,83969.22401638828,45335.62181597163,15236.061438424767,19713.99583086985,26171.745818782863,38926.109947803045,17394.46071124439,20013.687979069247,16490.252551779773,70779.24718711215,61141.303604569905,37677.05054931447,15234.008752478197,21380.77681948567,19500.516492426446,81081.09488956259,23568.940038530574
147767,Northwestern University,Evanston,IL,4,2,15.0,0.0769,1533.0,9201,29167.0,1764.0,6099.0,7898.0,18282.0,48777.0,91250.0,68322.0,0.1855,0.9513,0.981,0.8701616854,0.1515711645,104163.09285,15000.0,12500.0,15000.0,13572.0,1747,89363.0,61037.0,139122.0,173600.0,northwestern university,142786.8871294396,93653.79631231123,1810.4690048758027,18763.602237607385,15395.144599284036,62644.89606043331,29935.345501821164,15395.144599284036,8106.056803009688,106907.05842229328,91717.08712172128,70121.80462081893,6259.665794068889,12829.287166070031,13929.526833432195,178173.1401623806,50061.93120795183
147828,Olivet Nazarene University,Bourbonnais,IL,4,2,18.0,0.5586,1117.0,2603,20729.0,17232.0,15056.0,18019.0,23218.0,25580.0,51981.0,38900.0,0.3804,0.6084,0.7083,0.6662584201,0.2768395657,86804.466121,25000.0,14250.0,21430.0,17750.0,1344,53213.0,34206.0,80621.0,73500.0,olivet nazarene university,82744.79684925855,53350.3340943589,17685.9421156575,23829.63115374512,25658.574332140062,35107.08774420732,21275.063493237252,21994.52991751046,18493.67403563327,89091.15385309649,54614.78863744676,39924.74166080994,15452.61980578803,14625.387369319835,18217.587775819444,75436.20853649177,26253.85325664571
148131,Quincy University,Quincy,IL,4,2,22.0,0.5093,1098.0,1010,20359.0,16502.0,13561.0,17804.0,12825.0,25231.0,50091.0,37140.0,0.2973,0.4504,0.7003,0.6025641026,0.3300492611,71946.328467,24000.0,10955.0,14000.0,13091.0,622,50369.0,34763.0,67726.0,73200.0,quincy university,69510.10420874071,51410.54587484911,16936.711745159013,13162.848632387851,24632.231358854457,35678.7607803274,20895.31659312158,14368.801625998434,18273.010296376866,73841.60867580336,51695.86922142251,38118.378027827275,13918.237060726055,11243.587272343775,13435.855863281822,75128.3056445061,25895.659558969033
148405,Rockford University,Rockford,IL,4,2,20.0,0.9291,956.0,972,22436.0,20877.0,20841.0,22987.0,21229.0,27097.0,49169.0,37780.0,0.4835,0.472,0.6526,0.5788770053,0.4183864916,63023.886105,22274.0,18204.0,13000.0,15000.0,539,54794.0,37948.0,75592.0,70900.0,rockford university,77583.31803660525,50464.257653479784,21426.96225328352,21788.234979880053,22860.76338696351,38947.66315024204,23027.030948635776,13342.458652712832,23592.545926916144,64684.122653018865,56237.4368782113,38775.23753073006,21390.01390624524,18683.547485691106,15395.144599284036,72767.71680594921,27810.815547119968
148487,Roosevelt University,Chicago,IL,4,2,17.0,0.9716,1011.0,2849,20194.0,18018.0,18280.0,20266.0,24944.0,27157.0,35332.0,21315.0,0.5132,0.3514,0.6162,0.45645103,0.3683794466,64705.411827,22000.0,14750.0,14626.0,14500.0,5210,48712.0,27597.0,71216.0,83000.0,roosevelt university,73092.04118550746,36262.749932126906,18492.647692659986,25601.09912563607,22579.545412283253,28323.98703376277,20725.970002529455,15011.292327275221,20799.86669660602,66409.94476219256,49995.21891468827,21876.500475582616,18761.549551660813,15138.558855962636,14881.973112641235,85186.466782705,27872.396125517105
148496,Dominican University,River Forest,IL,4,2,18.0,0.9032,1002.0,2561,11745.0,9759.0,9014.0,11891.0,16851.0,17963.0,43891.0,38978.0,0.5152,0.5526,0.7793,0.6351219512,0.5074626866,56943.6,24411.0,17617.0,19422.0,18750.0,874,60327.0,39029.0,81636.0,78800.0,dominican university,83786.53496714344,45047.21944047837,10016.081076294195,17294.905442835687,25054.05832087484,40057.13990436378,12054.3982212394,19933.63322715297,12204.244295339098,58443.66373358603,61916.19254940054,40004.79641272621,9251.45556119642,18081.08416037246,19243.930749105046,80875.82629490548,18436.198829129276
148584,University of St Francis,Joliet,IL,4,2,17.0,0.6529,1141.0,1223,13006.0,8547.0,5584.0,10749.0,11311.0,20192.0,46239.0,38110.0,0.3934,0.6682,0.7876,0.652688172,0.4237804878,80523.159555,21079.0,16600.0,15750.0,16991.0,734,63926.0,45128.0,90346.0,85300.0,university of st francis,92725.98226446104,47457.07274175297,8772.153392672044,11608.965370833448,21634.283533887214,46316.80569843267,13348.616710552546,16164.901829248238,11032.16061984694,82644.37899602967,65610.00091025542,39113.930711914305,5731.099162826804,17037.293356541,17438.59345909567,87547.05562126188,20723.917316582883
148627,Saint Xavier University,Chicago,IL,4,2,18.0,0.843,,3096,10970.0,7572.0,7702.0,9715.0,15132.0,17864.0,43244.0,37940.0,0.5887,0.5661,0.7573,0.5963045913,0.493877551,54663.502436,22223.0,15086.0,18000.0,16884.0,1322,58656.0,39439.0,84749.0,81800.0,saint xavier university,86981.54064298152,44383.17553676259,7771.468993718581,15530.621871757736,22808.419895325944,40477.94052341087,11258.98241694306,18474.173519140844,9970.921985469628,56103.50162036901,60201.17344104029,38939.452406455755,7904.89358024571,15483.410094986599,17328.77476095411,83954.85521476228,18334.590874774003
149505,Trinity Christian College,Palos Heights,IL,4,2,22.0,0.8492,1157.0,820,19125.0,12891.0,13587.0,15592.0,18846.0,23986.0,35012.0,20605.0,0.3458,0.5752,0.8145,0.6824858757,0.3290909091,86635.751899,25009.0,21429.0,20150.0,21250.0,707,55700.0,37795.0,75406.0,73700.0,trinity christian college,77392.41824357414,35934.32018067551,13230.5872686247,19342.459674540463,25667.81141889963,38790.63267532935,19628.809364087145,20680.810911704888,16002.739639469113,88917.99519685343,57167.30361200806,21147.796964549838,13944.92197803148,21993.503574537175,21809.78818231905,75641.4771311489,24617.862557228458
149514,Trinity International University-Illinois,Deerfield,IL,4,2,17.0,1.0,,55,2835.0,1242.0,13991.0,,,,16515.0,12320.0,0.8929,0.461,0.125,0.5627198124,0.2960526316,74629.605263,26082.0,19554.0,19375.0,20430.0,607,46989.0,29118.0,68518.0,76100.0,trinity international university-illinois,70322.96784358291,16950.054203811724,1274.7179728207182,,26769.077429235083,29885.05469613017,2909.6823292646827,19885.395107408545,,76595.57096075827,48226.829971717176,12644.545430878621,14359.564539238863,20069.11049962667,20968.186944224857,78104.70026703435,
149639,VanderCook College of Music,Chicago,IL,4,2,32.0,0.8947,,76,19780.0,16308.0,,17968.0,20485.0,31777.0,44613.0,30910.0,0.2626,0.6667,0.8824,0.625,,,27000.0,,,,53,47863.0,30624.0,64978.0,,vandercook college of music,66689.71371815188,45788.23906719058,16737.601208341603,21024.635807755567,27711.260278711266,31430.727213898288,20301.064011589217,,18441.330543995704,,49123.85373036879,31724.261304257972,,,,,32614.10066209659
149781,Wheaton College,Wheaton,IL,4,2,21.0,0.874,1380.0,2121,26975.0,20001.0,18587.0,20553.0,24176.0,33435.0,59263.0,45546.0,0.2171,0.8475,0.9259,0.8789473684,,118864.45211,23250.0,21500.0,19500.0,21000.0,513,63756.0,38482.0,91183.0,101000.0,wheaton college,93585.03133310108,60824.16362582466,20527.885808685332,24812.867722152725,23862.474128890255,39495.73029797655,27685.601704379125,20013.687979069247,21094.427129938987,121995.69519654149,65435.52260479687,46745.81706126605,19076.636844459492,22066.37392564045,21553.20243899765,103660.64030184585,34315.777311804115
150066,Anderson University,Anderson,IN,4,2,20.0,0.7934,1035.0,1057,25021.0,23119.0,21044.0,22418.0,26139.0,29375.0,51585.0,37240.0,0.3626,0.5379,0.5993,0.6376221498,0.2316513761,79695.849132,27000.0,17500.0,20000.0,17750.0,856,48899.0,30753.0,72582.0,71900.0,anderson university,74494.0256870156,52943.9022769378,23728.02319938984,26827.57897871236,27711.260278711266,31563.12545745213,25680.12753457906,20526.85946571205,23008.556775116635,81795.27475665769,50187.14505069267,38221.01232515583,21598.361529822218,17961.002032498043,18217.587775819444,73794.05977923481,30148.82484026457
150145,Bethel University,Mishawaka,IN,4,2,20.0,0.9766,1014.0,1008,18610.0,17580.0,12572.0,12673.0,18645.0,25871.0,43885.0,34600.0,0.3349,0.5322,0.724,0.6261373036,0.3245125348,69784.229249,25000.0,19061.0,17320.0,19500.0,901,48860.0,29348.0,72745.0,70900.0,bethel university,74661.31959166114,45041.06138263866,18043.10947036089,19136.164736910057,25658.574332140062,30121.11357998586,19100.24273284506,17776.260297306635,13006.84450044844,71622.55333586276,50147.11767473453,35511.46687568184,12903.183860146593,19563.123413796868,20013.687979069247,72767.71680594921,26552.51906187182
150163,Butler University,Indianapolis,IN,4,2,18.0,0.8508,1274.0,4317,36041.0,25278.0,25696.0,32679.0,36778.0,41134.0,65970.0,47560.0,0.1505,0.8038,0.8749,0.8453683443,0.1295116773,132156.93665,26000.0,22000.0,22812.0,23250.0,1301,77235.0,50535.0,124552.0,122100.0,butler university,127833.07000866835,67707.84594765119,25943.89767871346,37746.84187149788,26684.917305425664,51866.24215498792,36990.427100186396,23412.935906591163,33539.8620240002,135638.343301678,79269.5995417135,48812.87180946325,26372.909041546838,22579.545412283253,23862.474128890255,125316.47703817206,42217.59186312997
150172,Calumet College of Saint Joseph,Whiting,IN,4,2,20.0,,,529,22451.0,21381.0,22931.0,22877.0,23358.0,24970.0,32968.0,23850.0,0.5161,0.2286,0.4228,0.352484472,0.5182926829,50198.550562,21534.0,9000.0,11000.0,9500.0,496,46945.0,22559.0,70968.0,91800.0,calumet college of saint joseph,72837.50812813263,33836.47514327974,21944.239111819465,23973.319170005103,22101.269586732164,23153.271134349907,23042.42609323506,11289.772706141626,23479.648199854728,51520.92963843072,48181.670880892605,24478.279912861617,23535.07072041215,9237.086759570422,9750.258246213223,94218.2849476183,25627.784042941494
150400,DePauw University,Greencastle,IN,3,2,21.0,0.5719,1340.0,1905,22264.0,11820.0,13957.0,12979.0,21774.0,31225.0,74320.0,59070.0,0.1637,0.7469,0.8858,0.8177496038,0.1635111876,,27000.0,24000.0,25000.0,25000.0,539,70527.0,47395.0,104082.0,102600.0,depauw university,106823.82934551207,76277.80977458597,12131.37394423582,22347.591900320705,27711.260278711266,48643.525218871124,22850.49995723065,25658.574332140062,13320.905450273835,,72384.89087691368,60626.079431980535,14324.668878147153,24632.231358854457,25658.574332140062,105302.78905910281,32047.559340842934
150455,Earlham College,Richmond,IN,4,2,21.0,0.7311,1219.0,670,24714.0,17178.0,15658.0,19768.0,26136.0,31058.0,67684.0,53930.0,0.2441,0.69,0.7723,0.7838541667,0.2262569832,,23488.0,19500.0,19500.0,21103.0,256,50797.0,29949.0,74089.0,71700.0,earlham college,76040.724547757,69466.99780386272,17630.51959510008,26824.499949792506,24106.74375653223,30737.945706930506,25365.040241780378,20013.687979069247,20288.74789590979,,52135.14401398875,55350.67654929254,16070.478275705962,20013.687979069247,21658.915765246067,73588.7911845777,31876.16006430424
150534,University of Evansville,Evansville,IN,4,2,19.0,0.776,,1539,18499.0,14451.0,12347.0,13711.0,20735.0,24936.0,57451.0,44172.0,0.2447,0.6446,0.8333,0.7607305936,0.2745901639,84559.518156,24606.0,15087.0,19500.0,18500.0,960,53770.0,35569.0,81201.0,78600.0,university of evansville,83340.0757737642,58964.430158231145,14831.68230695024,21281.221551076967,25254.195200665534,36505.99321679559,18986.318662810358,20013.687979069247,14072.188506718894,86787.06728382692,55186.46167356684,45335.62181597163,12672.256691157334,15484.436437959885,18987.345005783645,80670.55770024835,25592.88838184978
150604,Franklin College,Franklin,IN,4,2,21.0,0.698,1145.0,900,22855.0,14790.0,15822.0,20093.0,23439.0,30316.0,54178.0,38710.0,0.3644,0.603,0.7294,0.7106690778,0.2937625755,87262.933735,27000.0,12000.0,19500.0,17000.0,455,55376.0,41613.0,75979.0,75000.0,franklin college,77980.51276726679,55605.20960666737,15179.61257489406,24056.452950841234,27711.260278711266,42709.210147333775,23457.068654442442,20013.687979069247,20622.30936222761,89561.6988672044,56834.76848866352,39729.73649588567,16238.798523324802,12316.115679427228,17447.830545855242,76975.72299642018,31114.613578126322
150668,Goshen College,Goshen,IN,4,2,22.0,0.8407,950.0,773,14493.0,12761.0,6947.0,15163.0,17413.0,19447.0,48449.0,38890.0,0.3583,0.65,0.8013,0.8198614319,0.3689839572,72341.488449,22974.0,13625.0,15500.0,12944.0,389,51943.0,34174.0,78266.0,72200.0,goshen college,80327.75914717096,49725.29071271415,13097.162682097573,17871.710193822197,23579.20346826343,35074.24476906218,14874.788711828236,15908.316085926837,15562.43850392959,74247.17834665273,53311.33306137405,39914.478231077075,7130.00463541508,13983.923011016333,13284.983446208838,74101.96267122049,19959.29180148511
150677,Grace College and Theological Seminary,Winona Lake,IN,4,2,19.0,0.8215,1119.0,1464,19932.0,10998.0,12459.0,17103.0,22963.0,26884.0,41838.0,31200.0,0.2906,0.6877,0.7737,0.7978227061,0.2814009662,77633.036671,19500.0,16750.0,16750.0,16750.0,432,45411.0,30731.0,64018.0,68200.0,grace college and theological seminary,65704.4244637977,42940.13731632303,11287.720020195056,23567.913695557287,20013.687979069247,31540.54591203985,20457.068143528628,17191.24480253384,17553.54387210366,79678.12168210433,46607.26075987249,32021.900766510797,12787.20710416532,17191.24480253384,17191.24480253384,69996.59077807808,27592.204493810135
150756,Hanover College,Hanover,IN,4,2,21.0,0.837,1201.0,1031,21829.0,16832.0,18773.0,16944.0,23824.0,27030.0,58821.0,44638.0,0.2583,0.6713,0.8182,0.7119815668,0.2532188841,,25250.0,16767.0,20500.0,16875.0,417,53957.0,39840.0,72874.0,78000.0,hanover college,74793.717835215,60370.52003163242,17275.40492634326,24451.594995556192,25915.160075461463,40889.5040556984,22404.040763851415,21040.03095235485,17390.35533935125,,55378.38780957125,45813.89764152272,19267.536637490615,17208.692633079696,17319.53767419454,80054.75191627699,27742.050567909835
150774,Holy Cross College,Notre Dame,IN,3,2,21.0,0.7518,,639,26728.0,15377.0,13673.0,17036.0,22701.0,35603.0,50881.0,36600.0,0.2975,0.7289,0.7039,0.5884476534,0.2881944444,93582.605263,24000.0,11317.0,5500.0,15750.0,203,50416.0,29455.0,72234.0,85000.0,holy cross college,74136.8583323122,52221.35682374474,15782.075900212709,23299.01183655646,24632.231358854457,30230.93227812742,27432.09498997758,5644.886353070813,17484.778892893522,96047.84933344029,51744.107341166935,37564.15282225305,14033.187473734042,11615.123428673163,16164.901829248238,87239.1527292762,36540.8888778873
150941,Huntington University,Huntington,IN,4,2,20.0,0.7564,1052.0,1082,19310.0,10796.0,13006.0,14899.0,23155.0,27226.0,42157.0,31870.0,0.2737,0.636,0.8381,0.7635726795,0.3109452736,73561.017493,25576.0,16485.0,18250.0,17750.0,491,46672.0,30290.0,68756.0,65800.0,huntington university,70567.23747122489,43267.54072480114,11080.398739591365,23764.971546428125,26249.747884752567,31087.928660820897,19818.682814144984,18730.759262462245,15291.483958982191,75498.83341167984,47901.479249185635,32709.55055861215,13348.616710552546,16919.263914613155,18217.587775819444,67533.36764219264,27943.21379067381
151263,University of Indianapolis,Indianapolis,IN,4,2,17.0,0.665,,3005,21602.0,15346.0,17863.0,21262.0,23855.0,28004.0,52590.0,37200.0,0.3258,0.5582,0.7104,0.5150871228,0.3181126332,75867.314172,26864.0,15582.0,19690.0,18385.0,1772,53610.0,35018.0,75851.0,75400.0,university of indianapolis,77849.14086668623,53975.37696508983,15750.259268040854,24483.411627728045,27571.67763434442,35940.47823851523,22171.060908915584,20208.69314399351,21822.104297998478,77865.8848024834,55022.246797841144,38179.95860622441,18333.564531800715,15992.476209736256,18869.315563855802,77386.26018573443,28741.708623890012
151290,Indiana Institute of Technology,Fort Wayne,IN,4,2,18.0,0.7039,,1441,23206.0,19524.0,17194.0,21077.0,27042.0,27828.0,45879.0,31361.0,0.3518,0.4779,0.5941,0.3182978723,0.5330149502,52622.229284,26391.0,13392.0,9830.0,12500.0,1969,47327.0,28223.0,70604.0,82000.0,indiana institute of technology,72463.91928585667,47087.589271370154,20038.3202104281,27754.36668358926,27086.217407980334,28966.477735039556,23817.31503806569,10088.951427397471,21632.230847940642,54008.45526425726,48573.73389668771,32187.14198520978,17646.94108267265,13744.785098240787,12829.287166070031,84160.1238094194,28561.072260591744
151777,Manchester University,North Manchester,IN,4,2,20.0,0.7106,,936,18805.0,13875.0,16109.0,16607.0,21075.0,26151.0,49993.0,37135.0,0.447,0.4608,0.6632,0.696350365,0.3366906475,70845.696629,26854.0,11000.0,17750.0,12000.0,624,51504.0,36585.0,71309.0,67400.0,manchester university,73187.49108202303,51309.964263467125,14240.508754337734,21630.17816199407,27561.414204611567,37548.75767765377,19300.379612635752,18217.587775819444,17044.477757353998,72711.98292269764,52860.768496101664,38113.246312960844,16533.35895665777,11289.772706141626,12316.115679427228,69175.5163994496,26839.895094391788
151786,Marian University,Indianapolis,IN,4,2,17.0,0.9546,,2266,24018.0,23195.0,19896.0,21690.0,26092.0,26671.0,56258.0,40664.0,0.2853,0.6722,0.7588,0.5959322034,0.2917647059,89141.009198,27000.0,18750.0,20330.0,18750.0,957,58759.0,39146.0,84617.0,73700.0,marian university,86846.06337050782,57740.00299110142,23806.02526535955,26779.34085896794,27711.260278711266,40177.22203223819,24650.7055323736,20865.552646896296,22261.37909056472,91489.24842195456,60306.88676728871,41735.210665685736,20420.119796490344,19243.930749105046,19243.930749105046,75641.4771311489,27373.593440500303
151801,Indiana Wesleyan University-Marion,Marion,IN,4,2,20.0,0.8894,1082.0,1974,22866.0,19793.0,14896.0,18313.0,22336.0,27265.0,44776.0,32352.0,0.2708,0.6671,0.829,0.5428111854,0.4741139964,75146.023208,24250.0,10044.0,17747.0,14250.0,6229,59986.0,38195.0,88091.0,93300.0,indiana wesleyan university-marion,90411.578859702,45955.53297183613,20314.406470241927,22924.396651307216,24888.817102175857,39201.16986464358,23468.358427148585,18214.508746899588,18795.418869779238,77125.5928898876,61566.20959551015,33204.24787173581,15288.404930062334,10308.588823680591,14625.387369319835,95757.7994075467,27983.24116663195
151962,Mid-America College of Funeral Service,Jeffersonville,IN,3,2,30.0,,,279,30606.0,29894.0,32971.0,29041.0,35453.0,,35453.0,19000.0,0.5134,0.3214,,0.3389830508,,58582.324324,16666.0,9920.0,12063.0,11974.0,119,44505.0,23991.0,67830.0,,mid-america college of funeral service,69616.84387796241,36386.93743189446,30681.4968433998,36386.93743189446,17105.03199277785,24622.99427209489,31412.253040379146,12380.775286744221,29806.02628718718,60125.55692867563,45677.39402607574,19500.516492426446,33839.5541721996,10181.322294993177,12289.430762121803,,
152080,University of Notre Dame,Notre Dame,IN,4,2,15.0,0.1127,1520.0,8818,26780.0,7244.0,7254.0,11432.0,18670.0,45321.0,83271.0,65025.0,0.1374,0.9517,0.9908,0.9330334833,0.1023765996,136003.55422,19000.0,14260.0,19000.0,19000.0,1610,99980.0,67690.0,141307.0,154400.0,university of notre dame,145029.4465260686,85464.6057284654,7434.828498480904,19161.8233112422,19500.516492426446,69473.15586170243,27485.464824588435,19500.516492426446,11733.152870601007,139586.29221556443,102613.77046909452,66737.9518378963,7445.09192821376,14635.65079905269,19500.516492426446,158467.355075297,46514.889892276784
152099,Oakland City University,Oakland City,IN,4,2,17.0,0.8251,,499,15210.0,13980.0,15781.0,13637.0,16005.0,18550.0,42441.0,27900.0,0.4071,0.6552,0.7769,0.5930232558,0.4416058394,66360.406452,16758.0,9195.0,14000.0,10500.0,290,43283.0,25495.0,60601.0,72900.0,oakland city university,62197.41052408079,43559.02212921425,14348.274766532722,16426.619287436068,17199.455546320125,26166.614103916432,15610.676623674013,14368.801625998434,13996.23912669576,68108.53686638676,44423.20291272073,28634.968954668308,16196.718461420092,9437.223639361115,10776.601219498825,74820.40275252041,19038.662154447924
152318,Rose-Hulman Institute of Technology,Terre Haute,IN,4,2,28.0,0.7686,1427.0,2309,42513.0,36843.0,33742.0,37396.0,38843.0,45994.0,77890.0,58649.0,0.1181,0.7816,0.9167,0.9328467153,0.1438016529,122219.06096,25000.0,23000.0,20500.0,22014.0,548,101253.0,80529.0,124107.0,116000.0,rose-hulman institute of technology,127376.34738555626,79941.85418921558,37813.55416476145,39866.240111332656,25658.574332140062,82650.37329571627,43632.91882329081,21040.03095235485,38381.12182898839,125438.67441786069,103920.3050740871,60193.989040227294,34630.86460460279,23605.888385568855,22593.91421390925,119055.78490112988,47205.618713298
152336,University of Saint Francis-Fort Wayne,Fort Wayne,IN,4,2,19.0,0.9597,981.0,1567,18196.0,12720.0,12392.0,15525.0,21248.0,24373.0,47223.0,36460.0,0.4385,0.5497,0.7072,0.5794701987,0.3594339623,75346.083333,25976.0,16000.0,19599.0,18103.0,988,55362.0,38198.0,77897.0,76600.0,university of saint francis-fort wayne,79949.03859002858,48466.994227466006,13055.082620192863,21807.73549637248,26660.285074066807,39204.24889356344,18675.336741904823,20115.29593342452,15933.974660258978,77330.92319341599,56820.39968703752,37420.46480599306,12718.442124955185,16421.48757256964,18579.88684538926,78617.87175367714,25015.057287889987
152381,Saint Mary-of-the-Woods College,Saint Mary of the Woods,IN,4,2,20.0,0.7239,,853,31872.0,33513.0,36071.0,31036.0,32724.0,26604.0,49512.0,35270.0,0.4989,0.4663,0.6184,0.5007680492,0.3964646465,62857.932203,19512.0,12209.0,15250.0,13149.0,401,43845.0,28158.0,57132.0,54200.0,saint mary-of-the-woods college,58637.02674975304,50816.29329331675,34395.832063720394,33586.04745779806,20026.004094748674,28899.76544177599,32711.60324455872,15651.730342605437,31853.58051889196,64513.79703181183,45000.00766370724,36199.1166677832,37021.21738938497,12530.62136084392,13495.383755732386,55627.789152079655,27304.828461290166
152390,Saint Mary's College,Notre Dame,IN,4,2,21.0,0.7597,1246.0,1458,25292.0,16760.0,18152.0,21014.0,23680.0,30443.0,66478.0,53230.0,0.2388,0.6933,0.881,0.8443708609,0.1979865772,,27000.0,18000.0,25000.0,21847.0,455,59354.0,42254.0,82518.0,85200.0,saint mary's college,84691.76946958134,68229.22817808027,17201.508232266697,24303.801607403064,27711.260278711266,43367.09599320984,25958.26648033946,25658.574332140062,21567.57124062365,,60917.56083639365,54632.23646799262,18630.177651080256,18474.173519140844,22422.514937370557,87444.42132393333,31244.959135733596
152530,Taylor University,Upland,IN,4,2,22.0,0.7353,1220.0,2025,24865.0,16143.0,17262.0,18100.0,23504.0,30050.0,53405.0,40490.0,0.1349,0.7381,0.8929,0.8081632653,0.1456582633,95385.180952,20500.0,12781.0,17009.0,14792.0,578,52198.0,36142.0,72651.0,80800.0,taylor university,74564.8433521723,54811.8464883176,16568.25461774948,24123.1652441048,21040.03095235485,37094.08774048824,25520.018030746505,17457.067632614813,18576.807816469405,97897.91022566089,53573.050519561875,41556.62698833404,17716.73240485607,13117.689541563284,15181.665260840631,82928.51224147668,30841.60634723235
152567,Trine University,Angola,IN,4,2,22.0,0.8548,,2324,25355.0,19661.0,20470.0,19463.0,24031.0,29066.0,51109.0,36560.0,0.1556,0.6438,0.7994,0.6286919831,0.3215613383,80574.407577,25000.0,14250.0,19500.0,17000.0,953,57165.0,38069.0,82880.0,79800.0,trine university,85063.30562591073,52455.36302165385,20178.92919776823,24664.047991026313,25658.574332140062,39071.8506500096,26022.926087656448,20013.687979069247,19975.71328905768,82696.97704330416,58670.896067871465,37523.09910332163,21009.24066315628,14625.387369319835,17447.830545855242,81902.16926819108,29831.68486151932
152600,Valparaiso University,Valparaiso,IN,4,2,17.0,0.8943,1178.0,2083,18578.0,11043.0,12055.0,15279.0,22311.0,24780.0,58437.0,48450.0,0.2732,0.7037,0.754,0.7690437601,0.2881355932,89196.316854,26942.0,22500.0,21500.0,22148.0,1036,63191.0,42013.0,89612.0,88700.0,valparaiso university,91972.64652206941,59976.40432989075,11333.905453992907,22898.738076975074,27651.7323862607,43119.74733664801,19067.39975769992,22066.37392564045,15681.49428883072,91546.01304605906,64855.638824890506,49726.31705568744,12372.564542957938,23092.716898926054,22731.444172329524,91036.62173043293,25432.778878017227
152673,Wabash College,Crawfordsville,IN,3,2,21.0,0.633,1180.0,866,24336.0,16586.0,13526.0,18175.0,18681.0,30511.0,65144.0,50800.0,0.2367,0.7701,0.9295,0.7008310249,,,27000.0,21500.0,26868.0,25083.0,262,69952.0,43277.0,97893.0,101800.0,wabash college,100471.79268384748,66860.08665171728,17022.924554915,19173.113083948338,27711.260278711266,44417.04485488102,24977.08259787842,27575.783006237565,18653.783539465825,,71794.74366727447,52138.223042908605,13882.315056661058,22066.37392564045,25743.760798922765,104481.71468047432,31314.750457917016
152992,Briar Cliff University,Sioux City,IA,4,2,17.0,,,624,23907.0,17764.0,14604.0,25516.0,30156.0,27328.0,51493.0,36956.0,0.5318,0.4751,0.6424,0.6558641975,0.3641207815,68294.63658,23250.0,17250.0,13750.0,15268.0,486,54475.0,37025.0,74880.0,74200.0,briar cliff university,76852.56183962591,52849.47872339553,18231.956577445442,30950.398702400627,23862.474128890255,38000.34858589943,24536.7814623389,14112.215882677034,26188.16730635543,70093.72036697688,55910.03346973319,37929.53092074272,14988.712781862938,17704.416289176643,15670.204516124577,76154.6486177917,28047.900773948943
153001,Buena Vista University,Storm Lake,IA,4,2,19.0,0.7761,1120.0,1366,18846.0,12901.0,14838.0,18094.0,19571.0,24967.0,54222.0,41798.0,0.4376,0.6169,0.7604,0.5823199252,0.352553542,70938.012882,25000.0,15250.0,18750.0,16700.0,1695,49156.0,33767.0,64964.0,65900.0,buena vista university,66675.34491652588,55650.36869749193,13240.850698357557,20086.558330172524,25658.574332140062,34656.523178934935,19342.459674540463,19243.930749105046,18570.64975862969,72806.73106028425,50450.915194827074,42899.08359739161,15228.877037611768,15651.730342605437,17139.92765386956,67636.0019395212,25624.705014021634
153108,Central College,Pella,IA,3,2,21.0,0.8617,1147.0,1070,23377.0,16231.0,16237.0,19532.0,21936.0,27165.0,37773.0,20988.0,0.2228,0.6619,0.7993,0.7709923664,0.214801444,91579.080071,26984.0,17500.0,21500.0,19829.0,699,54317.0,38298.0,71084.0,77700.0,central college,72956.56391303377,38768.05312991706,16658.572799398615,22513.859461992975,27694.838791138696,39306.883190892004,23992.81968649753,22066.37392564045,20046.530954214388,93991.5453308304,55747.871279954066,21540.886323318224,16664.730857238326,17961.002032498043,20351.35481728021,79746.84902429131,27880.60686930339
153126,Clarke University,Dubuque,IA,4,2,17.0,0.7183,1054.0,742,24479.0,23405.0,22543.0,22645.0,27890.0,24784.0,55782.0,40910.0,0.3673,0.5612,0.6734,0.748549323,0.2935064935,83655.239782,26717.0,16000.0,19500.0,19500.0,454,55396.0,41376.0,75443.0,75300.0,clarke university,77430.39293358571,57251.46373581747,24021.557289749526,28624.705524935453,27420.80521727144,42465.96686266509,25123.84964305826,20013.687979069247,23241.536630052466,85858.9675287779,56855.295348129235,41987.691037114,23136.849646777337,16421.48757256964,20013.687979069247,77283.62588840586,25436.88424991037
153144,Coe College,Cedar Rapids,IA,3,2,21.0,0.6404,1223.0,1164,18745.0,11479.0,11523.0,14475.0,20223.0,27167.0,67372.0,54666.0,0.3584,0.659,0.727,0.8101071975,0.2352024922,81900.313725,27000.0,19500.0,21500.0,20500.0,484,57125.0,40127.0,80381.0,72700.0,coe college,82498.47453567002,69146.7787961976,11781.39099034543,20755.733948754736,27711.260278711266,41184.06448903137,19238.79903423862,22066.37392564045,14856.314538309096,84057.81150154013,58629.84234894004,56106.06497763074,11826.550081169997,20013.687979069247,21040.03095235485,74615.1341578633,27882.65955524996
153162,Cornell College,Mount Vernon,IA,3,2,21.0,0.799,1234.0,1086,23634.0,16409.0,18513.0,20177.0,22944.0,29298.0,66249.0,52660.0,0.3207,0.6182,0.7953,0.7101167315,0.195754717,99253.464203,27000.0,14000.0,21500.0,23125.0,402,53460.0,36797.0,75013.0,77200.0,cornell college,76989.0654550729,67994.19563719787,16841.26184864345,23548.41317906486,27711.260278711266,37766.34238799031,24256.58983063193,22066.37392564045,20708.5221719836,101868.09555900312,54868.295351848305,54047.220973219824,19000.687464436356,14368.801625998434,23734.181257229557,79233.6775376485,30069.796431321578
153250,Dordt University,Sioux Center,IA,4,2,20.0,0.6847,1221.0,1597,25807.0,22597.0,21083.0,24079.0,25113.0,29940.0,51733.0,37050.0,0.2018,0.7014,0.8465,0.9128440367,0.1224862888,100064.12066,21500.0,16313.0,17164.0,19500.0,528,52559.0,36110.0,72670.0,74500.0,dordt university,74584.34386866473,53095.80103698407,23192.27216733476,25774.551088121334,22066.37392564045,37061.2447653431,26486.83311158154,17616.15079347408,24713.31245374402,102700.10711739368,53943.56033291798,38026.00716023157,21638.388905780357,16742.732923208034,20013.687979069247,76462.55150977738,30728.708620170935
153269,Drake University,Des Moines,IA,4,2,17.0,0.6385,1292.0,2543,29127.0,25824.0,23275.0,25171.0,27408.0,33126.0,64835.0,52130.0,0.2169,0.7403,0.8409,0.8358433735,0.1530054645,110212.23311,23000.0,17500.0,19500.0,19000.0,1130,71901.0,47785.0,110436.0,130200.0,drake university,113345.21259776878,66542.94667297203,26504.280942127396,28130.00821181179,23605.888385568855,49043.79897845251,29894.29178288974,20013.687979069247,25834.0789805719,113115.55102256332,73795.0861222081,53503.25919737845,23888.132703222396,17961.002032498043,19500.516492426446,133629.85512178543,33998.63733305887
153278,University of Dubuque,Dubuque,IA,4,2,19.0,0.8863,1110.0,1440,23386.0,18106.0,19318.0,19480.0,24660.0,25908.0,53806.0,42095.0,0.3984,0.4008,0.7656,0.5985663082,0.3612204724,63801.81713,25750.0,14290.0,19250.0,16121.0,906,51190.0,36142.0,72876.0,65100.0,university of dubuque,74795.77052116157,55223.41002060512,18582.965874309117,25309.617721222956,26428.331562104264,37094.08774048824,24002.0567732571,19757.102235747847,19993.161119603534,65482.546694228484,52538.496802489986,43203.907460457434,19826.893557931267,14666.441088251258,16545.675072337195,66814.92756089271,26590.493751883387
153302,Emmaus Bible College,Dubuque,IA,3,2,22.0,0.5979,1161.0,224,13186.0,11199.0,10179.0,10844.0,11741.0,23888.0,30971.0,20800.0,0.4315,0.8298,0.8293,0.8349514563,,59528.300971,15750.0,,,12000.0,100,42631.0,23874.0,60207.0,,emmaus bible college,61793.031392606266,31786.868225628394,11494.014957825462,12050.292849346259,16164.901829248238,24502.91214422047,13533.358445743954,,11129.663202309073,61096.45341321635,43754.02729413852,21347.93384434053,10447.145125074147,,12316.115679427228,,24517.28094584647
153320,Faith Baptist Bible College and Theological Seminary,Ankeny,IA,4,2,22.0,0.6752,1109.0,405,16282.0,14121.0,14439.0,16036.0,17612.0,19580.0,32722.0,20270.0,0.3533,0.6753,0.7662,0.8675496689,,,12971.0,,,8750.0,138,40650.0,17198.0,59192.0,60400.0,faith baptist bible college and theological seminary,60751.29327472138,33583.99477185148,14492.989125765991,18075.95244550603,13312.69470648755,17651.04645456579,16710.916291036177,,16458.43591960792,,41720.84186405974,20803.972068499163,14819.366191270814,,8980.501016249022,61991.11558645039,20095.795416932095
153366,Graceland University-Lamoni,Lamoni,IA,4,2,18.0,0.8083,,798,18504.0,15875.0,16390.0,20883.0,18345.0,21560.0,48294.0,20950.0,0.4923,0.4195,0.5504,0.5878995434,0.3758212878,66843.204188,21212.0,12500.0,15750.0,13542.0,679,47361.0,31336.0,72886.0,67100.0,graceland university-lamoni,74806.03395089442,49566.20755185488,16293.194700908938,18828.26184492438,21770.7871493342,32161.483410877638,18991.45037767679,16164.901829248238,21433.120311123235,68604.05293024855,48608.629557779415,21501.88529033337,16821.761332151025,12829.287166070031,13898.736544233629,68867.61350746392,22127.95450403759
153375,Grand View University,Des Moines,IA,4,2,20.0,0.9909,,1486,21774.0,18512.0,18773.0,20254.0,23414.0,24601.0,48522.0,34762.0,0.4504,0.5399,0.7015,0.6125,0.3602040816,77852.223338,22500.0,15658.0,15750.0,16250.0,1061,52824.0,37007.0,72589.0,66000.0,grand view university,74501.2100878286,49800.213749764,18999.661121463072,24030.794376509097,23092.716898926054,37981.87441238029,22347.591900320705,16164.901829248238,20787.550580926592,79903.08237761768,54215.54122083866,35677.73443735411,19267.536637490615,16070.478275705962,16678.07331589104,67738.63623684976,25249.063485799106
153384,Grinnell College,Grinnell,IA,3,2,21.0,0.1451,1486.0,1729,17648.0,9970.0,7789.0,9669.0,19348.0,37725.0,83440.0,68106.0,0.1786,0.8812,0.9256,0.885786802,0.1756097561,,17500.0,12052.0,15250.0,13600.0,299,62830.0,38836.0,90289.0,96600.0,grinnell college,92667.48071498376,85638.05769095066,10232.639443657456,19857.683847129836,17961.002032498043,39859.05571051966,18112.90079254431,15651.730342605437,9923.71020869849,,64485.1290115344,69900.11453858925,7994.185418921557,12369.48551403808,13958.264436684192,99144.7312193892,38718.788667199355
153825,Loras College,Dubuque,IA,4,2,22.0,0.9986,,1083,20716.0,20479.0,17033.0,15624.0,20233.0,23039.0,50537.0,39824.0,0.2336,0.676,0.8228,0.8292349727,0.1727416799,99950.365354,26000.0,13667.0,21250.0,17500.0,634,58289.0,43268.0,82689.0,81900.0,loras college,84867.27411801319,51868.29484093449,21018.47774991585,20765.997378487595,26684.917305425664,44407.80776812145,21261.72103458454,21809.78818231905,16035.582614614252,102583.35515840662,59824.50556984448,40873.08256812583,17481.699863973667,14027.029415894329,17961.002032498043,84057.48951209083,23645.915761526994
153834,Luther College,Decorah,IA,3,2,21.0,0.7154,1218.0,1379,23097.0,12517.0,12835.0,19351.0,22204.0,29376.0,65461.0,52120.0,0.2044,0.7112,0.7699,0.8259557344,0.1284634761,103577.04208,27000.0,22000.0,22225.0,23250.0,779,59850.0,42196.0,82716.0,80200.0,luther college,84894.9853782919,67185.43737424882,12846.734996615885,22788.919378833518,27711.260278711266,43307.56810075928,23705.44365397756,22810.472581272516,19860.762876049692,106305.56933251515,61426.626951143306,53492.995767645596,13173.112062120706,22579.545412283253,23862.474128890255,82312.70645750531,30149.851183237857
153861,Maharishi International University,Fairfield,IA,4,2,18.0,0.957,,922,14956.0,14269.0,16585.0,14066.0,18954.0,,27892.0,16530.0,0.5689,0.5,0.6129,0.5614754098,0.3376623377,82108.363636,24781.0,13165.0,10394.0,10715.0,138,27981.0,11123.0,56573.0,,maharishi international university,58063.301027686386,28626.758210882024,14644.88788581226,19453.304715655308,25433.805220990514,11416.012891855757,15349.98550845947,10667.808864330551,14436.540262235283,84271.34206578767,28718.102735504443,16965.44934841101,17021.898211941716,13511.805243304956,10997.26495875523,,
153977,Mercy College of Health Sciences,Des Moines,IA,4,2,26.0,0.9971,980.0,867,26924.0,24171.0,27533.0,29193.0,26615.0,29953.0,34398.0,17664.0,0.3392,0.6552,0.6923,0.676096181,0.3460803059,88420.609023,14745.0,12500.0,9975.0,12500.0,540,62234.0,42673.0,82563.0,77300.0,mercy college of health sciences,84737.9549033792,35304.14559507815,24807.736007286298,27316.11823399631,15133.427141096208,43797.133699016515,27633.25821274156,10237.771158523885,29962.030419126593,90749.87076438958,63873.42859945618,18129.32228011688,28258.301083472492,12829.287166070031,12829.287166070031,79336.31183497707,30742.05107882365
154004,Morningside University,Sioux City,IA,4,2,18.0,0.7104,,1163,31320.0,33738.0,21201.0,19124.0,20575.0,41981.0,52577.0,39660.0,0.3387,0.5014,0.7418,0.7377483444,0.2346153846,83237.907012,26028.0,11625.0,18374.0,15000.0,641,55494.0,38502.0,76503.0,61600.0,morningside university,78518.31648526844,53962.03450643712,34626.75923270966,21117.00667535127,26713.65490867766,39516.25715744226,32145.061923305067,18858.02579114966,19627.78302111386,85430.64097276657,56955.876959511224,40704.76232050699,21759.497376628056,11931.237064445128,15395.144599284036,63222.727154393106,43086.90436150288
154013,Mount Mercy University,Cedar Rapids,IA,4,2,19.0,0.8252,,1107,20168.0,17070.0,15294.0,16883.0,20311.0,25244.0,55054.0,40878.0,0.2667,0.5774,0.7277,0.7284090909,0.2881987578,77698.891182,23699.0,18750.0,18750.0,18680.0,689,60787.0,44476.0,83487.0,75000.0,mount mercy university,85686.29581069508,56504.28605126555,17519.674553985235,20846.05213040387,24323.302123895493,45647.63007985045,20699.28508522403,19243.930749105046,17327.748417980827,79745.71099672836,62388.310317111915,41954.848061968856,15696.889433430004,19243.930749105046,19172.086740975054,76975.72299642018,25909.002017621748
154022,The University of Arizona Global Campus,Chandler,AZ,4,1,17.0,,,20152,31266.0,31009.0,31862.0,33319.0,32953.0,33593.0,37594.0,11960.0,0.3207,0.1068,0.3473,0.2463376352,0.5429005315,34987.165757,31250.0,9500.0,14750.0,9500.0,62923,35404.0,17745.0,55420.0,66400.0,the university of arizona global campus,56879.92757948809,38584.33773769894,31825.869258613246,33821.079998680456,32073.217915175075,18212.456060953016,32089.639402747645,15138.558855962636,34196.721526902984,35908.8317298756,36336.64662620347,12275.061960495805,32701.339814825864,9750.258246213223,9750.258246213223,68149.173426164,34477.93950158324
154101,Northwestern College,Orange City,IA,4,2,19.0,0.8036,,1175,25907.0,27059.0,19503.0,20572.0,24265.0,29539.0,49783.0,36710.0,0.247,0.6605,0.735,0.87135506,0.1347826087,90384.052874,23249.0,9453.0,19875.0,14849.0,504,49802.0,35860.0,69611.0,65900.0,northwestern college,71444.76071338406,51094.43223907715,27771.814514135116,24904.212246775143,23861.44778591697,36804.659022021704,26589.467408910103,20398.566594051346,21113.927646431413,92765.03756430426,51113.93275556957,37677.05054931447,20016.767007989103,9702.0201264688,15240.16681031791,67636.0019395212,30317.14508788341
154235,Saint Ambrose University,Davenport,IA,4,2,17.0,0.7733,1093.0,1916,24691.0,22037.0,21729.0,22408.0,24776.0,27807.0,51141.0,36658.0,0.3155,0.6103,0.7577,0.6804564907,0.284457478,89274.072131,25000.0,22487.0,19500.0,18750.0,1163,59531.0,40633.0,80745.0,82000.0,saint ambrose university,82872.06337794596,52488.20599679899,22617.52010229482,25428.673506124087,25658.574332140062,41703.39403351388,25341.43435339481,20013.687979069247,22998.29334538378,91625.81662824388,61099.2235426652,37623.680714703616,22301.406466522854,23079.374440273343,19243.930749105046,84160.1238094194,28539.519058152746
154262,St Luke's College,Sioux City,IA,3,2,26.0,0.8,980.0,167,19820.0,,,15602.0,,26147.0,27647.0,24175.0,0.5,1.0,,0.8,0.3603603604,73399.074627,15000.0,14375.0,12000.0,13445.0,97,61033.0,40803.0,77622.0,,st luke's college,79666.79427237503,28375.30418242705,,,15395.144599284036,41877.87233897243,20342.11773052064,12316.115679427228,16013.003069201968,75332.624489087,62640.790688540175,24811.841379179437,,14753.680240980535,13799.181275824925,,26835.78972249865
154350,Simpson College,Indianola,IA,4,2,22.0,0.8622,1440.0,1227,21936.0,17941.0,15764.0,19176.0,22468.0,26586.0,61227.0,47656.0,0.3456,0.6333,0.8129,0.7568359375,0.2335664336,88376.120125,26000.0,15473.0,22738.0,18586.0,781,59274.0,42841.0,81432.0,79500.0,simpson college,83577.16100059317,62839.90122535758,18413.619283716995,23059.873923780917,26684.917305425664,43969.559318528496,22513.859461992975,23336.986526568027,19681.15285572471,90704.20989653807,60835.4533985308,48911.40073489867,16179.270630874236,15880.604825648126,19075.610501486208,81594.26637620539,27286.354287771024
154493,Upper Iowa University,Fayette,IA,4,2,18.0,0.9646,1090.0,1994,20942.0,17715.0,22774.0,18720.0,20041.0,23805.0,34022.0,19475.0,0.3179,0.3389,0.6774,0.4993270525,0.4507973551,67441.486702,25000.0,19255.0,15000.0,18750.0,2715,52766.0,34231.0,73435.0,74800.0,upper iowa university,75369.49624322822,34918.24063712276,18181.665771754448,20568.93952761676,25658.574332140062,35132.74631853946,21493.674546547085,15395.144599284036,19213.140459906477,69218.09598453209,54156.0133283881,19988.029404737106,23373.93487360631,19762.233950614274,19243.930749105046,76770.45440176305,24432.094479063766
154518,Waldorf University,Forest City,IA,4,2,19.0,0.7698,,1827,19693.0,16448.0,18378.0,23045.0,21244.0,23667.0,39675.0,25978.0,0.3552,0.2114,0.4414,0.5451559934,0.4625735913,56481.118304,18752.0,9500.0,14025.0,12454.0,466,51165.0,31771.0,79077.0,66000.0,waldorf university,81160.12329850558,40720.15746510628,16881.289224601587,21803.63012447934,19245.983435051618,32607.942604256874,20211.77217291337,14394.460200330574,23652.07381936671,57968.998894623226,52512.838228157845,26662.33776001338,18862.131163042803,9750.258246213223,12782.075389298892,67738.63623684976,24290.459148750353
154527,Wartburg College,Waverly,IA,4,2,21.0,0.7584,1136.0,1452,32908.0,21688.0,20751.0,27056.0,28873.0,38864.0,64359.0,26250.0,0.2212,0.643,0.7571,0.7906976744,0.1735015773,95230.39185,27000.0,13564.0,21375.0,16337.0,720,56201.0,41047.0,77239.0,80900.0,wartburg college,79273.70491360665,66054.40741768808,22259.326404618147,29633.6006676752,27711.260278711266,42128.300024454125,33774.894564882605,21938.081053979753,27768.73548521526,97739.043518482,57681.50144162414,26941.503048747065,21297.643038649538,13921.316089645912,16767.365154566887,83031.14653880523,39887.79331377165
154590,William Penn University,Oskaloosa,IA,4,2,22.0,0.5188,984.0,1301,22601.0,20608.0,19378.0,20560.0,24245.0,25916.0,42874.0,29750.0,0.4727,0.3262,0.5816,0.5106732348,0.3829516539,53619.505988,22415.0,12500.0,12039.0,12337.0,950,48936.0,29672.0,69661.0,76800.0,william penn university,71496.07786204835,44003.42863664692,21150.875993469694,24883.68538730943,23005.47774619678,30453.648703330397,23196.377539227902,12356.143055385368,21101.611530751987,55032.00320182908,50225.11974070424,30533.703455246672,19888.474136328405,12829.287166070031,12661.993261424477,78823.14034833427,26598.704495669674
154688,Baker University,Baldwin City,KS,4,2,17.0,0.9419,,1100,25301.0,21057.0,18530.0,23470.0,27166.0,30800.0,50918.0,35300.0,0.2574,0.5779,0.658,0.6510736196,0.3628922237,83913.488565,25000.0,18445.0,16815.0,20000.0,1038,63855.0,42665.0,90310.0,89300.0,baker university,92689.03391742276,52259.331513756304,21611.703988474932,27881.633212276676,25658.574332140062,43788.92295523023,25967.503567099026,17257.957095797407,24088.26958301309,86124.0193525695,65537.13055915214,36229.906956981766,19018.135294982214,18930.896142252936,20526.85946571205,91652.42751440429,31611.363577196553
154712,Benedictine College,Atchison,KS,4,2,22.0,0.9812,1252.0,2272,27891.0,22032.0,22678.0,21893.0,27231.0,30832.0,52206.0,36350.0,0.1878,0.6158,0.8323,0.77125,0.1496062992,106375.08627,24599.0,17136.0,18500.0,18570.0,603,53175.0,34898.0,74536.0,73100.0,benedictine college,76499.49985681566,53581.26126334816,22612.388387428393,27948.34550554024,25247.010799852535,35817.317081720954,28625.731867908737,18987.345005783645,22469.726714141692,109177.32232586427,54575.78760446191,37307.56707893165,23275.40594817089,17587.413190222083,19059.189013913638,75025.67134717754,31644.206552341693
154721,Bethany College,Lindsborg,KS,3,2,22.0,0.56,,569,27686.0,22561.0,24432.0,27302.0,30580.0,33313.0,53738.0,33000.0,0.4819,0.3574,0.4253,0.6666666667,0.3325842697,68665.960739,23250.0,9500.0,9500.0,9500.0,317,49694.0,32608.0,65722.0,77900.0,bethany college,67453.31289027636,55153.618698421706,23155.323820296475,31385.56812307372,23862.474128890255,33466.991672896926,28415.331558385187,9750.258246213223,28021.215856643517,70474.8263083777,51003.08771445473,33869.31811842488,25075.611523313837,9750.258246213223,9750.258246213223,79952.11761894842,34190.56346906327
154749,Bethel College-North Newton,North Newton,KS,3,2,22.0,0.935,,504,32917.0,35147.0,32633.0,33019.0,31293.0,32270.0,52193.0,35014.0,0.4056,0.4112,0.6188,0.6943521595,0.3440514469,60059.657143,24000.0,12000.0,12803.0,12000.0,226,49898.0,33144.0,70949.0,62200.0,bethel college-north newton,72818.0076116402,53567.918804695444,36072.87648206907,32117.35066302636,24632.231358854457,34017.111506578,33784.13165164217,13140.269086975568,33888.818634917305,61641.80708666048,51212.46168100499,35936.372866622085,33492.65024722907,12316.115679427228,12316.115679427228,63838.53293836447,33120.08774792639
154855,Central Christian College of Kansas,McPherson,KS,4,2,22.0,0.5271,,380,11404.0,11689.0,5816.0,10941.0,17373.0,15113.0,33327.0,21000.0,0.524,0.2697,0.45,0.4336633663,0.4761029412,62217.043689,27000.0,14750.0,15874.0,16328.0,244,44468.0,25841.0,67221.0,61600.0,central christian college of kansas,68991.80100723148,34204.93227068927,11996.923014735406,17830.65647489077,27711.260278711266,26521.728772673254,11704.41526734901,16292.168357935652,11229.218470717777,63856.025608808486,45639.419336064166,21553.20243899765,5969.210732629063,15138.558855962636,16758.128067807316,63222.727154393106,15511.12135526531
155007,Donnelly College,Kansas City,KS,3,2,23.0,,,395,11476.0,10542.0,11463.0,12484.0,12907.0,,21659.0,10440.0,0.6676,0.4583,0.5789,0.2368421053,0.60625,33628.33945,11842.0,9500.0,,7628.0,509,35715.0,19274.0,52112.0,46900.0,donnelly college,53484.78502385932,22229.562458392862,10819.70762437682,13247.00875619727,12153.953489648104,19781.7344671067,11778.311961425574,,12812.865678497461,34514.20989777052,36655.83929089529,10715.02064110169,11764.969502772861,9750.258246213223,7828.944200222575,48135.485447094754,
155070,Barclay College,Haviland,KS,4,2,22.0,0.5098,,168,29290.0,27180.0,28851.0,29302.0,41190.0,25631.0,42890.0,24590.0,0.5148,0.3226,0.5238,0.564516129,0.4031007752,57525.95098,27000.0,18900.0,25000.0,24320.0,96,36355.0,24174.0,52119.0,,barclay college,53491.969424672316,44019.85012421949,27896.002013902675,42275.067069633966,27711.260278711266,24810.815036206153,30061.585687535295,25658.574332140062,30073.90180321472,59041.355569895015,37312.698793798074,25237.773713092964,29611.021122262915,19397.882195097885,24960.66111030585,,26306.196748283277
155089,Friends University,Wichita,KS,4,2,18.0,0.5522,1080.0,1048,27715.0,21714.0,23992.0,25517.0,29377.0,31471.0,50482.0,34192.0,0.3021,0.4335,0.6545,0.5188367482,0.3576271186,69440.980769,25000.0,16750.0,16000.0,18138.0,1057,52113.0,34181.0,78208.0,85900.0,friends university,80268.23125472039,51811.845977403784,22286.01132192357,30150.87752621114,25658.574332140062,35081.42916987518,28445.095504610472,16421.48757256964,26189.193649328718,71270.2626703238,53485.8113668326,35092.71894258132,24624.020615068173,17191.24480253384,18615.808849454257,88162.86140523324,32300.039712271195
155177,Hesston College,Hesston,KS,3,2,23.0,,,372,26299.0,20762.0,19140.0,27809.0,36239.0,26267.0,47450.0,32936.0,0.3799,0.6061,0.7778,0.6931216931,0.2491909385,77020.302041,12000.0,11240.0,12000.0,12000.0,333,47495.0,30239.0,66197.0,67500.0,hesston college,67940.82580258702,48699.97408240184,21308.932811355677,37193.64300889694,12316.115679427228,31035.58516918333,26991.79385443806,12316.115679427228,28541.571744099318,79049.2458001151,48746.15951619969,33803.6321681346,19644.20450868643,11536.095019730172,12316.115679427228,69278.15069677816,26958.95087929292
155335,Newman University,Wichita,KS,4,2,19.0,0.7398,,851,19971.0,18060.0,16366.0,21234.0,17142.0,21774.0,46489.0,35500.0,0.1226,0.5281,0.6887,0.5565326633,0.394,70622.699405,20801.0,17365.0,14039.0,15750.0,645,55041.0,36017.0,73763.0,76100.0,newman university,75706.1367384659,47713.65848507437,18535.754097537978,17593.5712480618,21348.960187313816,36965.79486882754,20497.095519486767,14408.829001956572,21793.36669474648,72483.11128878305,56490.94359261284,36435.17555163889,16797.129100792168,17822.445731104486,16164.901829248238,78104.70026703435,22347.591900320705
155414,Kansas Wesleyan University,Salina,KS,4,2,22.0,0.719,,956,22671.0,18192.0,22442.0,20857.0,24189.0,25113.0,47437.0,34630.0,0.3915,0.4863,0.6008,0.58,0.3304904051,70393.616408,23250.0,14375.0,15000.0,15000.0,465,51152.0,34126.0,77736.0,63200.0,kansas wesleyan university,79783.7973713296,48686.63162374912,18671.23137001168,24826.210180805436,23862.474128890255,35024.98030634447,23268.22154735789,15395.144599284036,21406.43539381781,72247.99356451289,52499.495769505134,35542.257164880415,23033.189006475488,14753.680240980535,15395.144599284036,64864.87591165007,25774.551088121334
155496,Manhattan Christian College,Manhattan,KS,3,2,24.0,1.0,1020.0,146,24213.0,23218.0,19496.0,24125.0,26489.0,24466.0,34466.0,19126.0,0.4681,0.4429,0.7667,0.6130653266,0.2689655172,66290.81295,24250.0,20000.0,12000.0,14000.0,161,48860.0,31461.0,62911.0,73100.0,manhattan christian college,64568.26279237054,35373.93691726157,23829.63115374512,27186.799019362323,24888.817102175857,32289.776282538336,24850.842412164293,12316.115679427228,24760.52423051516,68037.11006462273,50147.11767473453,19629.835707060432,20009.582607176104,20526.85946571205,14368.801625998434,75025.67134717754,25110.50718440555
155511,McPherson College,McPherson,KS,4,2,22.0,0.7676,1058.0,872,26441.0,22587.0,20939.0,28655.0,28737.0,31043.0,50611.0,37310.0,0.3794,0.3392,0.6515,0.6573275862,0.3056234719,69618.736318,25242.0,13375.0,14000.0,14000.0,355,52084.0,34701.0,71211.0,67500.0,mcpherson college,73086.90947064104,51944.244220957626,23182.008737601904,29494.018023308356,25906.949331675176,35615.12751598369,27137.534556644612,14368.801625998434,29409.857899498937,71452.70082900247,53456.04742060732,38292.856333285825,21490.59551762723,13727.337267694933,14368.801625998434,69278.15069677816,31860.764919704958
155520,MidAmerica Nazarene University,Olathe,KS,4,2,19.0,0.788,1048.0,983,32165.0,28842.0,27294.0,30183.0,31398.0,37571.0,57355.0,37174.0,0.3122,0.5361,0.6986,0.6911090742,0.322496749,70304.389978,15000.0,12500.0,12883.0,13050.0,738,62972.0,38927.0,90384.0,85600.0,midamerica nazarene university,92764.98329744588,58865.901232795724,29601.784035503344,32225.116675221347,15395.144599284036,39952.45292108865,33012.3217357314,13222.376524838415,30978.109962679337,72156.41664505104,64630.869713740954,38153.273688918984,28013.005112857234,12829.287166070031,13393.77580137711,87854.95851324756,38560.73184931337
155627,Ottawa University-Ottawa,Ottawa,KS,4,2,22.0,0.8296,1000.0,870,27963.0,22449.0,22912.0,25525.0,30199.0,30771.0,51856.0,35880.0,0.3675,0.279,0.583,0.4652137469,0.4008683068,68587.041045,21500.0,12975.0,12000.0,13000.0,1474,55552.0,35894.0,79726.0,78100.0,ottawa university-ottawa,81826.21988816794,53222.0412226982,23040.373407288487,30994.531450251907,22066.37392564045,36839.55468311341,28699.6285619853,12316.115679427228,26197.404393115,70393.82763498696,57015.404851961786,36825.185881487414,23515.570203919724,13316.800078380691,13342.458652712832,80157.38621360555,31581.599630971272
155812,University of Saint Mary,Leavenworth,KS,4,2,19.0,0.8663,1029.0,925,22519.0,21899.0,16474.0,17722.0,21597.0,26595.0,48728.0,35380.0,0.3815,0.4776,0.65,0.5925925926,0.3571428571,74071.754768,22018.0,14250.0,15000.0,15000.0,427,59483.0,38980.0,85139.0,71200.0,university of saint mary,87381.8144025629,50011.64040226083,22475.884771981408,22165.929194049157,22598.019585802394,40006.849098672785,23112.21741541848,15395.144599284036,18188.850172567447,76023.02502507111,61049.95907994749,36312.01439484461,16907.974141907016,14625.387369319835,15395.144599284036,73075.61969793489,27295.591374530595
155900,Southwestern College,Winfield,KS,4,2,22.0,0.7555,,924,29824.0,26294.0,28688.0,30032.0,31315.0,32739.0,58432.0,39822.0,0.4085,0.3568,0.559,0.5686512758,0.3984251969,69673.750853,25000.0,12218.0,12000.0,12500.0,634,55646.0,38550.0,81142.0,88100.0,southwestern college,83279.52153834036,59971.27261502432,26986.66213957163,32139.93020843864,25658.574332140062,39565.521620159976,30609.652835269808,12316.115679427228,30823.132173713213,71509.1646104283,57111.88109145063,40871.02988217926,29443.72721761736,12539.85844760349,12829.287166070031,90420.81594646157,33601.442602397336
155937,Sterling College,Sterling,KS,4,2,22.0,0.4817,,538,22371.0,19068.0,19236.0,21975.0,23525.0,26602.0,47185.0,33700.0,0.3706,0.4129,0.5035,0.5964912281,0.340974212,62041.543605,24625.0,11500.0,12650.0,12000.0,357,45846.0,29191.0,64510.0,63200.0,sterling college,66209.38520665422,48427.99319448115,19570.307814609867,24144.718446543797,25273.69571715796,29959.97773318002,22960.31865537221,12983.23861206287,22553.886837951115,63675.902330784054,47053.719953251726,34587.7581997248,19742.73343412185,11802.944192784427,12316.115679427228,64864.87591165007,27302.775775343594
155973,Tabor College,Hillsboro,KS,4,2,22.0,0.6458,,494,20205.0,17884.0,17213.0,16986.0,19304.0,24561.0,50350.0,36200.0,0.3804,0.3374,0.5271,0.6020618557,0.3139841689,64563.067308,23887.0,12000.0,15000.0,12250.0,366,54058.0,33453.0,76326.0,72700.0,tabor college,78336.65377899689,51676.36870493008,18355.117734239713,19812.52475630527,24516.254602873185,34334.25148532326,20737.259775235598,15395.144599284036,17433.461744229244,66263.8504653312,55482.048449873095,37153.61563293881,17666.441599165075,12316.115679427228,12572.701422748629,74615.1341578633,25208.009766867683
156189,Alice Lloyd College,Pippa Passes,KY,3,2,22.0,0.7523,1015.0,558,18600.0,17444.0,16447.0,17715.0,21757.0,19349.0,31200.0,13960.0,0.5829,0.3892,0.5657,0.4647887324,0.4678899083,51296.171975,19599.0,7150.0,8500.0,8250.0,267,40573.0,26009.0,56879.0,76400.0,alice lloyd college,58377.36197751178,32021.900766510797,17903.52682599405,22330.14406977485,20115.29593342452,26694.15439218523,19089.979303112206,8723.915272927621,18181.665771754448,52647.46566299109,41641.813455116746,14327.74790706701,16880.262881628303,7338.352258992058,8467.32952960622,78412.60315902003,19858.71019010312
156213,Asbury University,Wilmore,KY,4,2,20.0,0.634,,1420,21401.0,18455.0,18280.0,18724.0,21296.0,25958.0,47459.0,33640.0,0.2767,0.6498,0.8333,0.658839779,0.2362318841,82430.955513,24028.0,16250.0,16750.0,16751.0,551,42368.0,26611.0,60619.0,64900.0,asbury university,62215.88469759993,48709.211169161405,18941.159571985794,21856.99995909019,24660.968962106454,27312.012862103165,21964.76597128518,17191.24480253384,19217.24583179962,84602.43197198563,43484.099092164404,34526.17762132767,18761.549551660813,16678.07331589104,17192.271145507126,66609.6589662356,26641.81090054767
156286,Bellarmine University,Louisville,KY,4,2,17.0,0.8611,1210.0,2161,21499.0,18430.0,19358.0,17391.0,21987.0,29194.0,61691.0,48770.0,0.3071,0.6436,0.7512,0.7438794727,0.2726480836,87740.010466,25000.0,21500.0,19500.0,19500.0,902,62069.0,42145.0,86137.0,84000.0,bellarmine university,88406.10468990194,63316.124364962096,18915.500997653653,22566.20295363054,25658.574332140062,43255.22460912172,22065.347582667167,20013.687979069247,17849.13064840991,90051.34321778432,63704.082008864054,50054.74680713883,19867.94727686269,22066.37392564045,20013.687979069247,86212.8097559906,29963.056762099877
156295,Berea College,Berea,KY,3,2,21.0,0.1934,1249.0,1513,6106.0,5428.0,4598.0,8132.0,7570.0,13700.0,60718.0,51658.0,0.8373,0.5822,0.7918,0.6761006289,0.4057771664,28846.04261,3591.0,,,3194.0,608,43150.0,26672.0,63165.0,65000.0,berea college,64828.95390758508,62317.49265195521,5570.98965899425,7769.41630777201,3685.597617068598,27374.619783473587,6266.8501948818885,,8346.22105875852,29605.93313987058,44286.69929727374,53018.82531398765,4719.1249911672,,3278.139456674214,66712.29326356416,14060.898734012753
156356,Brescia University,Owensboro,KY,4,2,22.0,0.3524,,545,8709.0,8977.0,9343.0,12984.0,8910.0,5548.0,44328.0,31550.0,0.4265,0.5371,0.6741,0.4908350305,0.4521072797,61600.55814,29430.0,25000.0,13699.0,20000.0,319,45500.0,30932.0,61499.0,65700.0,brescia university,63119.06651409126,45495.73131980418,9213.480871184853,9144.715891974718,30205.27370379528,31746.840849670254,8938.420954344312,14059.872391039467,13326.037165140262,63223.29999746022,46698.60528449491,32381.120807160758,9589.122399407383,25658.574332140062,20526.85946571205,67430.73334486409,5694.150815788522
156365,Campbellsville University,Campbellsville,KY,4,2,18.0,0.7974,,2840,19341.0,17880.0,17936.0,18476.0,19291.0,23105.0,42603.0,27998.0,0.2005,0.4201,0.645,0.4413043478,0.4664842681,55449.328502,17156.0,8330.0,11500.0,9500.0,1055,41583.0,25458.0,58771.0,60800.0,campbellsville university,60319.20288296814,43725.28969088652,18351.01236234657,19799.182297652555,17607.940049687793,26128.639413904868,19850.499446316837,11802.944192784427,18962.712774424792,56910.02868143278,42678.4198581352,28735.550566050297,18408.487568850564,8549.436967469068,9750.258246213223,62401.652775764625,23713.654397763843
156408,Centre College,Danville,KY,3,2,21.0,0.5436,1352.0,1400,20781.0,11364.0,10388.0,15847.0,18920.0,30571.0,67787.0,52820.0,0.2264,0.8067,0.875,0.8044077135,0.2025641026,,27000.0,22059.0,25991.0,25725.0,285,66240.0,45965.0,98933.0,94000.0,centre college,101539.1893760645,69572.71113011113,11663.361548417586,19418.4090545636,27711.260278711266,47175.85476707271,21328.433327848103,26675.680218666093,16264.457097656941,,67984.9585504383,54211.43584894552,10661.650806490838,22640.099647707102,26402.672987772123,96476.23948884662,31376.33103631415
156417,Clear Creek Baptist Bible College,Pineville,KY,4,2,24.0,,,159,10949.0,11401.0,,,8237.0,,21040.0,10720.0,0.4485,0.3846,0.875,,,28989.571429,,,,,76,41623.0,26378.0,67737.0,,clear creek baptist bible college,69521.39398144685,21594.256157929074,11701.336238429154,8453.987070953508,,27072.87494932762,11237.429214504062,,,29753.24293471521,42719.47357706663,11002.396673621657,,,,,
156541,University of the Cumberlands,Williamsburg,KY,4,2,17.0,0.9881,,6941,14107.0,10736.0,11147.0,12572.0,16441.0,18846.0,25567.0,9875.0,0.5338,0.5043,0.743,0.5261958998,0.3976608187,57963.191283,14911.0,7773.0,9500.0,8432.0,735,45036.0,28579.0,63134.0,64200.0,university of the cumberlands,64797.137275413224,26240.510797992996,11018.818161194227,16874.104823788588,15303.800074661618,29331.855833529233,14478.620324139993,9750.258246213223,12903.183860146593,59490.11408251633,46222.38214489039,10135.136861195324,11440.64512321461,7977.763931348988,8654.123950744199,65891.21888493568,19342.459674540463
156745,Georgetown College,Georgetown,KY,4,2,21.0,0.9106,1138.0,1097,14095.0,9777.0,7834.0,9797.0,16577.0,20207.0,56886.0,42840.0,0.3533,0.4885,0.6906,0.6738056013,0.3308550186,73725.621521,25200.0,11867.0,14808.0,12000.0,499,52074.0,35634.0,77834.0,79900.0,georgetown college,79884.37898271158,58384.546378324776,10034.555249813335,17013.687468155433,25863.84292679718,36572.70551005915,14466.304208460566,15198.086748413201,10055.082109279047,75667.77359919214,53445.78399087446,43968.53297555521,8040.370852719409,12179.612063980245,12316.115679427228,82004.80356551963,20739.31246118217
157030,Kentucky Mountain Bible College,Jackson,KY,3,2,21.0,1.0,1080.0,69,9337.0,5773.0,10363.0,11465.0,11513.0,15108.0,16603.0,10360.0,0.5402,0.6429,0.7,0.46875,,,,,,,39,21256.0,10649.0,40370.0,,kentucky mountain bible college,41433.46583153977,17040.372385460858,5925.077984777783,11816.28665143714,,10929.52632251838,9582.96434156767,,11767.022188719431,,21815.946240158766,10632.91320323884,10635.992232158698,,,,15505.98964039888
157076,Kentucky Wesleyan College,Owensboro,KY,3,2,22.0,0.716,1044.0,842,17131.0,13951.0,13701.0,15062.0,19306.0,22888.0,46203.0,34673.0,0.4952,0.468,0.5256,0.5708661417,0.3781094527,65738.18984,23250.0,9500.0,13964.0,11000.0,382,46747.0,32704.0,66119.0,72900.0,kentucky wesleyan college,67860.77105067075,47420.12439471469,14318.51082030744,19814.57744225184,23862.474128890255,33565.52059833234,17582.281475355656,14331.853278960152,15458.777863627743,67469.92921879899,47978.45497218206,35586.38991273169,14061.92507698604,9750.258246213223,11289.772706141626,74820.40275252041,23490.937972560867
157100,Kentucky Christian University,Grayson,KY,4,2,22.0,0.6091,1090.0,429,24038.0,23241.0,24618.0,24031.0,24420.0,24116.0,40168.0,26625.0,0.4314,0.3667,0.8608,0.5263157895,0.2957746479,60200.403846,22250.0,6250.0,9500.0,6250.0,261,42375.0,28315.0,63027.0,57300.0,kentucky christian university,64687.31857727166,41226.14455093608,23853.237042130684,25063.29540763441,22836.131155604653,29060.901288581834,24671.232391839312,9750.258246213223,24664.047991026313,61786.26147629766,43491.2834929774,27326.381663729164,25266.51131634496,6414.643583035016,6414.643583035016,58809.45236926502,24751.287143755588
157216,Lindsey Wilson University,Columbia,KY,4,2,18.0,,,1585,15070.0,14745.0,10966.0,16066.0,17208.0,18182.0,40879.0,27808.0,0.5244,0.4406,0.63,0.4204778157,0.4585365854,47772.315344,16784.0,11250.0,12250.0,11250.0,1301,41129.0,24160.0,55997.0,53900.0,lindsey wilson university,57472.12747507388,41955.874404942144,15133.427141096208,17661.309884298647,17226.14046362555,24796.446234580155,15466.988607414029,12572.701422748629,16489.22620880649,49030.78017089837,42212.46014826354,28540.545401126034,11254.877045049916,11546.358449463027,11546.358449463027,55319.88626009397,18660.967940278824
157377,Midway University,Midway,KY,4,2,20.0,0.9514,1122.0,1262,29579.0,27206.0,23405.0,28160.0,32406.0,34166.0,48805.0,27220.0,0.3195,0.4069,0.6759,0.4322169059,0.4345637584,63612.056338,21301.0,14318.0,11000.0,13000.0,840,44246.0,29241.0,65285.0,66400.0,midway university,67004.80101095056,50090.668811203825,27922.6869312081,33259.670392293236,21862.131673956617,30011.2948818443,30358.198806814835,11289.772706141626,28901.818127722563,65287.78703875417,45411.571195994766,27937.0557328341,24021.557289749526,14695.178691503255,13342.458652712832,68149.173426164,35066.03402527589
157535,University of Pikeville,Pikeville,KY,4,2,17.0,,,1135,20311.0,13115.0,18160.0,23075.0,24065.0,25755.0,33420.0,24850.0,0.3803,0.4167,0.6873,0.4150943396,0.4481830417,44087.001515,20679.0,13000.0,11000.0,12588.0,496,48231.0,32010.0,70429.0,65800.0,university of pikeville,72284.30926553169,34300.382167204836,13460.488094640676,24698.94365211802,21223.746344572974,32853.238574872135,20846.05213040387,11289.772706141626,23682.864108565274,45248.384218151965,49501.54794453789,25504.62288614722,18638.38839486654,13342.458652712832,12919.605347719164,67533.36764219264,26433.46327697069
157757,Spalding University,Louisville,KY,4,2,18.0,0.9945,977.0,583,25491.0,20509.0,22475.0,24378.0,28122.0,29278.0,45530.0,29200.0,0.3583,0.5167,0.6404,0.4295774648,0.3500837521,65559.32266,25250.0,23000.0,19500.0,21000.0,613,49438.0,32269.0,75339.0,75800.0,spalding university,77323.653264364,46729.39557369348,21049.26803911442,28862.81709473771,25915.160075461463,33119.06140495311,26162.508732023292,20013.687979069247,25020.189002756415,67286.35014545458,50740.34391329361,29969.214819939592,23067.058324593916,23605.888385568855,21553.20243899765,77796.79737504867,30049.269571855868
157809,Thomas More University,Crestview Hills,KY,4,2,20.0,0.9035,1180.0,1293,21835.0,15841.0,17955.0,18429.0,23815.0,25267.0,49452.0,39800.0,0.2305,0.405,0.6675,0.6262886598,0.368221942,80479.815504,26236.0,12283.0,17500.0,14975.0,672,59384.0,40106.0,82627.0,97100.0,thomas more university,84803.64085366947,50754.71271491961,16258.299039817228,24442.35790879662,26927.134247121066,41162.51128659237,22410.19882169113,17961.002032498043,18914.474654680365,82599.89313385208,60948.35112559221,40848.450336766975,18427.988085342993,12606.570740867055,15369.486024951897,99657.902706032,25932.607906007317
157818,Transylvania University,Lexington,KY,3,2,21.0,0.8655,1287.0,1005,21913.0,14551.0,14555.0,19272.0,22155.0,29312.0,60993.0,46870.0,0.2625,0.7148,0.8705,0.75,0.1636363636,,27000.0,19500.0,20435.0,20000.0,309,54705.0,35279.0,82391.0,79200.0,transylvania university,84561.42391197407,62599.73696960875,14934.316604278802,22738.628573142523,27711.260278711266,36208.35375454277,22490.253573607406,20973.318659091285,19779.68178116013,,56146.09235358888,48104.69515789619,14938.421976171943,20013.687979069247,20526.85946571205,81286.3634842197,30084.165232947576
157863,Union Commonwealth University,Barbourville,KY,4,2,20.0,0.6315,980.0,746,21311.0,12214.0,14368.0,15774.0,44322.0,44322.0,44322.0,30946.0,0.527,0.3213,0.6378,0.4670050761,0.4072727273,55217.827801,24250.0,14250.0,15000.0,14000.0,431,42002.0,27509.0,59113.0,55200.0,union commonwealth university,60670.21217983182,45489.57326196447,12535.753075710349,45489.57326196447,24888.817102175857,28233.66885211364,21872.395103689472,15395.144599284036,16189.534060607093,56672.42956365074,43108.457563941876,31761.209651296253,14746.495840167536,14625.387369319835,14368.801625998434,56654.13212536526,45489.57326196447
158477,Centenary College of Louisiana,Shreveport,LA,4,2,21.0,0.5574,1144.0,685,23624.0,19493.0,19831.0,20942.0,25412.0,29862.0,60620.0,41200.0,0.4484,0.5621,0.702,0.7190635452,0.2183406114,81576.195652,27000.0,11000.0,16625.0,12000.0,288,50330.0,32109.0,69045.0,87000.0,centenary college of louisiana,70863.85059050441,62216.91104057322,20006.503578256248,26081.42763713373,27711.260278711266,32954.846529227405,24246.32640089907,17062.95193087314,21493.674546547085,83725.1551948017,51655.84184546437,42285.33049936682,20353.407503226783,11289.772706141626,12316.115679427228,89291.83867584741,30648.65386825466
158802,Dillard University,New Orleans,LA,4,2,21.0,0.4186,1050.0,1063,22094.0,19819.0,21094.0,23224.0,26032.0,27019.0,39202.0,23918.0,0.6965,0.4328,0.7805,0.5470668486,0.3528528529,35612.988423,31000.0,22443.0,21728.0,23173.0,593,39196.0,19843.0,60794.0,69300.0,dillard university,62395.494717924914,40234.697238742185,20341.091387547356,26717.7602805708,31816.632171853675,20365.72361890621,22676.0216517721,22300.38012354957,23835.78921158483,36551.14042564756,40228.53918090247,24548.071235045038,21649.678678486496,23034.215349448776,23783.445719947264,71125.56804869225,27730.760795203692
159568,Louisiana Christian University,Pineville,LA,4,2,20.0,0.7719,,672,13113.0,13203.0,14619.0,14775.0,17347.0,6343.0,33791.0,20266.0,0.4309,0.4387,0.5243,0.6690518784,0.3684210526,57676.069038,21875.0,9500.0,12000.0,10500.0,530,51700.0,32404.0,71453.0,77600.0,louisiana christian university,73335.28447017615,34681.15541029379,13550.806276289808,17803.971557585344,22451.252540622554,33257.61770634666,13458.435408694104,12316.115679427228,15164.217430294775,59195.42818388659,53061.93171886564,20799.86669660602,15004.107926462222,9750.258246213223,10776.601219498825,79644.21472696275,6510.093479550576
159656,Loyola University New Orleans,New Orleans,LA,4,2,17.0,0.9305,,2812,23696.0,20131.0,21956.0,22042.0,25584.0,29072.0,64157.0,49440.0,0.3732,0.5903,0.8006,0.6513761468,0.1928071928,91948.266932,26000.0,15875.0,19500.0,17432.0,907,52927.0,29186.0,75942.0,85100.0,loyola university new orleans,77942.53807725522,65847.08613708439,20661.310395212462,26257.958628538854,26684.917305425664,29954.846018313594,24320.223094975634,20013.687979069247,22622.651817161248,94370.45767144712,54321.25454708708,50742.396599240186,22534.386321458685,16293.194700908938,17891.210710314623,87341.78702660477,29837.842919359035
160065,University of Holy Cross,New Orleans,LA,4,2,20.0,0.7366,,471,15635.0,14202.0,15215.0,15314.0,19073.0,16087.0,27541.0,16576.0,0.2753,0.4857,0.7097,0.6882129278,0.4898876404,58525.066116,26995.0,20099.0,19301.0,18969.0,378,49316.0,32571.0,72373.0,69800.0,university of holy cross,74279.5200055989,28266.511827258775,14576.122906602126,19575.439529476294,27706.12856384484,33429.016982885354,16046.872387320394,19809.445727385413,15717.416292895716,60066.79036923191,50615.13007055277,17012.661125182145,15615.80833854044,20628.46742006732,19468.699860254594,71638.73953533504,16510.779411245487
160074,Franciscan Missionaries of Our Lady University,Baton Rouge,LA,4,2,26.0,0.987,,821,18552.0,17014.0,18008.0,16370.0,16488.0,23539.0,28490.0,18310.0,0.3121,0.4545,0.6393,0.7317073171,0.4736024845,68455.589041,27672.0,17420.0,15000.0,17100.0,767,59419.0,39310.0,86054.0,79100.0,franciscan missionaries of our lady university,88320.91822311922,29240.511308906815,17462.19934748124,16922.342943533014,28400.96275675919,40345.54227985703,19040.714840394496,15395.144599284036,16801.23447268531,70258.91279435724,60984.27312965721,18792.339840859382,18482.384262927128,17878.894594635196,17550.464843183803,81183.72918689116,24159.087248169795
160755,Tulane University of Louisiana,New Orleans,LA,4,2,15.0,0.1398,1448.0,7767,39949.0,16126.0,18041.0,20149.0,28207.0,56667.0,87004.0,68678.0,0.0976,0.8614,0.9255,0.7080361388,0.1800116891,129408.59312,20500.0,19937.0,19000.0,19500.0,1566,63268.0,35855.0,94584.0,126000.0,tulane university of louisiana,97075.62378524542,89295.94404774056,16550.806787203626,28950.056247466986,21040.03095235485,36799.52730715527,41001.375439786534,19500.516492426446,20679.784568731604,132817.60023148757,64934.6672338335,70487.1827193086,18516.253581045552,20462.199858395055,20013.687979069247,129319.2146339859,58159.77726717523
160904,Xavier University of Louisiana,New Orleans,LA,4,2,19.0,0.6904,1080.0,2628,17127.0,14405.0,15094.0,17836.0,19118.0,24096.0,40434.0,28733.0,0.5419,0.4855,0.7168,0.5254901961,0.2657232704,51580.003051,24053.0,14000.0,13750.0,13784.0,1095,52184.0,32235.0,91378.0,127300.0,xavier university of louisiana,93785.16821289177,41499.15178183005,14784.470530179104,19621.624963274146,24686.627536438595,33084.16574386139,17578.176103462512,14112.215882677034,18305.853271522006,52938.773693443785,53558.68171793588,29489.912651415216,15491.620838772884,14368.801625998434,14147.111543768744,130653.46049925718,24730.760284289878
160959,College of the Atlantic,Bar Harbor,ME,4,2,21.0,0.7017,1370.0,353,25184.0,20415.0,13942.0,16650.0,26266.0,34684.0,58266.0,47997.0,0.2806,0.6829,0.85,0.7708333333,,,25050.0,21500.0,14833.0,17553.0,53,40264.0,27366.0,65816.0,,college of the atlantic,67549.78912976521,59800.89968145891,20952.791799625575,26957.92453631963,25709.89148080434,28086.901806933794,25847.42143922461,15223.74532274534,17088.61050520528,,41324.6734763715,49261.38368878906,14309.273733547869,22066.37392564045,18015.398210082178,,35597.67968543783
160977,Bates College,Lewiston,ME,3,2,21.0,0.1332,1468.0,1760,29351.0,2397.0,8958.0,11336.0,19468.0,45886.0,83532.0,66590.0,0.1152,0.8969,0.9129,0.8764940239,0.150877193,,14275.0,12156.0,12000.0,14990.0,95,69498.0,50952.0,104523.0,114000.0,bates college,107276.44659673102,85732.48124449294,2460.144106965589,19980.845003924107,14651.045943651974,52294.22717484801,30124.192608905716,12316.115679427228,11634.62394516559,,71328.7839574028,68344.17859108826,9193.980354692427,12476.225183259783,15384.88116955118,117003.09895455868,47094.77367218315
161004,Bowdoin College,Brunswick,ME,3,2,21.0,0.0713,1520.0,1873,14398.0,3145.0,2800.0,9007.0,13801.0,35196.0,85100.0,67832.0,0.1735,0.9528,0.9683,0.9,0.1883561644,,18500.0,8250.0,13000.0,9778.0,146,82735.0,50534.0,126498.0,135100.0,bowdoin college,129830.33343468214,87341.78702660477,3227.8486509832196,14164.559374314598,18987.345005783645,51865.215812014634,14777.286129366104,13342.458652712832,9244.271160383421,,84914.48589478432,69618.89656390899,2873.7603251996866,8467.32952960622,10035.58159278662,138658.9356908849,36123.167287760065
161086,Colby College,Waterville,ME,3,2,21.0,0.0709,1501.0,2407,17180.0,4049.0,1251.0,3666.0,12106.0,46511.0,85420.0,69600.0,0.1432,0.8879,0.9365,0.8714733542,0.108974359,,19157.0,4525.0,19313.0,14689.0,82,80490.0,58383.0,134924.0,111700.0,colby college,138478.29932758663,87670.21677805616,4155.662698833405,12424.908034595503,19661.652339232285,59920.98180933332,17632.57228104665,19821.76184306484,3762.5733400650183,,82610.34591975814,71433.47094067793,1283.9550595802887,4644.201954117351,15075.951934592214,114642.5101160018,47736.23803048665
161457,University of New England,Biddeford,ME,4,2,16.0,0.9163,,2135,38107.0,31371.0,32046.0,32348.0,36237.0,41991.0,63245.0,44210.0,0.1178,0.6835,0.7942,0.7333867094,0.2207307979,99138.644253,25250.0,19250.0,19500.0,19500.0,197,55921.0,40794.0,83771.0,79300.0,university of new england,85977.7772151082,64911.061345447924,32197.405414942634,37191.590322950375,25915.160075461463,41868.635252212865,39110.85168299445,20013.687979069247,33200.14249984267,101750.25091012762,57394.12540910417,45374.62284895648,32890.18692191041,19757.102235747847,20013.687979069247,81388.99778154827,43097.16779123573
161509,Maine College of Art & Design,Portland,ME,4,2,30.0,0.7606,,415,38338.0,31589.0,33075.0,35283.0,40992.0,42001.0,60128.0,42942.0,0.2857,0.5155,0.7167,0.662037037,0.2388059701,78768.290837,27000.0,22824.0,19500.0,16000.0,32,40778.0,24199.0,55585.0,45100.0,maine college of art & design,57049.27417008021,61711.9502977167,32421.148183118894,42071.85116092341,27711.260278711266,24836.473610538294,39347.936909823424,20013.687979069247,36212.45912643591,80843.28181827164,41852.2137646403,44073.21995883034,33946.2938414213,23425.25202227059,16421.48757256964,46288.06809518067,43107.43122096859
161518,Saint Joseph's College of Maine,Standish,ME,4,2,18.0,0.8351,1040.0,964,27555.0,20728.0,20376.0,24886.0,28819.0,32613.0,59782.0,44420.0,0.2361,0.6574,0.7457,0.7333333333,0.3053097345,87831.933682,27000.0,12000.0,23250.0,19000.0,122,59045.0,37291.0,96691.0,67000.0,saint joseph's college of maine,99238.12842995819,61356.83562895988,21274.03715026397,29578.178147117775,27711.260278711266,38273.3558167934,28280.880628884774,23862.474128890255,25541.571233185503,90145.68796460773,60600.420857648394,45590.15487334646,20912.764423667435,12316.115679427228,19500.516492426446,68764.97921013537,33472.12338776335
161563,Thomas College,Waterville,ME,4,2,20.0,0.963,,647,18885.0,12655.0,11904.0,16227.0,18145.0,26770.0,47198.0,31824.0,0.1815,0.5369,0.7749,0.6468253968,0.3786764706,66694.848315,24250.0,15450.0,20000.0,19500.0,34,44991.0,30577.0,53883.0,67200.0,thomas college,55302.438429548114,48441.335653133865,12988.370326929298,18622.993250267256,24888.817102175857,31382.489094153865,19382.487050498603,20526.85946571205,16654.46742750547,68451.78892244934,46176.19671109254,32662.338781841012,12217.58675399181,15856.998937262557,20013.687979069247,68970.24780479248,27475.201394855576
161572,Unity Environmental University,New Gloucester,ME,4,2,20.0,,,6483,19104.0,18370.0,19288.0,20079.0,21408.0,21931.0,21931.0,12640.0,0.6391,0.2867,0.3611,0.6819484241,0.3211009174,81926.36891,25000.0,3560.0,6558.0,4500.0,95,37852.0,24175.0,53204.0,61200.0,unity environmental university,54605.55155068719,22508.727747126548,18853.920419256516,21971.950372098177,25658.574332140062,24811.841379179437,19607.256161648147,6730.757218806981,20607.94056060161,84084.55305758254,38849.13422480662,12972.975182330014,19796.1032687327,3653.7809848967445,4618.543379785211,62812.18996507887,22508.727747126548
162061,Capitol Technology University,Laurel,MD,4,2,17.0,0.7435,,315,22102.0,19682.0,17134.0,15161.0,27961.0,25778.0,42471.0,27592.0,0.3918,0.4268,0.7681,0.6787878788,0.356097561,74390.606061,20264.0,12500.0,11000.0,12183.0,150,85035.0,41086.0,120194.0,103800.0,capitol technology university,123360.2673310897,43589.81241841282,20200.482400207227,28697.57587603873,20797.814010659447,42168.32740041226,22684.232395558385,11289.772706141626,15560.385817983019,76350.2758091647,87275.0747333412,28318.85531889634,17585.36050427551,12829.287166070031,12503.936443538494,106534.40062704553,26457.06916535626
162210,Washington Adventist University,Takoma Park,MD,4,2,20.0,0.4618,980.0,452,18526.0,17534.0,15160.0,19311.0,22090.0,21480.0,34309.0,26604.0,0.3719,0.2865,0.6408,0.439688716,0.3518518519,54485.877095,30500.0,23250.0,20000.0,23000.0,423,64249.0,41754.0,94418.0,98700.0,washington adventist university,96905.25085168002,35212.80107045573,17995.89769358975,22671.91627987896,31303.460685210874,42853.92450656704,19014.02992308907,20526.85946571205,19819.70915711827,55921.1970997562,65941.50969062667,27304.828461290166,15559.359475009733,23862.474128890255,23605.888385568855,101300.05146328895,22045.84706617474
162654,Goucher College,Baltimore,MD,4,2,21.0,0.7771,1248.0,964,22470.0,13471.0,18066.0,20403.0,24781.0,32220.0,70544.0,53350.0,0.3521,0.5734,0.786,0.7322097378,0.1759729272,96168.046931,26000.0,18500.0,17764.0,18727.0,296,53023.0,31717.0,75128.0,86200.0,goucher college,77107.09489700074,72402.33870745954,13825.86619313035,25433.805220990514,26684.917305425664,32552.52008369945,23061.926609727485,18231.956577445442,20940.475683946148,98701.39922223189,54419.7834725225,54755.39762478689,18541.912155377693,18987.345005783645,19220.324860719476,88470.76429721894,33068.77059926211
162760,Hood College,Frederick,MD,4,2,18.0,0.7777,,1194,20873.0,12424.0,14454.0,19837.0,23638.0,29078.0,61219.0,47700.0,0.3706,0.569,0.6799,0.7011331445,0.3111111111,83346.073276,25000.0,19125.0,17500.0,19000.0,521,57089.0,33533.0,79463.0,80500.0,hood college,81556.29168619383,62831.69048157129,12751.285100100324,24260.69520252507,25658.574332140062,34416.358923186104,21422.85688139038,17961.002032498043,20359.565561066494,85541.65665776952,58592.894001901754,48956.559825723234,14834.761335870098,19628.809364087145,19500.516492426446,82620.609349491,29844.000977198746
162928,Johns Hopkins University,Baltimore,MD,4,2,15.0,0.0644,1553.0,5693,18809.0,428.0,-213.0,4179.0,14591.0,37774.0,85947.0,65230.0,0.1949,0.9378,0.9809,0.822309417,0.1312714777,123341.6744,10250.0,7395.0,10000.0,8750.0,1162,87555.0,64509.0,135223.0,148600.0,johns hopkins university,138785.175876599,88211.09952497768,439.27479256623786,14975.370323210225,10520.015476177425,66208.35886368093,19304.484984528895,10263.429732856024,4289.087285360532,126590.86083372068,89861.45902602092,66948.35214741985,-218.61105330983332,7589.80628744703,8980.501016249022,152514.56583024052,38769.07947289035
163046,Loyola University Maryland,Baltimore,MD,4,2,18.0,0.7549,1290.0,3869,30574.0,20549.0,23462.0,27419.0,27939.0,35338.0,74055.0,57150.0,0.2037,0.7919,0.8711,0.8208578638,0.1349453978,136193.4571,27000.0,21500.0,23250.0,25000.0,728,82652.0,57714.0,113065.0,123600.0,loyola university maryland,116043.46827453664,76005.82888666529,21090.321758045844,28674.996330626447,27711.260278711266,59234.35836020526,31379.41006523401,23862.474128890255,28141.297984517932,139781.19770205914,84829.29942800161,58655.50092327218,24080.058839226804,22066.37392564045,25658.574332140062,126855.99149810045,36268.90798996662
163295,Maryland Institute College of Art,Baltimore,MD,4,2,30.0,0.7679,1258.0,1189,42729.0,32389.0,35223.0,45071.0,45906.0,50918.0,76860.0,56800.0,0.2311,0.7224,0.8339,0.7319587629,0.1738197425,101959.72748,26500.0,17313.0,15890.0,19000.0,525,45212.0,21148.0,68654.0,69800.0,maryland institute college of art,70462.55048794975,78884.7209267314,33242.222561747374,47115.30053164886,27198.088792068465,21705.10119904392,43854.60890552051,16308.589845508222,46258.30414895539,104645.64985721295,46403.01850818866,58296.28088262222,36150.878548038774,17769.075896493636,19500.516492426446,71638.73953533504,52259.331513756304
163462,Mount St. Mary's University,Emmitsburg,MD,4,2,19.0,0.7381,1176.0,1768,22655.0,11603.0,20067.0,21942.0,27170.0,31330.0,63731.0,48630.0,0.3113,0.6539,0.7077,0.7477124183,0.232712766,106194.2368,25391.0,17845.0,15000.0,16000.0,559,64072.0,45644.0,92305.0,95600.0,mount st. mary's university,94736.58814912754,65409.86403046473,11908.657519032846,27885.738584169816,26059.87443469473,46846.398672648036,23251.800059785324,15395.144599284036,22520.017519832687,108991.70874310733,65759.84698435511,49911.058790878844,20595.624444922185,18315.090358281574,16421.48757256964,98118.3882461036,32155.325353037922
163578,Notre Dame of Maryland University,Baltimore,MD,4,2,18.0,0.8216,,709,19169.0,11843.0,17637.0,17882.0,21409.0,24990.0,59320.0,43360.0,0.3644,0.5,0.7277,0.5906902087,0.4094292804,65939.395,22666.0,16666.0,17745.0,17750.0,357,65344.0,45601.0,97657.0,90100.0,notre dame of maryland university,100229.57574215208,60882.66517530193,12154.97983262139,21972.97671507146,23263.089832491463,46802.26592479675,19673.968454911712,18212.456060953016,18353.06504829314,67676.4347209538,67065.3552463744,44502.23132166372,18101.61101983817,17105.03199277785,18217.587775819444,92473.50189303278,25648.310902407204
163976,St. John's College,Annapolis,MD,4,2,21.0,0.5524,1372.0,471,45597.0,42528.0,46145.0,44755.0,49373.0,45828.0,55540.0,40684.0,0.2008,0.7143,0.8271,0.7346938776,,116018.49655,27000.0,15000.0,20475.0,21500.0,96,51584.0,27968.0,69532.0,84500.0,st. john's college,71363.67961849451,57003.088736282356,43648.3139678901,50673.63162003005,27711.260278711266,28704.760276851728,46798.16055290362,21014.37237802271,45933.979769397134,119074.7687052524,52942.87593396452,41755.737525151446,47360.596502264125,15395.144599284036,22066.37392564045,86725.98124263341,47035.245779732584
164173,Stevenson University,Owings Mills,MD,4,2,18.0,0.7891,,3102,26505.0,15894.0,20935.0,26937.0,29277.0,31892.0,58394.0,40560.0,0.3088,0.6849,0.7879,0.5814234017,0.3069435432,88890.911429,26000.0,20500.0,22400.0,22181.0,1276,62079.0,39840.0,86344.0,91100.0,stevenson university,88618.55768537206,59932.271582039466,16312.695217401364,30048.243228882584,26684.917305425664,40889.5040556984,27203.220506934893,22990.082601597493,27646.600671394273,91232.562334107,63714.345438596916,41628.470996464035,21486.490145734086,21040.03095235485,22765.31349044795,93499.84486631838,32732.130104024433
164216,Washington College,Chestertown,MD,3,2,21.0,0.5689,1280.0,891,27898.0,17804.0,22722.0,25068.0,26760.0,33980.0,73314.0,55326.0,0.226,0.6537,0.8391,0.8442307692,0.1603773585,110623.62956,26956.0,20500.0,21425.0,19500.0,397,65518.0,47119.0,93980.0,92000.0,washington college,96455.71262938091,75245.30874346066,18273.010296376866,27464.93796512272,27666.1011878867,48360.2545582443,28632.916268721736,21989.39820264403,25728.365654323483,113537.78487825546,67243.9389237261,56783.45133999924,23320.565038995457,21040.03095235485,20013.687979069247,94423.55354227542,34875.13423224477
164270,McDaniel College,Westminster,MD,4,2,18.0,0.7793,,1617,21916.0,12210.0,17261.0,19796.0,21408.0,30694.0,65294.0,52081.0,0.361,0.6329,0.7602,0.7939914163,0.2636363636,91722.544361,25000.0,12250.0,16250.0,14000.0,478,60663.0,40571.0,81977.0,84700.0,mcdaniel college,84136.51792103382,67014.03809771013,12531.647703817205,21971.950372098177,25658.574332140062,41639.76076917018,22493.33260252726,16678.07331589104,20317.485499161787,94138.7888967893,62261.0437884245,53452.96839168746,17715.70606188278,12572.701422748629,14368.801625998434,86931.24983729052,31502.57122202828
164447,American International College,Springfield,MA,4,2,17.0,0.9957,,1017,23274.0,24437.0,24073.0,22749.0,24772.0,21860.0,59270.0,44230.0,0.448,0.4591,0.5673,0.4817444219,0.4057377049,60296.160338,27000.0,19353.0,21500.0,20399.0,180,53124.0,29972.0,78679.0,84700.0,american international college,80751.63879513791,60831.34802663766,25080.743238180265,25424.568134230944,27711.260278711266,30761.551595316076,23887.106360249112,22066.37392564045,23348.27629927417,61884.540479008334,54523.44411282434,45395.14970842219,24707.15439590431,19862.815561996264,20936.370312053004,86931.24983729052,22435.857396023268
164465,Amherst College,Amherst,MA,3,2,21.0,0.0901,1533.0,1911,23367.0,1086.0,1570.0,17478.0,23639.0,47521.0,87640.0,70480.0,0.1984,0.939,0.9734,0.8,0.2084592145,81744.735294,13740.0,9100.0,12718.0,11501.0,187,77644.0,60184.0,153382.0,172500.0,amherst college,157422.53792849227,89948.6981787502,1114.6084689881643,24261.721545498356,14101.952452944177,61769.42550422069,23982.55625676467,13053.029934246291,17938.422487085758,83898.13467208848,79689.37381778732,72336.65275716926,1611.3584680583958,9339.721056898981,11803.970535757713,177044.1628917664,48772.84443350511
164492,Anna Maria College,Paxton,MA,4,2,19.0,0.503,,906,28333.0,25554.0,24373.0,25366.0,27627.0,33305.0,61888.0,44571.0,0.3429,0.4623,0.6032,0.576119403,0.3969335605,73837.193939,25000.0,17206.0,17500.0,18214.0,87,46651.0,27952.0,86559.0,76900.0,anna maria college,88839.22142462846,63518.31393069936,26227.168339340285,28354.777322961338,25658.574332140062,28688.338789279158,29079.375462100972,17961.002032498043,26034.21586036259,75782.28516641892,47879.92604674664,45745.132662312586,25015.057287889987,17659.257198352076,18693.81091542396,78925.77464566282,34182.352725276985
164562,Assumption University,Worcester,MA,4,2,19.0,0.8298,,1669,29498.0,19885.0,23632.0,25471.0,25961.0,33463.0,65551.0,51356.0,0.2198,0.7523,0.8392,0.8077304262,0.1752903907,121404.54,27000.0,21417.0,25000.0,24816.0,76,74895.0,48203.0,105117.0,89400.0,assumption university,107886.09432286267,67277.80824184453,20408.830023784205,26644.889929467525,27711.260278711266,49472.81034128589,30275.0650259787,25658.574332140062,26141.98187255758,124602.69655397085,76867.9569842252,52708.8697360554,24254.537144685357,21981.18745885775,25469.72722505551,91755.06181173286,34344.51491505611
164580,Babson College,Wellesley,MA,4,2,29.0,0.1709,1457.0,2728,40514.0,23641.0,17077.0,16861.0,55470.0,80192.0,80192.0,57152.0,0.1628,0.9312,0.9457,0.9063829787,0.1487603306,,20000.0,16250.0,19250.0,19000.0,178,123938.0,80814.0,175333.0,186700.0,babson college,179951.79253508453,82304.49571371904,24263.774231444928,56931.244728152364,20526.85946571205,82942.88104310268,41581.259219692896,19757.102235747847,17305.16887256854,,127202.895423071,58657.55360921875,17526.858954798234,16678.07331589104,19500.516492426446,191618.23311242196,82304.49571371904
164614,Boston Baptist College,Boston,MA,3,2,24.0,0.9091,,19,17933.0,,,15225.0,,21995.0,23370.0,14304.0,0.5455,0.1429,0.3333,0.6607142857,,,,,,,31,34159.0,,56719.0,,boston baptist college,58213.14710178608,23985.63528568453,,,,,18405.408539930708,,15626.071768273297,,35058.84962446289,14680.809889877257,,,,,22574.413697416825
164632,Bay Path University,Longmeadow,MA,4,2,18.0,0.852,1120.0,1108,14271.0,11948.0,12251.0,12698.0,17528.0,25475.0,47308.0,38302.0,0.6377,0.4394,0.728,0.5508253692,0.4970662196,61129.850103,24901.0,18651.0,19831.0,19471.0,112,55383.0,37023.0,80430.0,78600.0,bay path university,82548.76534136101,48554.23338019528,12262.745844816378,17989.73963575004,25556.966377784785,37998.29589995286,14646.940571758832,20353.407503226783,13032.50307478058,62740.19211121621,56841.95288947652,39310.98856278515,12573.727765721915,19142.322794749773,19983.924032843966,80670.55770024835,26146.087244450722
164739,Bentley University,Waltham,MA,4,2,18.0,0.4505,1352.0,4474,37930.0,21196.0,18587.0,26164.0,33653.0,49190.0,79548.0,61000.0,0.1607,0.8679,0.9268,0.9138062548,0.1555367709,127090.54401,25023.0,24250.0,23680.0,23946.0,291,120959.0,90680.0,160802.0,130700.0,bentley university,165038.00279027145,81643.5308389231,21754.36566176163,34539.52007998038,25682.180220525628,93068.78081753843,38929.1889767229,24303.801607403064,26853.237553044502,130438.48681570811,124145.41970565318,62606.92137042175,19076.636844459492,24888.817102175857,24576.808838297035,134143.02660842825,50485.81085591878
164748,Berklee College of Music,Boston,MA,4,2,18.0,0.4353,,7468,49465.0,42734.0,37987.0,47799.0,46801.0,54676.0,72700.0,52040.0,0.1618,0.6731,0.8857,0.6507723304,0.2123362445,102566.28825,25000.0,16036.0,15250.0,15992.0,905,33647.0,12235.0,61842.0,70900.0,berklee college of music,63471.10215392822,74615.1341578633,43859.74062038693,48033.87749273948,25658.574332140062,12557.306278149346,50768.05517357232,15651.730342605437,49058.16778007851,105268.18924137314,34533.36202214067,53410.88832978275,38987.69052620018,16458.43591960792,16413.276828783353,72767.71680594921,56116.328407363595
164872,Boston Architectural College,Boston,MA,4,2,30.0,,,280,25865.0,24056.0,14348.0,30097.0,34343.0,,40343.0,27470.0,0.2876,0.3158,0.75,0.4709480122,,59081.095238,37250.0,20448.0,22333.0,18675.0,81,62123.0,31511.0,81714.0,79300.0,boston architectural college,83866.58971905972,41405.75457126106,24689.70656535845,35247.69673154745,38231.27575488869,32341.09343120262,26546.361004032107,22921.31762238736,30889.844466976778,60637.466951538765,63759.50452942148,28193.6414761555,14725.968980701824,20986.661117744,19166.955026108626,81388.99778154827,
164924,Boston College,Chestnut Hill,MA,4,2,15.0,0.1643,1507.0,10085,41704.0,4284.0,7304.0,13112.0,19999.0,60308.0,89493.0,70702.0,0.1291,0.9083,0.9602,0.9073987901,0.1318956871,134038.56344,19000.0,16250.0,18500.0,18000.0,924,103937.0,68220.0,161815.0,160300.0,boston college,166077.68822220975,91850.51170824842,4396.853297555521,20525.833122738764,19500.516492426446,70017.1176375438,42802.607357902765,18987.345005783645,13457.40906572082,137569.53773594045,106675.00961438566,72564.50089723866,7496.40907687804,16678.07331589104,18474.173519140844,164522.77861768208,61896.69203290811
164988,Boston University,Boston,MA,4,2,15.0,0.1111,1480.0,18248,24402.0,9500.0,9342.0,11778.0,22517.0,47504.0,86285.0,68102.0,0.1915,0.8866,0.9472,0.8220195163,0.169382716,111098.39423,23250.0,20821.0,21500.0,21500.0,2247,83238.0,56723.0,122012.0,119600.0,boston university,125226.15885652292,88558.0034499482,9750.258246213223,23110.16472947191,23862.474128890255,58217.252473679226,25044.821234115272,22066.37392564045,12088.267539357825,114025.05626127422,85430.73641034697,69896.0091666961,9588.096056434099,21369.487046779526,22066.37392564045,122750.61960495805,48755.396602959256
165015,Brandeis University,Waltham,MA,4,2,15.0,0.405,1462.0,3618,35736.0,13363.0,15135.0,20536.0,26784.0,54885.0,86448.0,68080.0,0.1497,0.8603,0.8702,0.828708134,0.1630695444,99903.351981,25648.0,19719.0,24500.0,23250.0,324,77231.0,51787.0,116723.0,121300.0,brandeis university,119797.83087081538,88725.29735459376,13715.021152015504,27489.570196481574,26323.64457882913,53151.223557541496,36677.392493334286,25145.402845497258,21076.97929939313,102535.10331337762,79265.49416982036,69873.42962128381,15533.700900677593,20238.457090218795,23862.474128890255,124495.40265954357,56330.83408878029
165167,Cambridge College,Boston,MA,4,2,18.0,,,532,31072.0,,31072.0,,,,34072.0,18378.0,0.2999,0.1111,1.0,0.4048640916,0.509383378,33959.2,21791.0,16791.0,12196.0,14092.0,230,45998.0,28280.0,62727.0,69100.0,cambridge college,64379.41568528598,34969.557785787045,,,22365.039730866563,29024.979284516838,31890.52886593024,12517.278902191207,,34853.786298400424,47209.72408519114,18862.131163042803,31890.52886593024,17233.32486443855,14463.22517954071,70920.29945403512,
165334,Clark University,Worcester,MA,4,2,16.0,0.3954,1370.0,2214,28714.0,18188.0,13313.0,21971.0,25062.0,39035.0,68432.0,58867.0,0.2313,0.7694,0.8617,0.797011208,0.1629526462,96714.956403,26759.0,23442.0,20500.0,23250.0,189,62381.0,44684.0,89149.0,83300.0,clark university,91497.44972543817,70234.70234788035,18667.125998118536,25722.207596483768,27463.911622149437,45861.10941829386,29470.412134922786,21040.03095235485,22549.78146605797,99262.71591584243,64024.30101652916,60417.73180840356,13663.704003351226,24059.531979761094,23862.474128890255,85494.36967469068,40063.29796220349
165529,Curry College,Milton,MA,4,2,20.0,0.8765,1125.0,1780,29207.0,23806.0,23372.0,26827.0,32286.0,33973.0,64020.0,47970.0,0.3091,0.5112,0.6616,0.6736990155,0.3001567398,96017.422727,25000.0,14497.0,21625.0,17425.0,149,54400.0,32659.0,88666.0,87500.0,curry college,91001.72606934122,65706.47714974427,24433.12082203705,33136.50923549896,25658.574332140062,33519.33516453449,29976.39922075259,22194.666797301154,27533.702944332857,98546.80712884976,55833.05774673677,49233.67242851035,23987.6879716311,14878.894083721378,17884.026309501623,89805.01016249022,34867.94983143177
165574,Dean College,Franklin,MA,3,2,22.0,0.7371,,1089,30684.0,26996.0,26798.0,28640.0,31161.0,34318.0,64889.0,46526.0,0.3371,0.5359,0.6835,0.4852272727,0.3168187744,78930.491741,25000.0,12000.0,12156.0,12000.0,144,38109.0,19982.0,59888.0,66100.0,dean college,61465.62798412816,66598.36919352946,27707.154906818123,31981.873390552657,25658.574332140062,20508.385292192906,31492.307792295425,12476.225183259783,29394.462754899654,81009.75557635263,39112.904368941025,47751.63317508594,27503.938998107573,12316.115679427228,12316.115679427228,67841.27053417831,35222.038157215306
165662,Emerson College,Boston,MA,4,2,18.0,0.5131,1358.0,3870,49180.0,32650.0,32621.0,41927.0,46252.0,57288.0,80399.0,57056.0,0.1551,0.7711,0.8736,0.78003003,0.1315577078,123041.75223,23000.0,16375.0,18988.0,19500.0,549,62832.0,33763.0,89059.0,88600.0,emerson college,91405.07885784247,82516.94870918915,33510.09807777492,47470.41520040568,23605.888385568855,34652.41780704179,50475.54742618593,19488.20037674702,43031.48184094545,126283.0378220086,64487.18169748097,58559.02468378333,33480.33413154964,16806.36618755174,20013.687979069247,90933.98743310437,58797.136253585595
165671,Emmanuel College,Boston,MA,4,2,21.0,0.7565,1250.0,1854,26706.0,20399.0,20611.0,24008.0,26577.0,30832.0,65252.0,48550.0,0.2235,0.6751,0.7858,0.7144495413,0.2073684211,99837.625378,27000.0,25000.0,22250.0,24039.0,92,68245.0,45943.0,93132.0,79100.0,emmanuel college,95585.37378803472,66970.93169283214,20936.370312053004,27277.117201011457,27711.260278711266,47153.275221660435,27409.5154445653,22836.131155604653,24640.442102640744,102467.64527623063,70042.77621187594,49828.951353016,21153.955022389553,25658.574332140062,24672.258734812596,81183.72918689116,31644.206552341693
165699,Endicott College,Beverly,MA,4,2,18.0,0.7121,1274.0,3125,40654.0,29780.0,29447.0,32235.0,36925.0,43598.0,59328.0,40650.0,0.13,0.7556,0.8436,0.8349007315,0.1894818252,124773.30629,27000.0,19067.0,23250.0,22936.0,106,58336.0,38702.0,86105.0,76900.0,endicott college,88373.2617147568,60890.87591908822,30564.49374444524,37897.71428857087,27711.260278711266,39721.525752099384,41724.94723595288,23862.474128890255,33084.16574386139,128060.20616435375,59872.743689588904,41720.84186405974,30222.721534341134,19569.281471636583,23540.202435278577,78925.77464566282,44746.50094930569
165802,Fisher College,Boston,MA,4,2,22.0,0.7068,,1167,26649.0,25071.0,25267.0,27168.0,26511.0,30661.0,53921.0,35689.0,0.3967,0.2775,0.5459,0.440851735,0.4677419355,48910.634328,25000.0,12503.0,12000.0,12500.0,144,49669.0,25469.0,72974.0,60100.0,fisher college,74896.35213254356,55341.439462532966,25731.44468324334,27209.378564774604,25658.574332140062,26139.929186611007,27351.013895088017,12316.115679427228,27883.685898223248,50199.085861484375,50977.429140122586,36629.15437358987,25932.607906007317,12832.366194989887,12829.287166070031,61683.2126944647,31468.701903909856
165884,Benjamin Franklin Cummings Institute of Technology,Boston,MA,3,2,23.0,,,483,15488.0,13664.0,15595.0,15357.0,19321.0,21375.0,30406.0,18906.0,0.3966,0.4577,0.5,0.4791666667,0.487804878,39081.01087,12000.0,9500.0,6500.0,9500.0,52,57556.0,,80287.0,74800.0,benjamin franklin cummings institute of technology,82401.99829618116,31206.984445722028,14023.950386974471,19829.972586851123,12316.115679427228,,15895.99997024741,6671.229326356416,15761.549040746997,40110.52089532275,59072.196170426134,19404.0402529376,16005.818668388969,9750.258246213223,9750.258246213223,76770.45440176305,21938.081053979753
165936,Gordon College,Wenham,MA,4,2,21.0,0.6923,1265.0,1278,24883.0,21829.0,18900.0,21004.0,24380.0,27138.0,42446.0,30700.0,0.208,0.6854,0.8442,0.826546003,0.1691542289,96627.715928,26250.0,19000.0,23250.0,23250.0,182,52119.0,36773.0,72581.0,77500.0,gordon college,74492.99934404231,43564.15384408068,22404.040763851415,25022.241688702987,26941.503048747065,37741.71015663146,25538.492204265644,23862.474128890255,21557.307810890794,99173.17726734008,53491.969424672316,31508.729279867996,19397.882195097885,19500.516492426446,23862.474128890255,79541.58042963418,27852.89560902468
166018,Hampshire College,Amherst,MA,3,2,21.0,0.7528,,839,24034.0,13749.0,15251.0,18165.0,25447.0,37221.0,74195.0,58896.0,0.3933,0.5426,0.7838,0.7339130435,0.1390374332,80109.130435,26893.0,24000.0,22982.0,25345.0,208,46938.0,23026.0,68981.0,70600.0,hampshire college,70798.16464021413,76149.51690292527,14111.189539703748,26117.349641198725,27601.441580569706,23632.57330287428,24667.12701994617,23587.414212049716,18643.520109732966,82219.44311798204,48174.486480079606,60447.49575462884,15652.756685578723,24632.231358854457,26012.662657923593,72459.81391396353,38201.51180866341
166027,Harvard University,Cambridge,MA,4,2,15.0,0.0365,1553.0,7601,19066.0,8697.0,2991.0,2091.0,9941.0,53337.0,85540.0,61676.0,0.1643,0.9758,0.983,0.7071428571,0.25708061,73075.559607,14000.0,12500.0,11535.0,12736.0,612,101817.0,65309.0,200054.0,250000.0,harvard university,205324.01717767792,87793.37793485043,8926.104838664884,10202.875497432173,14368.801625998434,67029.4332423094,19568.255128663295,11838.866196849423,2146.0831571401945,75000.58712155765,104499.16251102019,63300.72922036282,3069.791833097237,12829.287166070031,13071.504107765433,256585.7433214006,54742.055166134174
166124,College of the Holy Cross,Worcester,MA,3,2,21.0,0.1761,1353.0,3106,38782.0,14343.0,16179.0,12682.0,27711.0,56284.0,80334.0,64500.0,0.148,0.8733,0.9478,0.8692206077,0.1662531017,,27000.0,19000.0,26976.0,24979.0,226,90543.0,65874.0,134575.0,136800.0,college of the holy cross,138120.10562990996,82450.23641592558,14720.837265835395,28440.99013271733,27711.260278711266,67609.31702221578,39803.63318996223,27686.62804735241,13016.08158720801,,92928.1718301983,66199.12177692135,16605.20296478776,19500.516492426446,25637.021129701065,140403.71874547043,57766.68790840685
166391,Lasell University,Newton,MA,4,2,18.0,0.8122,1100.0,1226,27511.0,18334.0,17631.0,25139.0,29359.0,32947.0,42434.0,27040.0,0.3128,0.5864,0.7038,0.6706652126,0.2880952381,86112.028736,26000.0,19500.0,21500.0,21500.0,108,49705.0,32233.0,69850.0,71400.0,lasell university,71690.05668399933,43551.83772840125,18816.972072218236,30132.403352692003,26684.917305425664,33082.11305791482,28235.721538060207,22066.37392564045,25801.23600542676,88380.47560856146,51014.37748716087,27752.31399764269,18095.452961998457,20013.687979069247,22066.37392564045,73280.88829259202,33814.921940840744
166452,Lesley University,Cambridge,MA,4,2,17.0,0.9687,,1122,31152.0,24799.0,24044.0,29030.0,33201.0,35152.0,51538.0,34256.0,0.3055,0.5802,0.7228,0.630537229,0.2874251497,94374.467581,21000.0,14250.0,15000.0,15000.0,198,51173.0,32463.0,74412.0,67300.0,lesley university,76372.23332812825,52895.66415719338,25452.279394509653,34075.613056055285,21553.20243899765,33318.17194177051,31972.636303793086,15395.144599284036,29794.73651448104,96860.57165932925,52521.04897194413,35158.4048928716,24677.390449679024,14625.387369319835,15395.144599284036,69072.88210212105,36078.008196935494
166489,Longy School of Music of Bard College,Cambridge,MA,4,2,30.0,,,10,38530.0,,40055.0,37005.0,,,72450.0,55275.0,0.0588,0.7778,0.8571,0.7905660377,0.1217105263,87907.179276,24254.0,18000.0,19500.0,18865.0,346,46543.0,22114.0,74224.0,77000.0,longy school of music of bard college,76179.28084915056,74358.54841454189,,,24892.922474069,22696.548511237812,39544.99476069426,20013.687979069247,37979.821726433715,90222.91575128032,47769.08100563179,56731.10784836167,41110.1677949548,18474.173519140844,19361.96019103289,79028.40894299139,
166656,Massachusetts College of Pharmacy and Health Sciences,Boston,MA,4,2,26.0,0.8521,1269.0,3451,39545.0,35206.0,36228.0,38376.0,42536.0,43470.0,65022.0,40530.0,0.3006,0.6202,0.7396,0.8269570335,0.3048780488,86251.644033,25000.0,25000.0,21250.0,25000.0,360,125557.0,84640.0,152747.0,155500.0,massachusetts college of pharmacy and health sciences,156770.81014045593,66734.87280897643,36133.43071749292,43656.524711676386,25658.574332140062,86869.6692588934,40586.73287857915,21809.78818231905,39386.937942808276,88523.76878760061,128864.54469682039,41597.68070726546,37182.35323619081,25658.574332140062,25658.574332140062,159596.33234591119,44615.12904872514
166683,Massachusetts Institute of Technology,Cambridge,MA,4,2,15.0,0.0455,1560.0,4535,20111.0,-2533.0,93.0,1480.0,11555.0,48479.0,82730.0,62396.0,0.1932,0.9641,0.9908,0.9182282794,0.2585139319,88351.859701,14768.0,6500.0,13837.0,13000.0,650,143372.0,88222.0,243025.0,242300.0,massachusetts institute of technology,249427.00108273354,84909.3541799179,-2599.726751332431,11859.393056315135,15157.033029481776,90546.02978920241,20640.783535746752,14201.50772135288,1518.9876004626915,90679.31038083673,147148.8447659034,64039.69616112845,95.44989651556102,6671.229326356416,13342.458652712832,248682.90242710148,49756.08100191272
166850,Merrimack College,North Andover,MA,4,2,18.0,0.7002,,3916,37927.0,31710.0,29417.0,31962.0,36045.0,41050.0,70038.0,53962.0,0.1558,0.7005,0.7927,0.7818371608,0.2067881835,120340.5865,27000.0,24125.0,23250.0,24250.0,97,75584.0,52191.0,106878.0,94000.0,merrimack college,109693.48429881861,71883.00916297702,32545.335682886453,36994.53247207954,27711.260278711266,53565.866118748876,38926.109947803045,23862.474128890255,32803.97411215442,123510.71535534323,77575.10729281897,55383.51952443768,30191.931245142565,24760.52423051516,24888.817102175857,96476.23948884662,42131.37905337398
166911,Montserrat College of Art,Beverly,MA,3,2,22.0,,,226,33216.0,25388.0,29977.0,32347.0,37366.0,39001.0,58616.0,40690.0,0.35,0.5347,0.9091,0.5857740586,0.3275862069,76440.093023,27000.0,25625.0,23250.0,26243.0,57,33022.0,,44796.0,50700.0,montserrat college of art,45976.05983130185,60160.11972210887,26056.795405774876,38350.33153978982,27711.260278711266,,34091.00820065457,23862.474128890255,33199.11615686938,78453.75235145385,33891.89766383716,41761.895582991165,30766.683310182503,26300.03869044356,26934.318647934066,52035.58874558004,40028.40230111178
166939,Mount Holyoke College,South Hadley,MA,4,2,21.0,0.3603,1463.0,2169,26441.0,10882.0,9526.0,17394.0,24247.0,38561.0,84926.0,67018.0,0.2189,0.8439,0.8859,0.7973568282,0.1895652174,90079.681736,22902.0,18763.0,15996.0,19000.0,283,58418.0,36010.0,77587.0,81600.0,mount holyoke college,79630.87226831003,87163.20334925308,11168.664235293925,24885.738073256,23505.306774186865,36958.61046801454,27137.534556644612,16417.382200676497,17852.209677329767,92452.64838554701,59956.90381339832,68783.4533836545,9776.943163518648,19257.273207757757,19500.516492426446,83749.58662010515,39576.81139286611
167057,The New England Conservatory of Music,Boston,MA,4,2,30.0,0.411,,393,46754.0,47882.0,44882.0,45625.0,45608.0,47387.0,81277.0,60750.0,0.0738,0.7339,0.8842,0.7876106195,,,27000.0,24000.0,19000.0,19750.0,76,34483.0,12465.0,64792.0,68400.0,the new england conservatory of music,66498.81392512075,83418.0778397339,49143.354246861214,46809.45032560975,27711.260278711266,12793.365162005035,47985.63937299506,19500.516492426446,46826.898156155614,,35391.38474780743,62350.33562710035,46064.32532700441,24632.231358854457,20270.273722390648,70201.85937273521,48635.314475084844
167260,Nichols College,Dudley,MA,4,2,19.0,0.8084,1140.0,1163,33036.0,22054.0,24749.0,31978.0,33851.0,35731.0,58310.0,42705.0,0.2552,0.6261,0.7246,0.6734693878,0.3157099698,93676.92163,27000.0,15750.0,19500.0,19500.0,85,58063.0,36543.0,75311.0,81900.0,nichols college,77294.915661112,59846.058772283475,22634.967932840675,34742.735988690925,27711.260278711266,37505.65127277577,33906.26646546316,20013.687979069247,32820.395599726995,96144.65027397656,59592.552057881934,43829.976674161655,25400.962245845374,16164.901829248238,20013.687979069247,84057.48951209083,36672.26077846786
167358,Northeastern University,Boston,MA,4,2,15.0,0.0522,1497.0,17326,30915.0,2264.0,2436.0,5301.0,16241.0,47696.0,84641.0,66162.0,0.1234,0.9054,0.969,0.7869451697,0.1851581509,120020.99222,24250.0,21950.0,21500.0,21500.0,1663,92538.0,61560.0,135313.0,112700.0,northeastern university,138877.54674419473,86870.69560186667,2323.640491518604,16668.83622913147,24888.817102175857,63181.673435461686,31729.3930191244,22066.37392564045,5440.644101386978,123182.70201176296,94975.72606190307,67904.90379852202,2500.1714829237276,22528.228263618974,22066.37392564045,115668.8530892874,48952.45445383009
167394,College of Our Lady of the Elms,Chicopee,MA,4,2,19.0,0.8526,,949,17545.0,8099.0,22645.0,17539.0,21243.0,25491.0,54027.0,43325.0,0.4509,0.6809,0.7602,0.5949367089,0.3516642547,72496.219807,25000.0,20750.0,19500.0,20750.0,43,51540.0,31411.0,72563.0,73400.0,college of our lady of the elms,74474.52517052316,55450.23181770124,8312.351740640093,21802.60378150605,25658.574332140062,32238.459133874057,18007.187466295894,20013.687979069247,18001.02940845618,74405.98578868297,52897.71684313995,44466.30931759872,23241.536630052466,21296.61669567625,21296.61669567625,75333.57423916322,26162.508732023292
167598,Regis College,Weston,MA,4,2,18.0,0.6978,,956,27477.0,21415.0,24531.0,22281.0,28986.0,33106.0,65546.0,49680.0,0.3101,0.7217,0.7895,0.6481835564,0.3487972509,85074.866,25500.0,23750.0,23192.0,23875.0,36,52873.0,27339.0,82569.0,80300.0,regis college,84744.11296121891,67272.6765269781,21979.134772911177,29749.577423656472,26171.745818782863,28059.190546655085,28200.825876968498,23802.946236439693,22867.94778777651,87315.9909223142,54265.83202652966,50988.71891282873,25177.219477669114,24375.645615533056,24503.93848719376,82415.34075483387,33978.11047359315
167783,Simmons University,Boston,MA,4,2,17.0,0.6998,1316.0,1670,25265.0,18027.0,15810.0,22139.0,24714.0,32777.0,63460.0,46874.0,0.3318,0.7234,0.8481,0.7726763718,0.2039397451,95155.8,24840.0,20916.0,21500.0,22000.0,167,63494.0,46140.0,91123.0,92500.0,simmons university,93523.45075470395,65131.72508470433,18501.884779419554,25365.040241780378,25494.359456414364,47355.464787397694,25930.555220060745,22066.37392564045,22722.207085569953,97662.48669737013,65166.62074579604,48108.800529789325,16226.482407645375,21466.98962924166,22579.545412283253,94936.72502891823,33640.44363538219
167792,Simon's Rock at Bard College,Barrytown,NY,3,2,23.0,0.9589,,225,31625.0,27480.0,41839.0,30051.0,24820.0,32298.0,85262.0,68780.0,0.1699,0.6828,0.7745,0.7905660377,0.1217105263,87907.179276,24254.0,18000.0,19500.0,18865.0,346,46543.0,22114.0,74224.0,77000.0,simon's rock at bard college,76179.28084915056,87508.05458827704,28203.904905888354,25473.83259694865,24892.922474069,22696.548511237812,32458.096530157178,20013.687979069247,30842.63269020564,90222.91575128032,47769.08100563179,70591.86970258373,42941.16365929632,18474.173519140844,19361.96019103289,79028.40894299139,33148.825351178384
167835,Smith College,Northampton,MA,4,2,21.0,0.21,1500.0,2544,27579.0,1363.0,3737.0,6559.0,11750.0,40477.0,86030.0,65178.0,0.1788,0.8905,0.943,0.8236607143,0.1850828729,93724.38646,17550.0,14750.0,13471.0,14750.0,327,64027.0,37521.0,94865.0,86200.0,smith college,97364.02616073868,88296.28599176038,1398.905472588276,12059.529936105828,18012.319181162322,38509.41470064909,28305.51286024363,13825.86619313035,6731.783561780267,96193.36546872526,65713.66155055727,66894.98231280899,3835.443691168296,15138.558855962636,15138.558855962636,88470.76429721894,41543.28452968133
167899,Springfield College,Springfield,MA,4,2,17.0,0.7189,1275.0,1751,30587.0,22519.0,22295.0,23364.0,27470.0,34461.0,60729.0,45174.0,0.2236,0.7419,0.8067,0.5502502888,0.3138871275,100439.15571,26250.0,20315.0,25000.0,22985.0,821,48036.0,29321.0,69087.0,83100.0,springfield college,70906.95699538241,62328.78242466135,23112.21741541848,28193.6414761555,26941.503048747065,30093.402319707147,31392.75252388672,25658.574332140062,23979.477227844814,103085.021705697,49301.4110647472,46364.01747520381,22882.316589402508,20850.157502297014,23590.493240969572,85289.10108003356,35368.805202395146
167996,Stonehill College,Easton,MA,4,2,21.0,0.6628,,2528,33016.0,23605.0,25053.0,26357.0,31059.0,37147.0,72714.0,57490.0,0.1706,0.76,0.8396,0.860373648,0.1639004149,126101.43469,25000.0,24648.0,23251.0,23861.0,128,77745.0,57153.0,98944.0,104800.0,stonehill college,101550.47914877064,74629.5029594893,24226.825884406644,31877.186407277524,25658.574332140062,58658.579952192034,33885.73960599745,23863.500471863543,27051.32174688862,129423.3214153148,79793.03445808915,59004.457534189285,25712.970509724197,25297.30160554353,24489.56968556776,107560.74360033113,38125.562428640274
168005,Suffolk University,Boston,MA,4,2,17.0,0.8233,1216.0,4268,29618.0,24745.0,25711.0,25702.0,29654.0,36264.0,65281.0,47550.0,0.2995,0.6088,0.7543,0.6998027613,0.2965027876,88679.530295,26889.0,22635.0,19500.0,21500.0,380,67506.0,38432.0,99147.0,96400.0,suffolk university,101758.82677234762,67000.6956390574,25396.85687395223,30435.174529811255,27597.336208676563,39444.41314931227,30398.22618277297,20013.687979069247,26379.067099386553,91015.61279254095,69284.30875461787,48802.608379730395,26388.304186146124,23231.27320031961,22066.37392564045,98939.46262473207,37219.301583229084
168148,Tufts University,Medford,MA,4,2,15.0,0.1149,1513.0,7061,39998.0,11284.0,9811.0,14923.0,23311.0,58570.0,88300.0,70704.0,0.1204,0.9351,0.955,0.9137214137,0.1529548088,116580.39882,16250.0,10465.0,15626.0,15500.0,516,83214.0,47081.0,132294.0,170300.0,tufts university,135779.0173078455,90626.08454111869,11581.254110554737,23925.081050260676,16678.07331589104,48321.253525259446,41051.66624547753,16037.635300560823,15316.116190341045,119651.47315174014,85406.10417898811,72566.55358318523,10069.450910905045,10740.679215433829,15908.316085926837,174786.2083505381,60112.907945337734
168218,Wellesley College,Wellesley,MA,3,2,21.0,0.1405,1520.0,2300,25496.0,2546.0,2836.0,6587.0,11551.0,54188.0,86290.0,67176.0,0.2113,0.9153,0.965,0.8956043956,0.1717791411,89384.678715,10000.0,5468.0,10000.0,6145.0,266,84803.0,55457.0,141028.0,121300.0,wellesley college,144743.09683652193,88563.13516481464,2613.069209985144,11855.287684421994,10263.429732856024,56917.90226949965,26167.64044688972,10263.429732856024,6760.5211650322635,91739.33691853141,87036.96316353894,68945.61557343364,2910.7086722379686,5612.043377925674,6306.877570840027,124495.40265954357,55615.473036400224
168227,Wentworth Institute of Technology,Boston,MA,4,2,20.0,0.9121,1229.0,3747,34170.0,27018.0,27588.0,31922.0,35769.0,38272.0,61096.0,42884.0,0.2311,0.6824,0.8376,0.8259404829,0.24718398,100530.23309,25028.0,19000.0,18186.0,19000.0,175,82721.0,58416.0,112775.0,95900.0,wentworth institute of technology,115745.82881228381,62705.45029585717,27729.734452230405,36711.261811452714,25687.31193539206,59954.85112745175,35070.139397169034,18665.073312171964,32762.920393223,103178.49833468525,84900.11709315832,44013.69206637977,28314.749947003198,19500.516492426446,19500.516492426446,98426.29113808928,39280.198273586575
168254,Western New England University,Springfield,MA,4,2,17.0,0.8348,1192.0,2603,27290.0,20726.0,22471.0,25205.0,28660.0,29794.0,60262.0,47820.0,0.2446,0.6398,0.7397,0.7529673591,0.2454954955,98510.362436,25500.0,19500.0,19500.0,20000.0,196,73157.0,48898.0,104001.0,98800.0,western new england university,106740.69556467593,61849.48025613697,21271.984464317396,29414.989614365364,26171.745818782863,50186.11870771939,28008.89974096409,20013.687979069247,25868.974641663608,101105.41828200656,75084.17289665481,49079.72098251751,23062.952952700773,20013.687979069247,20526.85946571205,101402.68576061752,30578.86254607124
168281,Wheaton College (Massachusetts),Norton,MA,3,2,21.0,0.6773,1308.0,1773,29822.0,20076.0,21528.0,28299.0,28639.0,33956.0,79311.0,63960.0,0.2217,0.7282,0.8218,0.8049242424,0.147107438,,26000.0,21750.0,23000.0,23000.0,124,67725.0,42510.0,93181.0,85000.0,wheaton college (massachusetts),95635.66459372571,81400.28755425442,20604.861531681756,29393.436411926366,26684.917305425664,43629.83979437096,30607.600149323236,23605.888385568855,29044.479801009264,,69509.07786576742,65644.89657134713,22095.11152889245,22322.959668961852,23605.888385568855,87239.1527292762,34850.502000885914
168342,Williams College,Williamstown,MA,4,2,21.0,0.0825,1533.0,2076,17716.0,-2610.0,-1727.0,-1978.0,3030.0,49594.0,84860.0,68560.0,0.1761,0.9361,0.9685,0.8100775194,0.215496368,,12761.0,6043.0,13203.0,9000.0,170,88665.0,62574.0,145323.0,167700.0,williams college,149151.2399067836,87095.46471301622,-2678.7551602754224,3109.8192090553753,13097.162682097573,64222.385210373286,18182.69211472773,13550.806276289808,-2030.1064011589217,,91000.69972636794,70366.0742484609,-1772.4943148642353,6202.190587564895,9237.086759570422,172117.71661999554,50900.45341712617
168421,Worcester Polytechnic Institute,Worcester,MA,4,2,16.0,0.6016,,5447,43071.0,24018.0,24452.0,32350.0,37753.0,49716.0,78679.0,60965.0,0.1188,0.8971,0.9366,0.9167303285,0.1337719298,131984.25271,27000.0,27000.0,26902.0,26500.0,245,103470.0,77738.0,129699.0,117100.0,worcester polytechnic institute,133115.65729216934,80751.63879513791,24650.7055323736,38747.52627045135,27711.260278711266,79785.85005727615,44205.61820238418,27610.678667329277,33202.19518578924,135461.11035325972,106195.70744586128,62570.99936635675,25096.13838277955,27711.260278711266,27198.088792068465,120184.76217174405,51025.66725986701
168528,Adrian College,Adrian,MI,4,2,22.0,0.7253,1034.0,1604,25368.0,19542.0,21571.0,24162.0,27166.0,28652.0,56003.0,41684.0,0.3081,0.4842,0.6542,0.6191425723,0.3100529101,80803.149533,27000.0,12000.0,19500.0,14750.0,721,55504.0,39042.0,77195.0,72300.0,adrian college,79228.54582278208,57478.28553291359,20056.794383947243,27881.633212276676,27711.260278711266,40070.48236301649,26036.268546309162,20013.687979069247,24798.498920526727,82931.74474254037,56966.14038924408,42782.08049843705,22139.24427674373,12316.115679427228,15138.558855962636,74204.59696854906,29406.77887057908
168546,Albion College,Albion,MI,3,2,21.0,0.807,,1300,14301.0,10036.0,9772.0,12085.0,16656.0,24368.0,69986.0,56950.0,0.4749,0.6159,0.708,0.753894081,0.2797619048,73724.090511,27000.0,18250.0,19500.0,19500.0,478,58799.0,40306.0,85694.0,89400.0,albion college,87951.43475273642,71829.63932836617,10300.378079894306,17094.768563044992,27711.260278711266,41367.779881249495,14677.730860957401,20013.687979069247,12403.354832156505,75666.20225783662,60347.94048622013,58450.23232861506,10029.423534946907,18730.759262462245,20013.687979069247,91755.06181173286,25009.92557302356
168591,Alma College,Alma,MI,4,2,22.0,0.5703,,1148,20694.0,17162.0,18009.0,18076.0,18699.0,23618.0,63650.0,49552.0,0.2704,0.6287,0.8497,0.7362962963,0.2410714286,79447.827011,27000.0,25625.0,21594.0,23250.0,532,54742.0,36251.0,77064.0,89700.0,alma college,79094.09489328167,65326.73024962859,17614.09810752751,19191.58725746748,27711.260278711266,37205.95912457637,21239.141489172256,22162.850165129297,18552.175585110548,81540.71899554993,56184.06704360045,50857.347012248174,18483.410605900415,26300.03869044356,23862.474128890255,92062.96470371854,24240.16834305936
168740,Andrews University,Berrien Springs,MI,4,2,17.0,0.8185,1150.0,1224,12547.0,13406.0,10155.0,8024.0,13426.0,17340.0,45218.0,35056.0,0.2471,0.7153,0.8321,0.500618047,0.1721311475,76976.271493,26000.0,22000.0,19350.0,21500.0,495,53187.0,27398.0,81593.0,78000.0,andrews university,83742.40221929215,46409.17656602837,13759.153899866786,13779.680759332497,26684.917305425664,28119.744782078935,12877.525285814454,19859.736533076408,8235.376017643674,79004.05535656537,54588.103720141335,35979.47927150008,10422.512893715293,22579.545412283253,22066.37392564045,80054.75191627699,17796.787156772345
168786,Aquinas College,Grand Rapids,MI,4,2,21.0,0.8988,1025.0,1083,16626.0,10725.0,11222.0,13594.0,15468.0,21093.0,51652.0,40218.0,0.239,0.6536,0.7831,0.6195876289,0.2191780822,76576.674956,23000.0,20250.0,15500.0,19500.0,783,49584.0,32142.0,70335.0,69900.0,aquinas college,72187.83302604285,53012.667256147935,11007.528388488086,15875.473110781699,23605.888385568855,32988.71584734583,17063.978273846427,15908.316085926837,13952.106378844479,78593.93225866617,50890.18998739331,41277.46169960036,11517.62084621103,20783.44520903345,20013.687979069247,71741.37383266361,21648.652335513212
168847,Baker College,Owosso,MI,4,2,19.0,0.8187,1080.0,3026,13157.0,11976.0,11362.0,12546.0,13754.0,17964.0,24526.0,13000.0,0.3768,0.3583,0.661,0.3248336319,0.4714151828,45864.236277,25000.0,18422.0,12058.0,17481.0,26690,35833.0,17637.0,54694.0,60500.0,baker college,56134.80258088274,25172.087762802686,12291.483448068375,14116.321254570175,25658.574332140062,18101.61101983817,13503.594499518671,12375.643571877794,12876.498942841168,47072.43662800957,36776.947761742995,13342.458652712832,11661.308862471014,18907.290253867366,17941.501516005617,62093.749883778946,18437.22517210256
169080,Calvin University,Grand Rapids,MI,4,2,20.0,0.7091,1233.0,3193,22992.0,19281.0,18330.0,19447.0,21128.0,26713.0,54222.0,39350.0,0.1743,0.7406,0.8676,0.8343904158,0.1322525597,97529.103627,23250.0,21500.0,19500.0,21145.0,1124,58375.0,38181.0,82853.0,79400.0,calvin university,85035.59436563202,55650.36869749193,19788.9188679197,21684.57433957821,23862.474128890255,39186.801063017585,23597.67764178257,20013.687979069247,19959.29180148511,100098.31019841481,59912.771065547044,40386.595998788456,18812.866700325092,22066.37392564045,21702.022170124063,81491.63207887684,27416.699845378298
169327,Cleary University,Howell,MI,4,2,29.0,0.6754,,738,22143.0,18046.0,18917.0,15328.0,20797.0,27372.0,39718.0,26102.0,0.2988,0.4146,0.6585,0.4702970297,0.4229249012,84499.485294,19500.0,12355.0,12000.0,13128.0,291,54186.0,32488.0,84853.0,101200.0,cleary university,87088.28031220322,40764.29021295756,18521.385295911983,21344.854815420673,20013.687979069247,33343.83051610265,22726.312457463093,12316.115679427228,15731.785094521714,86725.452977747,55613.420350453656,26789.604288700793,19415.33002564374,12680.467434943617,13473.830553293388,103865.90889650297,28093.05986477351
169363,Concordia University Ann Arbor,Ann Arbor,MI,4,2,20.0,0.6925,,702,32811.0,28829.0,30199.0,32218.0,32526.0,35139.0,51853.0,35410.0,0.2414,0.4764,0.4464,0.532168726,0.3183879093,87643.029696,25750.0,17750.0,20500.0,19365.0,2032,56075.0,37673.0,78409.0,78200.0,concordia university ann arbor,80474.5261923508,53218.962193778345,29588.441576850633,33382.8315490875,26428.331562104264,38665.4188325885,33675.3392964739,21040.03095235485,33066.71791331554,89951.80768595099,57552.18222699015,36342.804684043185,30994.531450251907,18217.587775819444,19875.13167767569,80260.0205109341,36064.66573828278
169442,College for Creative Studies,Detroit,MI,4,2,30.0,0.9194,,1230,34617.0,30267.0,33152.0,33647.0,33667.0,38580.0,66014.0,53350.0,0.3002,0.7061,0.8217,0.5641025641,0.2283609576,87013.709234,26000.0,15125.0,21500.0,17375.0,435,44860.0,22591.0,75526.0,84800.0,college for creative studies,77515.57940036841,67753.00503847576,31064.322772435327,34553.88888160638,26684.917305425664,23186.114109495044,35528.9147062277,22066.37392564045,34533.36202214067,89305.90905183244,46041.74578159212,54755.39762478689,34025.32225036429,15523.437470944737,17832.70916083734,87033.88413461909,39596.31190935854
169479,Davenport University,Grand Rapids,MI,4,2,18.0,0.9784,,3134,17707.0,16700.0,22376.0,22856.0,24420.0,28703.0,37319.0,24466.0,0.338,0.5659,0.8205,0.3550556303,0.3986062718,70128.355763,26000.0,18000.0,15813.0,18044.0,5634,45099.0,24736.0,67837.0,65400.0,davenport university,69624.02827877541,38302.0934200454,17139.92765386956,25063.29540763441,26684.917305425664,25387.61978719266,18173.45502796816,16229.56143656523,23458.09499741573,71975.74516542793,46287.041752207384,25110.50718440555,22965.45037023864,18474.173519140844,18519.33260996541,67122.83045287839,29459.122362216647
169716,University of Detroit Mercy,Detroit,MI,4,2,17.0,0.7542,1134.0,2438,15232.0,13088.0,11290.0,14173.0,15584.0,21691.0,42211.0,32946.0,0.2634,0.672,0.8349,0.6933962264,0.2871198569,80997.336,23250.0,21931.0,19000.0,20610.0,1098,71030.0,44340.0,97869.0,81000.0,university of detroit mercy,100447.16045248862,43322.963245358565,13432.776834361965,15994.528895682828,23862.474128890255,45508.04743548361,15633.256169086297,19500.516492426446,14546.358960376843,83131.04665845296,72901.14139247633,33813.89559786746,11587.412168394452,22508.727747126548,21152.928679416265,83133.7808361338,22262.405433538002
169983,Kettering University,Flint,MI,4,2,19.0,0.7867,1251.0,1205,34660.0,24910.0,23273.0,31544.0,33401.0,39399.0,61250.0,48470.0,0.1698,0.708,0.943,0.8643815201,0.1818181818,98256.073718,27000.0,28000.0,26000.0,27000.0,479,94823.0,66125.0,115611.0,106100.0,kettering university,118656.53748452179,62863.50711374315,25566.203464544356,34280.88165071241,27711.260278711266,67866.92910851046,35573.04745407898,26684.917305425664,32374.962749321043,100844.43084310145,97320.91975586068,49746.84391515315,23886.080017275825,28737.60325199687,27711.260278711266,108894.98946560241,40436.88680447945
170000,Grace Christian University,Wyoming,MI,4,2,22.0,0.9916,,716,12404.0,9538.0,10935.0,10037.0,12379.0,20834.0,26166.0,18690.0,0.4691,0.5104,0.6522,0.4645669291,0.517053206,60904.059633,24375.0,8268.0,14000.0,8756.0,149,41663.0,24613.0,57913.0,,grace christian university,59438.600611889095,26855.290238991074,9789.259279198075,12705.099666302473,25017.10997383656,25261.379601478533,12730.758240634612,14368.801625998434,10301.404422867592,62508.45364889685,42760.52729599805,19182.35017070791,11223.060412878063,8485.80370312536,8986.659074088735,,21382.82950543224
170037,Cornerstone University,Grand Rapids,MI,4,2,18.0,0.7777,,1298,20301.0,20177.0,17674.0,17872.0,18489.0,23135.0,42043.0,23000.0,0.3276,0.6187,0.7828,0.6019273536,0.3476744186,75989.871028,25000.0,14850.0,19753.0,18532.0,1067,47314.0,28589.0,66987.0,74200.0,cornerstone university,68751.63675148266,43150.537625846584,20708.5221719836,18976.055233077503,25658.574332140062,29342.119263262088,20835.788700671015,20273.352751310504,18342.801618560286,77991.67017046697,48560.391438034996,23605.888385568855,18139.585709849736,15241.193153291197,19020.187980928786,76154.6486177917,23744.44468696241
170091,Great Lakes Christian College,Lansing,MI,3,2,22.0,,,197,15524.0,12510.0,16854.0,14394.0,18309.0,21553.0,30311.0,19520.0,0.5314,0.36,0.4894,0.3618421053,0.2903225806,52452.012195,18779.0,17545.0,,11824.0,97,31053.0,18403.0,49692.0,,great lakes christian college,51001.03502850816,31109.481863259894,12839.550595802886,18791.313497886094,19273.694695330327,18887.78973737494,15932.948317285693,,14773.180757472961,53833.75415102898,31871.028349437813,20034.21483853496,17297.984471755542,18007.187466295894,12135.479316128964,,22120.77010322459
170301,Hope College,Holland,MI,3,2,21.0,0.7924,1249.0,3288,27182.0,17606.0,16590.0,18206.0,25017.0,32754.0,55646.0,41970.0,0.1648,0.7995,0.8837,0.8070175439,0.1491317671,112334.113,26800.0,24187.0,23136.0,24217.0,897,58427.0,41745.0,82041.0,79700.0,hope college,84202.2038713241,57111.88109145063,18069.794387666316,25676.022162685917,27505.991684054145,42844.68741980747,27898.054699849246,23745.4710299357,18685.600171637678,115293.32753782083,59966.140900157894,43075.614588796736,17027.029926808144,24824.157494858864,24854.947784057433,81799.53497086251,33616.83774699662
170532,Kalamazoo College,Kalamazoo,MI,3,2,21.0,0.7532,1280.0,1149,19072.0,12019.0,11804.0,15337.0,24412.0,28672.0,74208.0,61050.0,0.2575,0.7598,0.8455,0.8250591017,0.1369509044,101147.54208,26077.0,19041.0,24500.0,23000.0,299,65590.0,44517.0,91093.0,90900.0,kalamazoo college,93492.66046550538,76162.85936157798,12335.616195919656,25055.084663848127,26763.945714368656,45689.71014175516,19574.41318650301,25145.402845497258,15741.022181281285,103812.06907891779,67317.83561780266,62658.23851908603,12114.952456663252,19542.596554331154,23605.888385568855,93294.57627166127,29427.30573004479
170675,Lawrence Technological University,Southfield,MI,4,2,18.0,0.559,,1668,32918.0,25980.0,27036.0,28082.0,33632.0,37492.0,58166.0,44760.0,0.155,0.6058,0.7836,0.6372881356,0.2227722772,86085.54512,27000.0,17750.0,21000.0,22250.0,625,69151.0,43512.0,98820.0,95200.0,lawrence technological university,101423.21262008323,59698.26538413035,26664.39044595995,34517.96687754138,27711.260278711266,44658.235453603134,33785.15799461546,21553.20243899765,28821.763375806288,88353.29433537267,70972.64294567269,45939.111484263565,27748.208625749547,18217.587775819444,22836.131155604653,97707.85105678935,38479.650754423805
170806,Madonna University,Livonia,MI,4,2,19.0,0.6339,980.0,1632,17755.0,14759.0,15277.0,16912.0,16593.0,22005.0,41038.0,28440.0,0.304,0.6,0.7154,0.4832419257,0.4176755448,63891.111111,23000.0,20396.0,16500.0,19250.0,1163,59058.0,38222.0,81197.0,72200.0,madonna university,83335.97040187106,42119.06293769455,15147.795942722207,17030.108955728,23605.888385568855,39228.88112492229,18222.71949068587,16934.65905921244,17357.512364206108,65574.19294418453,60613.763316301105,29189.194160242532,15679.441602884148,20933.29128313315,19757.102235747847,74101.96267122049,22584.67712714968
170967,Rochester Christian University,Rochester Hills,MI,4,2,22.0,0.9765,,792,21456.0,18463.0,17173.0,19771.0,20596.0,25821.0,41787.0,29196.0,0.309,0.4412,0.5957,0.4653739612,0.4059233449,69888.222222,24475.0,12500.0,15000.0,14730.0,555,48707.0,29057.0,69551.0,73600.0,rochester christian university,71383.18013498693,42887.79382468547,18949.370315772077,21138.559877790267,25119.74427116512,29822.44777475975,22021.214834815884,15395.144599284036,20291.826924829646,71729.28579297238,49990.087199821835,29965.10944804645,17625.38788023365,12829.287166070031,15118.031996496924,75538.84283382034,26501.20191320754
171492,Northwood University,Midland,MI,4,2,29.0,0.6451,,1974,27232.0,25700.0,25913.0,25906.0,26016.0,28224.0,48780.0,34400.0,0.2569,0.6332,0.7862,0.5447641886,0.397157816,84969.36635,20842.0,17500.0,17750.0,18750.0,1945,63075.0,40489.0,92317.0,91200.0,northwood university,94748.90426480696,50065.01023687168,26377.01441343998,26701.33879299823,21391.040249218524,41555.600645360755,27949.371848513525,18217.587775819444,26588.441065936815,87207.7120978526,64736.583039989375,35306.19828102472,26595.625466749814,17961.002032498043,19243.930749105046,93602.47916364695,28967.504078012844
171599,The University of Olivet,Olivet,MI,4,2,22.0,0.8325,,892,21393.0,19656.0,20442.0,20564.0,21730.0,24068.0,47069.0,34068.0,0.4947,0.3527,0.6138,0.552957359,0.3344103393,63806.888525,27000.0,11000.0,17601.0,12193.0,543,47907.0,30603.0,64105.0,65800.0,the university of olivet,65793.71630247355,48308.93740958002,20173.797482901802,22302.432809496142,27711.260278711266,31409.17401145929,21956.55522749889,18064.66267279989,21105.716902645127,65487.751684851486,49169.012821193355,34965.4524138939,20980.503059904284,11289.772706141626,12514.199873271351,67533.36764219264,24702.02268103788
171881,Kuyper College,Grand Rapids,MI,3,2,22.0,0.691,,145,15644.0,14024.0,10765.0,13865.0,24243.0,21321.0,38366.0,27660.0,0.4314,0.5,0.5897,0.6844660194,,66878.036585,21389.0,14250.0,20500.0,18099.0,158,41066.0,23608.0,56153.0,,kuyper college,57632.23697890643,39376.67451307542,14393.433857357288,24881.632701362858,21952.44985560575,24229.904913326503,16056.109474079964,21040.03095235485,14230.245324604877,68639.80291615218,42147.80054094655,28388.646641079762,11048.58210741951,14625.387369319835,18575.781473496118,,21882.65853342233
172033,Sacred Heart Major Seminary,Detroit,MI,4,2,21.0,1.0,,178,11916.0,11916.0,,,,,41915.0,24120.0,0.0695,0.6667,1.0,,,48422.181818,,,,,32,49295.0,36291.0,67395.0,,sacred heart major seminary,69170.38468458317,43019.16572526602,12229.902869671238,,,37247.0128435078,12229.902869671238,,,49697.76606006215,50593.57686811377,24755.39251564873,,,,,
172264,Siena Heights University,Adrian,MI,4,2,19.0,0.689,954.0,1495,17124.0,15624.0,15145.0,17260.0,18284.0,17857.0,44449.0,30778.0,0.3419,0.3862,0.7,0.5288350634,0.4433634468,72003.933908,18750.0,16018.0,15626.0,15625.0,1259,57529.0,37017.0,79860.0,71500.0,siena heights university,81963.74984658821,45619.91881957174,16035.582614614252,18765.654923553953,19243.930749105046,37992.137842113145,17575.097074542657,16037.635300560823,17714.679718909498,73900.73161539673,59044.484910147425,31588.78403178427,15543.964330410448,16439.96174608878,16036.608957587538,73383.52258992057,18327.406473961004
172334,Spring Arbor University,Spring Arbor,MI,4,2,18.0,0.5152,1170.0,1010,19353.0,14530.0,15697.0,16197.0,19358.0,21370.0,44703.0,34014.0,0.2869,0.6354,0.7707,0.5755813953,0.351659751,76851.239787,26375.0,25690.0,22392.0,25000.0,1509,51732.0,32240.0,74957.0,78200.0,spring arbor university,76931.5902485689,45880.609934786284,14912.763401839804,19867.94727686269,27069.795920407763,33089.29745872782,19862.815561996264,22981.87185781121,16623.677138306903,78875.72994367436,53094.77469401078,34910.02989333648,16110.505651664102,26366.750983707127,25658.574332140062,80260.0205109341,21932.949339113326
173045,Augsburg University,Minneapolis,MN,4,2,18.0,0.8198,,2494,23873.0,21318.0,23180.0,21524.0,23223.0,32123.0,62303.0,45452.0,0.5614,0.5167,0.7233,0.6421471173,0.2890120037,77267.028008,25347.0,19500.0,20000.0,18313.0,1189,58829.0,38984.0,84780.0,86200.0,augsburg university,87013.35727515338,63944.246264612884,21879.57950450247,23834.762868611546,26014.715343870164,40010.95447056593,24501.885801247186,20526.85946571205,22091.006156999305,79302.47126267263,60378.730775418706,46649.3408217772,23790.630120760263,20013.687979069247,18795.418869779238,88470.76429721894,32969.2153308534
173142,Bethany Lutheran College,Mankato,MN,4,2,21.0,0.3897,1150.0,669,20148.0,12571.0,16564.0,17233.0,20099.0,24961.0,41013.0,31360.0,0.2247,0.5486,0.7196,0.7452574526,,,23000.0,12000.0,18082.0,15560.0,286,46110.0,30114.0,65204.0,63500.0,bethany lutheran college,66921.66723011441,42093.40436336241,12902.157517173307,20628.46742006732,23605.888385568855,30907.292297522632,20678.758225758316,18558.333642950263,17686.968458630785,,47324.67449819913,32186.11564223649,17000.34500950272,12316.115679427228,15969.896664323973,65172.77880363575,25618.546956181923
173160,Bethel University,Saint Paul,MN,4,2,17.0,0.878,1249.0,1871,28556.0,22218.0,22279.0,20071.0,24963.0,33155.0,58569.0,44226.0,0.1852,0.7138,0.8571,0.7902869757,0.1858254105,106882.16777,21500.0,13500.0,19500.0,17158.0,1376,63764.0,41260.0,92932.0,88000.0,bethel university,95380.1051933776,60111.88160236445,22803.288180459516,25620.599642128494,22066.37392564045,42346.91107776396,29308.249945143663,20013.687979069247,20599.729816815325,109697.76186027238,65443.733348583155,45391.044336529056,22865.895101829938,13855.630139355633,17609.992735634365,90318.18164913301,34028.401279284146
173258,Carleton College,Northfield,MN,3,2,21.0,0.2041,1517.0,2086,25407.0,7881.0,8203.0,9680.0,18485.0,44082.0,84893.0,68892.0,0.1653,0.896,0.9647,0.9233576642,0.1568123393,,16750.0,14178.0,16500.0,14669.0,264,75525.0,52327.0,111608.0,105200.0,carleton college,114548.08656245952,87129.33403113464,8088.608972463832,18971.94986118436,17191.24480253384,53705.44876311572,26076.2959222673,16934.65905921244,9934.999981404631,,77514.55305739513,70706.82011559172,8419.091409861796,14551.49067524327,15055.425075126503,107971.28078964537,45243.25094837593
173300,Concordia College at Moorhead,Moorhead,MN,4,2,21.0,0.6265,1190.0,1829,24902.0,20950.0,18889.0,20115.0,23045.0,28435.0,45942.0,31170.0,0.1907,0.6107,0.8356,0.8486352357,0.1268844221,101858.50369,26847.0,15875.0,21488.0,20500.0,995,59317.0,43119.0,81521.0,82400.0,concordia college at moorhead,83668.5055252156,47152.24887868715,21501.88529033337,23652.07381936671,27554.229803798567,44254.88266510189,25557.992720758073,22054.057809961025,20644.888907639892,104541.7595316171,60879.58614638208,31991.110477312228,19386.592422391743,16293.194700908938,21040.03095235485,84570.66099873364,29184.062445376105
173328,Concordia University-Saint Paul,Saint Paul,MN,4,2,18.0,0.7887,,3018,18462.0,16406.0,16794.0,16826.0,19135.0,23295.0,37239.0,25600.0,0.3522,0.459,0.6739,0.6112149533,0.3356692362,77355.01506,17832.0,12387.0,12000.0,12228.0,848,59871.0,39108.0,85664.0,97400.0,concordia university-saint paul,87920.64446353784,38219.98598218255,16838.182819723592,19639.072793820003,18301.747899628863,40138.22099925334,18948.343972798793,12316.115679427228,17269.246868503546,79392.77615523296,61448.1801535823,26274.38011611142,17236.40389335841,12713.310410088758,12550.121877336347,99965.80559801767,23908.65956268811
173452,Martin Luther College,New Ulm,MN,4,2,32.0,0.8717,1090.0,725,18463.0,11233.0,11749.0,12811.0,18241.0,22952.0,29250.0,18120.0,0.2705,0.715,0.8467,0.898089172,,69900.427562,20177.0,8263.0,18990.0,13919.0,269,47491.0,29333.0,70940.0,69800.0,martin luther college,72808.77052488063,30020.53196860387,11528.910618917173,18721.522175702674,20708.5221719836,30105.718435386574,18949.370315772077,19490.25306269359,13148.479830761853,71741.81265791795,48742.054144306545,18597.334675935115,12058.503593132544,8480.671988258933,14285.6678451623,71638.73953533504,23556.623922851148
173647,Gustavus Adolphus College,Saint Peter,MN,3,2,21.0,0.6099,1290.0,1878,22900.0,12015.0,10783.0,13875.0,19015.0,29674.0,67613.0,56076.0,0.207,0.7665,0.8798,0.8328298087,0.1465838509,93301.779621,26774.0,22950.0,23250.0,23153.0,789,65607.0,48888.0,92889.0,96800.0,gustavus adolphus college,95335.97244552632,69394.12745275944,12331.510824026513,19515.91163702573,27479.30676674872,50175.85527798653,23503.254088240297,23862.474128890255,14240.508754337734,95759.62590905516,67335.28344834852,57553.20856996344,11067.05628093865,23554.571236904576,23762.918860481554,99349.99981404631,30455.701389276965
173665,Hamline University,Saint Paul,MN,4,2,18.0,0.8763,1160.0,1776,20744.0,15371.0,18001.0,16767.0,21015.0,27196.0,58110.0,50004.0,0.407,0.6045,0.7823,0.7097288676,0.2320162107,80623.769543,23770.0,16125.0,16063.0,14250.0,883,61106.0,43058.0,81211.0,85200.0,hamline university,83350.33920349706,59640.79017762635,15775.917842372995,21568.597583596937,24396.17247499877,44192.27574373147,21290.45863783654,16486.147179886633,17208.692633079696,82747.63935025582,62715.71372559002,51321.25403617326,18475.19986211413,16549.78044423034,14625.387369319835,87444.42132393333,27912.423501475245
173902,Macalester College,Saint Paul,MN,3,2,21.0,0.2852,1440.0,2131,32149.0,13772.0,11982.0,11098.0,20527.0,44880.0,82991.0,68104.0,0.1723,0.871,0.9228,0.8873786408,0.128256513,,23000.0,18912.0,19500.0,20000.0,397,63878.0,41814.0,87495.0,84700.0,macalester college,89799.87844762378,85177.22969594543,14134.795428089317,21067.742212633562,23605.888385568855,42915.50508496418,32995.90024815883,20013.687979069247,11390.354317523615,,65560.73644753771,69898.06185264267,12297.641505908088,19410.198310777312,20526.85946571205,86931.24983729052,46062.27264105784
174127,Minneapolis College of Art and Design,Minneapolis,MN,4,2,30.0,0.4848,1161.0,705,29926.0,23662.0,23905.0,26550.0,33038.0,34345.0,59972.0,45484.0,0.4211,0.5116,0.7456,0.6632911392,0.2083333333,80504.031847,27000.0,21500.0,15250.0,19000.0,282,40873.0,23889.0,59320.0,75900.0,minneapolis college of art and design,60882.66517530193,61551.84079388415,24285.327433883926,33908.319151409734,27711.260278711266,24518.307288819757,30714.339818544937,15651.730342605437,27249.405940732744,82624.74740732882,41949.716347102425,46682.18379692234,24534.728776392327,22066.37392564045,19500.516492426446,77899.43167237722,35249.749417494015
174154,Herzing University-Minneapolis,St. Louis Park,MN,4,2,26.0,0.9375,,740,16670.0,15304.0,15821.0,15433.0,22492.0,24347.0,26163.0,13450.0,0.5668,0.4667,0.6957,0.3041105434,0.5209032652,42942.389088,21500.0,10662.0,15250.0,11350.0,8016,36909.0,19077.0,56514.0,77200.0,herzing university-minneapolis,58002.74679226254,26852.211210071215,15707.152863162859,23084.50615513977,22066.37392564045,19579.544901369438,17109.13736467099,15651.730342605437,15839.551106716703,44073.619296565135,37881.2928009983,13804.312990691353,16237.772180351516,10942.868781171093,11648.992746791588,79233.6775376485,24988.372370584562
174437,North Central University,Minneapolis,MN,4,2,22.0,0.9898,,709,25817.0,20450.0,22393.0,23892.0,28167.0,30213.0,44475.0,32220.0,0.4256,0.6634,0.8221,0.6818181818,0.2210300429,74533.743304,23200.0,14125.0,16375.0,15875.0,562,45064.0,29000.0,63039.0,60100.0,north central university,64699.63469295109,45646.603736877165,20988.71380369057,28909.002528535562,23811.156980225976,29763.94622528247,26497.096541314397,16806.36618755174,24521.386317739612,76497.18371273323,46251.11974814239,33068.77059926211,22982.898200784493,14497.094497659135,16293.194700908938,61683.2126944647,31008.900251877905
174491,University of Northwestern-St Paul,Saint Paul,MN,4,2,20.0,0.9347,1173.0,1442,27705.0,26696.0,23884.0,21689.0,25267.0,31348.0,51325.0,37920.0,0.1573,0.6813,0.8287,0.7639215686,0.164277839,88746.342308,21325.0,17537.0,17356.0,18396.0,969,50755.0,31895.0,73634.0,72500.0,university of northwestern-st paul,75573.73849491205,52677.05310388355,27399.252014832444,25932.607906007317,21886.76390531547,32735.20913294429,28434.832074877617,17813.208644344915,22260.35274759143,91084.18483261458,52092.037609110754,38918.925546990045,24513.17557395333,17998.97672250961,18880.60533656194,74409.86556320617,32173.799526557064
174507,Northwestern Health Sciences University,Bloomington,MN,4,2,26.0,,,271,35887.0,,35887.0,,,,39863.0,12015.0,0.2772,0.0,,0.6038961039,0.2486772487,92357.206897,7500.0,9500.0,5875.0,9500.0,182,48666.0,23406.0,72035.0,88100.0,northwestern health sciences university,73932.61608062837,40913.10994408397,,,7697.572299642018,24022.58363272281,36832.37028230041,6029.764968052914,,94790.17033102052,49948.00713791713,12331.510824026513,36832.37028230041,9750.258246213223,9750.258246213223,90420.81594646157,
174525,Oak Hills Christian College,Bemidji,MN,3,2,22.0,,,75,20227.0,17053.0,,19463.0,27699.0,20959.0,33958.0,19440.0,0.4701,0.2273,0.45,0.54,,57545.770833,20980.0,10500.0,,9500.0,72,35983.0,21390.0,52705.0,,oak hills christian college,54093.406407017676,34852.55468683249,17502.226723439377,28428.6740170379,21532.67557953194,21953.476198579036,20759.83932064788,,19975.71328905768,59061.69753675312,36930.899207735834,19952.10740067211,,10776.601219498825,9750.258246213223,,21511.122377092943
174747,College of Saint Benedict,Saint Joseph,MN,4,2,21.0,0.9152,1151.0,1370,26640.0,12981.0,14791.0,20378.0,24039.0,33660.0,68453.0,55756.0,0.1986,0.7712,0.8628,0.8978007762,0.214084507,105382.48831,26944.0,22667.0,23252.0,23250.0,653,63260.0,47705.0,85878.0,83200.0,college of saint benedict,88140.28185982097,70256.25555031934,13322.958136220404,24672.258734812596,27653.785072207273,48961.691540589665,27341.77680832845,23864.526814836827,20914.817109614007,108158.57638432064,64926.45649004721,57224.77881851205,15180.638917867345,23264.11617546475,23862.474128890255,85391.73537736211,34546.70448079338
174792,Saint Johns University,Collegeville,MN,4,2,21.0,0.9062,1183.0,1395,25672.0,10354.0,9715.0,16196.0,22913.0,32822.0,68521.0,55816.0,0.1803,0.7538,0.8575,0.8587731812,0.1752738654,114952.73591,27000.0,19500.0,23860.0,24250.0,590,76786.0,51860.0,106406.0,107400.0,saint johns university,109209.05041542782,70326.04687250276,10626.755145399127,23516.596546893008,27711.260278711266,53226.146594591344,26348.276810187985,24488.543342594472,16622.65079533362,117980.93276118404,78808.77154670827,57286.35939690918,9970.921985469628,20013.687979069247,24888.817102175857,110229.23533087371,33686.629069180046
174817,Saint Mary's University of Minnesota,Winona,MN,4,2,17.0,0.9278,,1073,11704.0,16182.0,15175.0,15030.0,14771.0,6135.0,57380.0,45080.0,0.2452,0.6601,0.7463,0.693877551,0.2615384615,89472.806452,21500.0,12500.0,18500.0,15039.0,916,58170.0,41091.0,83618.0,79800.0,saint mary's university of minnesota,85820.74674019551,58891.559807127865,16608.28199370762,15160.112058401633,22066.37392564045,42173.45911527869,12012.31815933469,18987.345005783645,15425.934888482605,91829.78620215291,59702.37075602349,46267.541235714954,15574.754619609017,12829.287166070031,15435.171975242174,81902.16926819108,6296.614141107171
174844,St Olaf College,Northfield,MN,3,2,21.0,0.4832,1380.0,3093,23874.0,10404.0,11342.0,12584.0,20367.0,33166.0,71843.0,59760.0,0.2121,0.84,0.9223,0.8898776418,0.1287356322,109573.49277,26000.0,18276.0,25000.0,22497.0,713,65543.0,46256.0,88706.0,92100.0,st olaf college,91042.77978827264,73735.55822975753,10678.072294063408,20903.527336907864,26684.917305425664,47474.520572298825,24502.91214422047,25658.574332140062,12915.49997582602,112459.98436285026,67269.59749805824,61334.2560835476,11640.782003005303,18757.44417976767,23089.637870006198,94526.18783960398,34039.69105199029
174862,Crown College,Saint Bonifacius,MN,4,2,19.0,0.2278,,796,26672.0,24270.0,21318.0,22499.0,27777.0,30874.0,46598.0,31410.0,0.2444,0.4539,0.6984,0.6275071633,0.265625,72232.521341,22500.0,12500.0,15625.0,14638.0,494,48057.0,28949.0,68776.0,63100.0,crown college,70587.7643306906,47825.5298691625,24909.34396164157,28508.728768954177,23092.716898926054,29711.602733644904,27374.619783473587,16036.608957587538,23091.69055595277,74135.34072103768,49322.964267186195,32237.432790900773,21879.57950450247,12829.287166070031,15023.608442954648,64762.241614321516,31687.31295721969
174899,The College of Saint Scholastica,Duluth,MN,4,2,17.0,0.9296,1120.0,1765,27846.0,14433.0,20420.0,23562.0,26047.0,36051.0,55103.0,41778.0,0.2484,0.7053,0.8184,0.7189988623,0.2849673203,89053.318757,20000.0,16500.0,18750.0,16465.0,1370,65934.0,45164.0,88527.0,84500.0,the college of saint scholastica,90859.06439605453,56554.57685695655,14813.2081334311,26733.155425170087,20526.85946571205,46353.754045470945,28579.546434110885,19243.930749105046,24182.693136555365,91399.24795400989,67670.89760061291,42878.5567379259,20957.923514492002,16934.65905921244,16898.737055147445,86725.98124263341,37000.69052991925
174914,University of St Thomas,Saint Paul,MN,4,2,17.0,0.8536,1296.0,6245,29155.0,28131.0,26820.0,24357.0,25363.0,33232.0,66116.0,54398.0,0.2177,0.7638,0.8845,0.7940258582,0.137745975,126516.25186,23250.0,18000.0,19500.0,19500.0,2062,73739.0,51278.0,104019.0,99200.0,university of st thomas,106759.16973819508,67857.69202175089,28872.054181497282,26031.136831442735,23862.474128890255,52628.81498413912,29923.029386141738,20013.687979069247,24998.635800317417,129849.06610294252,75681.50450710703,55831.0050607902,27526.51854351986,18474.173519140844,20013.687979069247,101813.22294993176,34107.42968822714
175005,St Catherine University,Saint Paul,MN,4,2,17.0,0.9185,1147.0,2473,19764.0,17890.0,15190.0,15451.0,19376.0,27021.0,60476.0,51454.0,0.4007,0.6125,0.8034,0.6588337685,0.2880771881,73370.971787,24181.0,20000.0,19064.0,19896.0,1602,59282.0,40528.0,84277.0,82900.0,st catherine university,86497.10675959072,62069.11765242009,18361.27579207943,19886.421450381833,24817.999437019153,41595.628021318895,20284.642524016646,19566.202442716723,15858.025280235843,75303.78133672364,60843.66414231708,52809.45134743739,15590.149764208301,20526.85946571205,20420.119796490344,85083.83248537644,27732.813481150264
175227,Dunwoody College of Technology,Minneapolis,MN,3,2,23.0,0.9887,1120.0,1533,26939.0,22072.0,22324.0,24219.0,27706.0,33568.0,36587.0,27836.0,0.3167,0.6606,0.7619,0.5997993982,0.2821948488,85879.200811,16000.0,14990.0,12000.0,12000.0,884,61511.0,37744.0,85760.0,78600.0,dunwoody college of technology,88019.17338897326,37550.810363600336,22653.442106359817,28435.8584178509,16421.48757256964,38738.28918369178,27648.653357340845,12316.115679427228,24857.000470004004,88141.51430375307,63131.38262977069,28569.28300437803,22912.08053562779,15384.88116955118,12316.115679427228,80670.55770024835,34452.2809272511
175421,Belhaven University,Jackson,MS,4,2,17.0,0.4975,1124.0,1471,15676.0,10551.0,12820.0,16967.0,19476.0,20928.0,39793.0,30250.0,0.4865,0.4854,0.6781,0.4613596746,0.3951187335,56837.4384,26333.0,18817.0,15000.0,19000.0,1226,46440.0,30699.0,66973.0,72900.0,belhaven university,68737.26794985666,40841.265935953976,10828.944711136392,19989.055747710394,27026.689515529768,31507.702936894708,16088.952449225104,15395.144599284036,17413.961227736818,58334.70552139327,47663.36767938337,31046.874941889473,13157.716917521422,19312.695728315182,19500.516492426446,74820.40275252041,21479.305744921086
175430,Blue Mountain Christian University,Blue Mountain,MS,4,2,22.0,0.8895,1090.0,498,24016.0,23112.0,23791.0,24721.0,26722.0,,33197.0,20180.0,0.2877,0.5476,0.6792,0.5714285714,0.3695652174,55743.21875,18534.0,13891.0,12388.0,13821.0,243,40421.0,28608.0,51437.0,49800.0,blue mountain christian university,52792.003516891535,34071.50768416214,23720.838798576842,27425.93693213787,19022.240666875354,29361.619779754514,24648.652846427027,12714.336753062043,25372.224642593377,57211.66087238474,41485.80932317734,20711.601200903457,24417.725677437767,14256.930241910302,14185.086233780312,51111.880069623,
175980,Millsaps College,Jackson,MS,4,2,21.0,0.4312,1181.0,549,26034.0,24215.0,23719.0,23062.0,27049.0,30945.0,60061.0,44680.0,0.3694,0.5714,0.5802,0.74617737,0.1671732523,,27000.0,18250.0,21500.0,19500.0,300,53848.0,36701.0,83784.0,89800.0,millsaps college,85991.11967376091,61643.18531850657,24852.89509811086,27761.55108440226,27711.260278711266,37667.81346255489,26719.812966517373,22066.37392564045,23669.521649912564,,55266.51642548312,45857.00404640072,24343.828983361203,18730.759262462245,20013.687979069247,92165.5990010471,31760.18330832297
176053,Mississippi Christian University,Clinton,MS,4,2,17.0,0.2911,1090.0,2518,27712.0,25984.0,25743.0,27601.0,29083.0,29757.0,41214.0,23500.0,0.2964,0.5934,0.7776,0.6002604167,0.2567237164,68992.514174,22500.0,15750.0,19500.0,16875.0,1184,47485.0,30526.0,70680.0,77200.0,mississippi christian university,72541.92135182639,42299.69930099282,26668.495817853094,29849.132692065174,23092.716898926054,31330.1456025163,28442.016475690616,20013.687979069247,28328.092405655912,70809.98213179222,48735.89608646683,24119.059872211656,26421.147161291265,16164.901829248238,17319.53767419454,79233.6775376485,30540.88785605967
176318,Rust College,Holly Springs,MS,3,2,21.0,0.4867,,467,12587.0,12546.0,9481.0,13878.0,8797.0,18356.0,23107.0,13265.0,0.7146,0.1179,0.8438,0.2114803625,0.4599659284,22380.034596,26159.0,13932.0,15000.0,13750.0,510,32275.0,18916.0,47214.0,45200.0,rust college,48457.75714070643,23715.707083710415,12876.498942841168,9028.739135993445,26848.105838178075,19414.303682670456,12918.579004745878,15395.144599284036,14243.58778325759,22969.59124949329,33125.21946279282,13614.439540633517,9730.757729720797,14299.010303815014,14112.215882677034,46390.70239250923,18839.551617630517
176336,Southeastern Baptist College,Laurel,MS,3,2,23.0,1.0,,93,8138.0,8315.0,8070.0,7583.0,8153.0,7653.0,13325.0,7425.0,0.5476,0.8,0.65,,,,,,,,32,26946.0,11920.0,43098.0,,southeastern baptist college,44233.32946266289,13676.020119030652,8534.041822869784,8367.774261197517,,12234.008241564381,8352.379116598233,,7782.758766424723,,27655.837758153844,7620.596576645598,8282.587794414812,,,,7854.602774554715
176406,Tougaloo College,Tougaloo,MS,4,2,21.0,0.5985,,639,17043.0,17294.0,17523.0,17744.0,14396.0,16266.0,24239.0,12407.0,0.6273,0.3311,0.832,0.3601532567,0.2978208232,30293.156593,30046.0,25000.0,15830.0,23750.0,357,34724.0,20123.0,51844.0,61500.0,tougaloo college,53209.72510701877,24877.527329469718,17749.57538000121,14775.233443419533,30837.50097533921,20653.09965142618,17491.96329370652,16247.009267111087,18211.42971797973,31091.16840786597,35638.73340436926,12733.83726955447,17984.607920883613,25658.574332140062,24375.645615533056,63120.09285706455,16694.494803463607
176479,William Carey University,Hattiesburg,MS,4,2,17.0,0.6029,1122.0,2201,14258.0,12224.0,12411.0,15320.0,18436.0,19701.0,29651.0,15480.0,0.2711,0.5978,0.7794,0.5371269951,0.3590163934,43901.73538,20832.0,16666.0,15000.0,16443.0,1260,43087.0,26279.0,65483.0,72500.0,william carey university,67208.01691966111,30432.0955008914,12546.016505443204,18921.659055493365,21380.77681948567,26971.266994972346,14633.59811310612,15395.144599284036,15723.57435073543,45058.23762230692,44222.03968995675,15887.789226461126,12737.942641447611,17105.03199277785,16876.15750973516,74409.86556320617,20219.982916699653
176628,Avila University,Kansas City,MO,4,2,19.0,0.878,972.0,1312,16053.0,15694.0,14939.0,14682.0,17852.0,19775.0,50096.0,42000.0,0.5635,0.5238,0.7053,0.5196759259,0.3674698795,64069.617587,25000.0,19000.0,19500.0,18750.0,558,52773.0,36172.0,75165.0,75600.0,avila university,77145.0695870123,51415.67758971554,16107.426622744244,18322.274759094573,25658.574332140062,37124.87802968681,16475.883750153775,20013.687979069247,15068.767533779215,65757.4018115131,54163.1977292011,43106.4048779953,15332.537677913615,19500.516492426446,19243.930749105046,77591.52878039154,20295.93229672279
176664,Mission University,Springfield,MO,4,2,24.0,,,381,21383.0,22017.0,15383.0,18064.0,26307.0,23029.0,28448.0,16950.0,0.5585,0.4444,0.5941,0.5405405405,,65316.945055,26168.0,13000.0,20500.0,14500.0,183,38641.0,25006.0,52102.0,62600.0,mission university,53474.521594126454,29197.40490402882,22596.993242829107,27000.004598224343,26857.342924937646,25664.732389979774,21946.291797766036,21040.03095235485,18539.85946943112,67037.58759368102,39658.918830728966,17396.51339719096,15788.233958052422,13342.458652712832,14881.973112641235,64249.070127678715,23635.65233179414
176789,Calvary University,Kansas City,MO,4,2,22.0,0.7174,1050.0,154,16334.0,16764.0,15734.0,21115.0,16666.0,13749.0,23938.0,14094.0,0.3131,0.5217,0.5455,0.4661016949,0.3461538462,59081.295775,20839.0,10927.0,18625.0,12893.0,112,45421.0,29708.0,66219.0,,calvary university,67963.4053479993,24568.59809451075,17205.61360415984,17105.03199277785,21387.96122029867,30490.597050368677,16764.28612564703,19115.637877444344,21671.231880925494,60637.6727712796,46617.52418960535,14465.27786548728,16148.480341675668,11214.849669091778,13232.639954571272,,14111.189539703748
176910,Central Christian College of the Bible,Moberly,MO,4,2,24.0,,,154,14356.0,10548.0,14075.0,,16360.0,16886.0,24748.0,12200.0,0.461,0.2195,0.6875,0.5733333333,0.3125,55186.992063,17500.0,11000.0,11000.0,10825.0,135,34675.0,21423.0,48802.0,,central christian college of the bible,50087.58978228397,25399.93590287209,10825.865682216534,16790.971042952457,17961.002032498043,21987.34551669746,14734.179724488109,11289.772706141626,,56640.78152062836,35588.442598678266,12521.38427408435,14445.777348994854,11289.772706141626,11110.162685816646,,17330.827446900683
176947,Central Methodist University-College of Liberal Arts and Sciences,Fayette,MO,3,2,22.0,0.5687,1048.0,1040,22766.0,20260.0,18894.0,20680.0,23883.0,27411.0,43635.0,28260.0,0.4028,0.5123,0.6184,0.5774134791,0.4372781065,64273.967213,17619.0,12876.0,13100.0,13567.0,1324,48991.0,34222.0,74400.0,58200.0,central methodist university-college of liberal arts and sciences,76359.91721244883,44784.475639317265,20793.708638766304,24512.14923098004,18083.13684631903,35123.509231779884,23365.724129820024,13445.092950041391,21224.772687546258,65967.13461425174,50281.56860423495,29004.452425051124,19391.724137258174,13215.192124025416,13924.395118565768,59733.16104522206,28133.08724073165
177038,Cleveland University-Kansas City,Overland Park,KS,4,2,26.0,0.6923,,95,35764.0,,,,35764.0,,40764.0,14400.0,0.5349,1.0,0.5,0.512345679,,79407.947368,12500.0,9000.0,9795.0,9500.0,122,52304.0,26568.0,74953.0,84500.0,cleveland university-kansas city,76927.48487667576,41837.8449630143,,36706.13009658628,12829.287166070031,27267.880114251886,36706.13009658628,10053.029423332475,,81499.78880417974,53681.84287473015,14779.338815312674,,9237.086759570422,9750.258246213223,86725.98124263341,
177065,Columbia College,Columbia,MO,4,2,18.0,,,4950,22715.0,23967.0,21168.0,21550.0,23015.0,21545.0,37207.0,25826.0,0.4465,0.4219,0.7509,0.3425627817,0.4855916616,52859.374194,23879.0,14250.0,14289.0,14900.0,7616,45378.0,26967.0,67837.0,79300.0,columbia college,69624.02827877541,38187.14300703741,24598.362040736032,23621.28353016814,24508.0438590869,27677.390960592842,23313.380638182458,14665.414745277973,22117.691074304734,54251.84727628621,46573.391441754065,26506.333628073968,21725.628058509632,14625.387369319835,15292.510301955475,81388.99778154827,22112.559359438303
177083,Conception Seminary College,Conception,MO,3,2,24.0,0.3182,,40,24558.0,22728.0,30053.0,,22724.0,,42698.0,26206.0,0.1951,0.5,0.75,,,,,,,,45,50430.0,36254.0,63401.0,,conception seminary college,65071.17084928048,43822.792273348656,23326.723096835172,23322.61772494203,,37209.03815349623,25204.930737947823,,,,51758.47614279293,26896.343957922498,30844.68537615221,,,,
177117,Cottey College,Nevada,MO,3,2,23.0,0.6918,,254,13805.0,14093.0,10634.0,12063.0,15732.0,18130.0,39269.0,27562.0,0.4624,0.5625,0.6724,0.592760181,0.3068181818,59347.698864,19043.0,9500.0,12000.0,9500.0,168,35422.0,20139.0,54483.0,52800.0,cottey college,55918.24421351948,40303.46221795232,14464.251522513994,16146.427655729098,19544.649240277726,20669.52113899875,14168.664746207742,12316.115679427228,12380.775286744221,60911.09370973633,36355.12079972261,28288.065029697773,10914.131177919096,9750.258246213223,9750.258246213223,54190.90898947981,18607.59810566797
177144,Culver-Stockton College,Canton,MO,4,2,22.0,0.991,,807,21983.0,17712.0,18801.0,21584.0,24016.0,24786.0,44112.0,30875.0,0.3935,0.3916,0.672,0.5251937984,0.3187613843,67482.46679,26000.0,14875.0,15000.0,16000.0,380,46092.0,32798.0,61858.0,68300.0,culver-stockton college,63487.5236415008,45274.04123757449,18178.586742834592,24648.652846427027,26684.917305425664,33661.996837821185,22562.0975817374,15395.144599284036,22152.586735396442,69260.15560989553,47306.20032467999,31688.339300192976,19296.274240742612,15266.851727623336,16421.48757256964,70099.22507540665,25438.936935856942
177214,Drury University,Springfield,MO,4,2,20.0,0.5758,1218.0,1383,20831.0,18759.0,15769.0,17552.0,20558.0,24458.0,48846.0,36745.0,0.2558,0.618,0.7917,0.4804655029,0.4127630686,69143.715776,20979.0,12500.0,15250.0,12570.0,1944,40694.0,22819.0,61963.0,66800.0,drury university,63595.289653695785,50132.74887310854,19253.167835864617,21099.558844805415,21531.649236558653,23420.120307404162,21379.750476512385,15651.730342605437,18014.371867108894,70965.16683355445,41766.00095488431,37712.97255337946,16184.402345740664,12829.287166070031,12901.131174200022,68559.71061547824,25102.296440619262
177339,Evangel University,Springfield,MO,4,2,19.0,0.7161,1188.0,1229,18669.0,16198.0,13584.0,16635.0,19210.0,21290.0,39956.0,28548.0,0.3125,0.6503,0.7636,0.6453488372,0.2610571737,69908.781371,24736.0,15764.0,18196.0,16000.0,874,46573.0,30919.0,66982.0,65700.0,evangel university,68746.50503661622,41008.55984059953,16624.703481280187,19716.048516816423,25387.61978719266,31733.49839101754,19160.79696826891,18675.336741904823,17073.215360605995,71750.38653108529,47799.87129483036,29300.039201357376,13941.842949111624,16179.270630874236,16421.48757256964,67430.73334486409,21850.841901250475
177542,Hannibal-LaGrange University,Hannibal,MO,4,2,22.0,0.7263,1090.0,410,22814.0,21285.0,18019.0,20681.0,25376.0,25979.0,40839.0,26880.0,0.3683,0.5039,0.7833,0.6017191977,0.4574898785,62532.119497,18599.0,12707.0,15000.0,13062.0,556,42643.0,31422.0,63797.0,64400.0,hannibal-lagrange university,65477.602666701576,41914.82068601072,21845.710186384047,26044.479290095445,19088.95296013892,32249.7489065802,23414.988592537735,15395.144599284036,21225.799030519545,64179.40145040157,43766.34340981794,27588.099121916992,18493.67403563327,13041.74016154015,13406.09191705654,66096.48747959279,26663.364102986667
177746,Kansas City Art Institute,Kansas City,MO,3,2,30.0,0.5476,,812,27650.0,26293.0,25105.0,27663.0,29943.0,30840.0,57410.0,44550.0,0.4373,0.5797,0.7833,0.6067708333,0.2098765432,76155.582803,27000.0,25125.0,19500.0,21402.0,326,37032.0,21301.0,53512.0,48400.0,kansas city art institute,54921.665186459155,58922.35009632644,26985.635796598344,30731.787649090795,27711.260278711266,21862.131673956617,28378.383211346907,20013.687979069247,28391.72566999962,78161.74728632891,38007.53298671243,45723.57945987359,25766.340344335047,25786.86720380076,21965.792314258462,49674.99990702316,31652.41729612798
177968,Lindenwood University,Saint Charles,MO,4,2,18.0,0.5684,1190.0,4624,19638.0,15678.0,14701.0,17603.0,20760.0,23821.0,35436.0,21600.0,0.2998,0.4933,0.6563,0.5227272727,0.350877193,79811.028675,26000.0,21875.0,20000.0,20899.0,3406,53278.0,35718.0,77533.0,76800.0,lindenwood university,79575.44974775262,36369.48960134861,16091.005135171676,21306.880125409105,26684.917305425664,36658.918319815144,20155.32330938266,20526.85946571205,18066.71535874646,81913.48847128196,54681.500930710325,22169.008222969012,15088.268050271641,22451.252540622554,21449.541798695805,78823.14034833427,24448.515966636336
177986,Logan University,Chesterfield,MO,4,2,26.0,0.6429,,229,20218.0,14934.0,18792.0,,,26928.0,26928.0,9000.0,0.4044,0.2222,0.5,0.5371428571,0.3653846154,66374.222222,10250.0,7120.0,9540.0,7750.0,167,55838.0,24680.0,89221.0,89200.0,logan university,91571.34641951474,27637.363584634702,15327.405963047187,,10520.015476177425,25330.14458068867,20750.60223388831,9791.311965144647,,68122.71658484678,57308.93894232147,9237.086759570422,19287.03715398304,7307.561969793489,7954.158042963419,91549.79321707574,27637.363584634702
178059,Maryville University of Saint Louis,Saint Louis,MO,4,2,17.0,0.9508,,5658,22066.0,16528.0,17751.0,17364.0,26062.0,26741.0,41959.0,27166.0,0.3641,0.6622,0.8467,0.5734655921,0.2958735733,90701.303767,22000.0,9000.0,13000.0,9500.0,1270,62105.0,42105.0,83389.0,83900.0,maryville university of saint louis,85585.7141993131,43064.32481609059,16963.396662464438,26748.55056976937,22579.545412283253,43214.17089019029,22647.2840485201,13342.458652712832,17821.419388131202,93090.6457891034,63741.03035590234,27881.633212276676,18218.614118792728,9237.086759570422,9750.258246213223,86110.17545866204,27445.437448630295
178208,Midwestern Baptist Theological Seminary,Kansas City,MO,4,2,24.0,0.964,,747,23006.0,19818.0,21659.0,22701.0,26461.0,26870.0,29080.0,10120.0,0.3008,0.4828,0.8148,0.6117647059,,61763.448718,15675.0,10125.0,7375.0,9750.0,107,50535.0,33088.0,65816.0,,midwestern baptist theological seminary,67549.78912976521,29846.053663145318,20340.06504457407,27158.061416110326,16087.926106251818,33959.63630007401,23612.04644340857,7569.279427981318,23299.01183655646,63390.48159760495,51866.24215498792,10386.590889650297,22229.562458392862,10391.722604516724,10006.843989534624,,27577.835692184137
178244,Missouri Baptist University,Saint Louis,MO,4,2,18.0,0.686,910.0,1488,27006.0,21808.0,24022.0,25332.0,29678.0,29420.0,49257.0,34612.0,0.1113,0.4758,0.6534,0.5087572977,0.3589015152,69177.953168,22500.0,19000.0,15000.0,17933.0,940,46660.0,33739.0,66153.0,60000.0,missouri baptist university,67895.66671176246,50554.57583512892,22382.487561412418,30459.806761170108,23092.716898926054,34627.78557568294,27717.418336550978,15395.144599284036,25999.320199270882,71000.30614025728,47889.16313350621,35523.78299136127,24654.810904266742,19500.516492426446,18405.408539930708,61580.578397136145,30195.010274062424
178369,Missouri Valley College,Marshall,MO,4,2,22.0,0.6918,974.0,1443,18086.0,16132.0,15854.0,16039.0,20499.0,22669.0,37899.0,23700.0,0.32,0.2244,0.5297,0.4269767442,0.4008810573,59527.230942,25950.0,9500.0,12000.0,9500.0,830,43221.0,26201.0,62900.0,65100.0,missouri valley college,64556.973019664394,38897.37234455105,16556.964845043338,21039.004609381565,26633.600156761382,26891.21224305607,18562.439014843407,12316.115679427228,16461.514948527776,61095.35519647099,44359.56964837702,24324.328466868777,16271.64149846994,9750.258246213223,9750.258246213223,66814.92756089271,23266.168861411323
178679,Ozark Christian College,Joplin,MO,4,2,24.0,0.9361,,602,20580.0,17900.0,15098.0,19463.0,21083.0,22451.0,28485.0,16000.0,0.4251,0.6364,0.8345,0.6496815287,0.2586206897,66233.799107,16772.0,9000.0,9500.0,11000.0,283,41297.0,27607.0,56404.0,58300.0,ozark christian college,57889.84906520112,29235.379594040383,18371.539221812283,21638.388905780357,17213.824347946123,28334.250463495628,21122.138390217697,9750.258246213223,19975.71328905768,67978.59430747965,42384.88576777552,16421.48757256964,15495.726210666026,9237.086759570422,11289.772706141626,59835.79534255062,23042.42609323506
178697,College of the Ozarks,Point Lookout,MO,3,2,22.0,0.1199,1118.0,1444,6100.0,6381.0,6140.0,5022.0,6409.0,10426.0,33734.0,22320.0,0.4919,0.6369,0.9023,,0.3265993266,39595.528399,,,,,531,41592.0,29292.0,58758.0,60400.0,college of the ozarks,60305.860424315426,34622.653860816514,6549.094512535429,6577.832115787426,,30063.638373481866,6260.692137042175,,5154.294411840296,40638.59234584417,42687.65694489478,22907.975163734645,6301.745855973599,,,61991.11558645039,10700.651839475691
178721,Park University,Parkville,MO,4,2,18.0,,,4555,21032.0,18687.0,20412.0,22620.0,23208.0,24064.0,29427.0,17500.0,0.4092,0.3843,0.5762,0.4835701599,0.4795763994,57766.972743,21685.0,12500.0,13272.0,12500.0,3315,56309.0,36174.0,82603.0,86800.0,park university,84779.00862231062,30202.194674875424,19179.271141788053,23819.36772401226,22256.247375698287,37126.93071563338,21586.04541414279,13621.623941446516,23215.878055720328,59288.72656275897,57792.34648273898,17961.002032498043,20949.712770705715,12829.287166070031,12829.287166070031,89086.5700811903,24697.917309144737
178891,Ranken Technical College,Saint Louis,MO,3,2,14.0,,,1780,18795.0,16849.0,15346.0,18942.0,19972.0,25260.0,29450.0,18008.0,0.4682,0.5313,1.0,0.5052935515,0.3892473118,62894.509454,12000.0,9500.0,11000.0,9563.0,1606,55955.0,32881.0,79958.0,83200.0,ranken technical college,82064.3314579702,30225.800563260993,17292.852756889115,20498.12186246005,12316.115679427228,33747.183304603896,19290.116182902897,11289.772706141626,19440.98859997588,64551.33783635779,57429.021070195886,18482.384262927128,15750.259268040854,9750.258246213223,9814.917853530216,85391.73537736211,25925.423505194318
179043,Rockhurst University,Kansas City,MO,4,2,18.0,0.6959,1120.0,1580,25884.0,22797.0,19895.0,21997.0,26522.0,30348.0,59898.0,44966.0,0.2008,0.7456,0.7912,0.7420178799,0.2060702875,103341.71429,18250.0,12500.0,14000.0,12500.0,759,67102.0,43076.0,88628.0,92100.0,rockhurst university,90962.72503635637,61475.89141386101,23397.540761991877,27220.668337480747,18730.759262462245,44210.74991725061,26565.861520524533,14368.801625998434,22576.466383363397,106064.04230882983,68869.66619341049,46150.5381367604,20419.09345351706,12829.287166070031,12829.287166070031,94526.18783960398,31147.456553271462
179159,Saint Louis University,Saint Louis,MO,4,2,16.0,0.7504,1317.0,7267,24398.0,22501.0,21854.0,21880.0,21702.0,27466.0,71932.0,55760.0,0.1689,0.7953,0.8784,0.7302849569,0.2236408567,114138.9285,25000.0,19000.0,20000.0,19500.0,2482,70783.0,46594.0,97115.0,103400.0,saint louis university,99673.29785063128,73826.90275437996,23093.74324189934,22273.695206244145,25658.574332140062,47821.424497269356,25040.71586222213,20526.85946571205,22456.38425548898,117145.68724432278,72647.6346780748,57228.88419040519,22429.699338183556,19500.516492426446,20013.687979069247,106123.86343773128,28189.536104262355
179265,University of Health Sciences and Pharmacy in St. Louis,Saint Louis,MO,4,2,26.0,0.8984,1131.0,337,31817.0,24456.0,28969.0,22688.0,34490.0,34668.0,54802.0,32550.0,0.3127,0.6168,0.6923,0.9336734694,0.2242424242,87470.730769,17755.0,12500.0,15750.0,13918.0,341,137047.0,98569.0,155836.0,147900.0,university of health sciences and pharmacy in st. louis,159941.18358493515,56245.64762199758,25100.243754672694,35398.56914862043,18222.71949068587,101165.60053378854,32655.154381028013,16164.901829248238,23285.66937790375,89774.9698929199,140657.22545987196,33407.46378044636,29732.129593110618,12829.287166070031,14284.641502189015,151796.1257489406,35581.25819786527
179326,Southwest Baptist University,Bolivar,MO,4,2,18.0,0.6839,1088.0,1341,21677.0,21978.0,17947.0,19633.0,22016.0,23857.0,40301.0,30566.0,0.3627,0.5532,0.6482,0.5891121192,0.3549432739,58822.310185,20957.0,14518.0,14000.0,14000.0,1202,43112.0,28512.0,67324.0,66500.0,southwest baptist university,69097.51433347989,41362.648166383064,22556.96586687097,22595.966899855823,21509.06969114637,29263.090854319096,22248.036631912004,14368.801625998434,20150.191594516233,60371.86473080087,44247.69826428889,31371.199321447722,18419.777341556706,14900.447286160375,14368.801625998434,68251.80772349256,24485.464313674616
179548,Stephens College,Columbia,MO,4,2,20.0,0.7722,,391,23459.0,9918.0,14796.0,18547.0,25644.0,29787.0,46643.0,28300.0,0.4522,0.4274,0.7838,0.5950920245,0.3089622642,58609.824,27000.0,23750.0,14000.0,20000.0,367,43071.0,26214.0,64594.0,63700.0,stephens college,66295.59801641021,47871.71530296035,10179.269609046605,26319.539206935988,27711.260278711266,26904.55470170878,24076.979810306948,14368.801625998434,19035.58312552807,60153.78102790586,44205.61820238418,29045.506143982548,15185.770632733773,24375.645615533056,20526.85946571205,65378.047398292874,30571.67814525824
179867,Washington University in St Louis,St. Louis,MO,4,2,15.0,0.1206,1530.0,7857,21786.0,1716.0,1928.0,5578.0,12603.0,42170.0,88488.0,65790.0,0.1775,0.9426,0.9495,0.8788167939,0.114071607,123625.32544,17500.0,9459.0,17415.0,12999.0,822,86182.0,60733.0,137446.0,154300.0,washington university in st louis,141066.7363062129,90819.03702009638,1761.2045421580938,12935.000492318448,17961.002032498043,62332.88779655449,22359.908016000136,17873.762879768765,5724.9411049870905,126881.98408548982,88452.29012369979,67523.10421245979,1978.7892524946415,9708.178184308514,13341.432309739546,158364.72077796844,43280.88318345386
179894,Webster University,Saint Louis,MO,4,2,18.0,0.8623,1102.0,2304,27047.0,22359.0,22083.0,27257.0,29315.0,31314.0,51188.0,31750.0,0.2882,0.6439,0.6866,0.5607521697,0.3013270882,75305.191444,23000.0,19500.0,16750.0,18500.0,1551,50876.0,32114.0,75788.0,81100.0,webster university,77784.48125936923,52536.44411654342,22948.002539692785,30087.244261867436,23605.888385568855,32959.978244093836,27759.49839845569,17191.24480253384,27975.030422845666,77288.95409047646,52216.22510887831,32586.389401817876,22664.73187906596,20013.687979069247,18987.345005783645,83236.41513346236,32138.903865465356
179946,Westminster College,Fulton,MO,3,2,21.0,0.792,1118.0,638,24314.0,24543.0,17050.0,22123.0,24957.0,26066.0,51532.0,35214.0,0.3828,0.5549,0.7097,0.6801801802,0.2700296736,75726.560831,27000.0,15638.0,19598.0,16638.0,405,52199.0,35548.0,77814.0,81200.0,westminster college,79863.85212324587,52889.50609935366,25189.53559334854,25614.44158428878,27711.260278711266,36484.440014356594,24954.503052466138,20114.269590451237,22705.785597997383,77721.42359998157,53574.07686253516,36141.64146127921,17499.14769451952,16049.95141624025,17076.294389525854,83339.04943079091,26752.655941662513
179955,William Jewell College,Liberty,MO,4,2,22.0,0.3836,1095.0,924,17562.0,12909.0,4356.0,12869.0,16624.0,23901.0,35785.0,20610.0,0.3157,0.6766,0.738,0.7652329749,0.2013274336,97761.374046,24498.0,18131.0,19500.0,18750.0,419,59268.0,43279.0,84654.0,74200.0,william jewell college,86884.0380605194,36727.68329902528,13249.061442143842,17061.925587899856,25143.35015955069,44419.097540827584,18024.63529684175,20013.687979069247,13208.007723212417,100336.69931085756,60829.29534069108,21152.928679416265,4470.749991632084,18608.624448641258,19243.930749105046,76154.6486177917,24530.623404499183
179964,William Woods University,Fulton,MO,4,2,17.0,0.7096,,1300,26569.0,24014.0,22967.0,24218.0,29491.0,29428.0,49094.0,30340.0,0.3482,0.4681,0.5797,0.6771799629,0.2978723404,75989.808,21983.0,12683.0,15010.0,14000.0,516,42401.0,29832.0,62939.0,65500.0,william woods university,64597.000395622534,50387.28193048337,24646.600160480455,30267.8806251657,22562.0975817374,30617.86357905609,27268.90645722517,15405.408029016893,24855.97412703072,77991.60548212206,43517.968410282825,31139.24580948518,23572.01906745043,13017.107930181295,14368.801625998434,67225.46475020696,30203.221017848708
180054,Blackfeet Community College,Browning,MT,3,2,33.0,,,286,5410.0,6643.0,1521.0,3461.0,9453.0,,11405.0,3610.0,0.4929,0.623,0.75,,0.347826087,27900.950495,,,,,230,22953.0,7866.0,37636.0,40600.0,blackfeet community college,38627.44414257693,11705.441610322296,6817.996371536256,9702.0201264688,,8073.213827864549,5552.515485475109,,3552.17303054147,28635.944488532703,23557.65026582443,3705.098133561025,1561.0676623674012,,,41669.524715395455,
180106,Carroll College,Helena,MT,4,2,22.0,0.7093,1200.0,1092,23960.0,17072.0,16329.0,19139.0,23919.0,28005.0,55626.0,41484.0,0.2024,0.6929,0.8205,0.7934186472,0.1971830986,101924.30833,25757.0,19500.0,21500.0,23248.0,428,61772.0,41237.0,82374.0,81400.0,carroll college,84543.97608142822,57091.35423198492,17521.727239931806,24549.097578018325,26435.515962917263,42323.305189378385,24591.177639923033,22066.37392564045,19643.178165713143,104609.2976614907,63399.25814579823,42576.81190377993,16759.1544107806,20013.687979069247,23860.421442943683,83544.31802544804,28742.734966863296
180258,University of Providence,Great Falls,MT,4,2,20.0,0.5028,980.0,528,17649.0,14257.0,11616.0,16802.0,22545.0,20676.0,43477.0,30448.0,0.3292,0.2794,0.7216,0.5833333333,0.4,69700.080402,18750.0,12407.0,10076.0,12500.0,405,48296.0,30699.0,69928.0,53700.0,university of providence,71770.1114359156,44622.31344953814,14632.571770132834,23138.90233272391,19243.930749105046,31507.702936894708,18113.9271355176,10341.43179882573,17244.614637144692,71536.18775803424,49568.260237801456,31250.090850600023,11921.999977685558,12733.83726955447,12829.287166070031,55114.617665436854,21220.667315653114
180595,Rocky Mountain College,Billings,MT,4,2,20.0,0.6961,1083.0,840,19751.0,15404.0,13781.0,14957.0,19892.0,25150.0,46093.0,35582.0,0.3111,0.4841,0.6905,0.6535580524,0.3153347732,80462.083333,26000.0,12500.0,12000.0,12000.0,433,49036.0,32236.0,73711.0,97200.0,rocky mountain college,75652.76690385504,47307.226667653274,15809.78716049142,20416.014424597204,26684.917305425664,33085.19208683468,20271.300065363932,12316.115679427228,15351.011851432755,82581.69384474514,50327.7540380328,36519.3356754483,14144.032514848886,12829.287166070031,12316.115679427228,99760.53700336056,25812.525778132902
180814,Bellevue University,Bellevue,NE,4,2,18.0,,,10220,17550.0,17561.0,18288.0,16324.0,18262.0,17231.0,23531.0,9903.0,0.3004,0.3295,0.5793,0.5323677858,0.4493882091,67342.345992,20000.0,10500.0,11108.0,11235.0,3187,61289.0,39416.0,93809.0,100600.0,bellevue university,96280.20798094908,24150.876504383512,18023.608953868465,18743.07537814167,20526.85946571205,40454.334635025305,18012.319181162322,11400.617747256472,16754.022695914173,69116.34361345705,62903.534489701284,10163.87446444732,18769.760295447097,10776.601219498825,11530.963304863742,103250.10311253161,17684.915772684217
180832,Clarkson College,Omaha,NE,4,2,26.0,0.7818,,622,19241.0,,19222.0,17312.0,20003.0,20262.0,24670.0,16104.0,0.4013,0.4667,0.6087,0.7209737828,0.3333333333,90115.281553,23716.0,24508.0,18515.0,20000.0,402,64876.0,46975.0,87488.0,71800.0,clarkson college,89792.69404681078,25319.88115095581,,20529.938494631904,24340.749954441348,48212.46117009118,19747.865148988276,19002.740150382928,17768.049553520348,92489.18600757522,66585.02673487674,16528.22724179134,19728.36463249585,25153.613589283545,20526.85946571205,73691.42548190625,20795.761324712876
180878,Bryan College of Health Sciences,Lincoln,NE,4,2,26.0,0.6737,,553,26919.0,23196.0,25806.0,24353.0,31262.0,29816.0,32845.0,20640.0,0.2787,0.7,0.7111,0.8346153846,,87406.69186,24985.0,24209.0,22474.0,22549.0,193,70845.0,51898.0,90460.0,82900.0,bryan college of health sciences,92842.98536341559,33710.23495756561,23807.051608332833,32085.534030854502,25643.179187540776,53265.147627576196,27628.12649787513,23066.03198162063,24994.530428424277,89709.24400865087,72711.2679424185,21183.718968614834,26485.806768608258,24846.73704027115,23143.007704617048,85083.83248537644,30601.44209148352
180984,Concordia University-Nebraska,Seward,NE,4,2,18.0,0.8572,,1283,23965.0,19107.0,20295.0,21442.0,25401.0,26433.0,53292.0,40640.0,0.1138,0.6489,0.7953,0.7738287561,0.1827586207,86158.86087,25750.0,14250.0,19500.0,15000.0,464,52415.0,34805.0,70805.0,68500.0,concordia university-nebraska,72670.21422348708,54695.86973233632,19610.335190568007,26070.137864427586,26428.331562104264,35721.867185205396,24596.30935478946,20013.687979069247,22006.846033189886,88428.54144021634,53795.76694476485,41710.57843432688,20829.6306428313,14625.387369319835,15395.144599284036,70304.49367006376,27129.32381285833
181002,Creighton University,Omaha,NE,4,2,16.0,0.7975,1321.0,4348,31568.0,20472.0,22095.0,23405.0,28113.0,35090.0,63423.0,48856.0,0.1152,0.8336,0.9415,0.811147541,0.1838398814,129583.16856,25000.0,24950.0,20000.0,22068.0,1314,73911.0,51701.0,108608.0,123300.0,creighton university,111469.05764260271,65093.75039469276,21011.293349102853,28853.58000797814,25658.574332140062,53062.95806183893,32399.594980679896,20526.85946571205,24021.557289749526,132996.7745076398,75858.03549851217,50143.012302841395,22677.047994745386,25607.25718347578,22649.336734466673,126548.08860611478,36014.37493259179
181020,Doane University,Crete,NE,4,2,18.0,0.9801,,978,26364.0,21129.0,24188.0,24225.0,26122.0,29410.0,57836.0,43985.0,0.2678,0.5714,0.7925,0.6454720617,0.2992545261,85756.307573,25000.0,14575.0,21223.0,19000.0,875,53316.0,37728.0,72174.0,77400.0,doane university,74075.27775391507,59359.5722029461,21685.600682551492,26810.131148166507,25658.574332140062,38721.86769611921,27058.50614770162,21782.07692204034,24863.15852784372,88015.38369246744,54720.50196369518,45143.695679967226,24825.18383783215,14958.948835637655,19500.516492426446,79438.94613230563,30184.746844329566
181127,Hastings College,Hastings,NE,4,2,22.0,0.7165,1320.0,891,24452.0,21646.0,18812.0,21933.0,24986.0,27290.0,51422.0,37770.0,0.2737,0.4885,0.6563,0.7534013605,0.2748538012,81435.922311,27000.0,14645.0,16750.0,15875.0,475,51303.0,36199.0,69057.0,77200.0,hastings college,70876.16670618385,52776.60837229225,22216.21999974015,25644.205530514064,27711.260278711266,37152.58928996552,25096.13838277955,17191.24480253384,22510.78043307312,83581.18663692707,52654.47355847126,38764.974100997206,19307.56401344875,15030.792843767647,16293.194700908938,79233.6775376485,28008.89974096409
181297,Nebraska Methodist College of Nursing & Allied Health,Omaha,NE,4,2,26.0,0.7341,,781,21863.0,17272.0,25440.0,14892.0,20420.0,26303.0,32835.0,17885.0,0.3085,0.5952,0.8571,0.7584158416,0.302970297,97127.995833,23417.0,23365.0,20000.0,21655.0,359,65071.0,42399.0,86864.0,80300.0,nebraska methodist college of nursing & allied health,89152.25603148057,33699.97152783276,17726.995834588924,20957.923514492002,24033.873405428953,43515.91572433626,22438.936424943127,20526.85946571205,15284.299558169192,99686.63603251282,66785.16361466743,18356.144077213,26110.165240385726,23980.503570818102,22225.457086499722,82415.34075483387,26995.8992263312
181330,Midland University,Fremont,NE,4,2,20.0,0.6612,1086.0,1159,26267.0,21086.0,22445.0,23055.0,28289.0,28680.0,55719.0,42050.0,0.2806,0.4212,0.6926,0.6409495549,0.3412384717,78419.076305,26134.0,15750.0,14000.0,15000.0,519,52163.0,35105.0,71923.0,72600.0,midland university,73817.66566762039,57186.80412850048,21641.467934700213,29034.21637127641,26822.447263845934,36029.770077191075,26958.95087929292,14368.801625998434,23662.337249099564,80484.86793718423,53537.12851549688,43157.72202665958,23036.268035395347,16164.901829248238,15395.144599284036,74512.49986053474,29435.516473831078
181446,Nebraska Wesleyan University,Lincoln,NE,4,2,20.0,0.7982,1189.0,1453,18327.0,14925.0,16974.0,14594.0,18244.0,23652.0,53569.0,43572.0,0.3357,0.6612,0.75,0.7412663755,0.262295082,93734.771509,26970.0,17750.0,17500.0,16040.0,698,56405.0,41245.0,80584.0,81700.0,nebraska wesleyan university,82706.82215924699,54980.16673593644,15318.168876287617,18724.60120462253,27680.469989512698,42331.51593316467,18809.787671405236,17961.002032498043,14978.449352130081,96204.02409079364,57890.875408174405,44719.81603200027,17421.145628549817,18217.587775819444,16462.541291501064,83852.22091743372,24275.064004151067
181604,College of Saint Mary,Omaha,NE,4,2,19.0,0.4465,1150.0,445,16590.0,14090.0,12713.0,9320.0,15242.0,23898.0,35971.0,24510.0,0.388,0.605,0.7978,0.6291946309,0.26,92607.295359,24250.0,17500.0,19000.0,16828.0,476,54338.0,36095.0,77863.0,69700.0,college of saint mary,79914.14292893687,36918.583092056404,14461.172493594138,15643.519598819152,24888.817102175857,37045.84962074382,17027.029926808144,19500.516492426446,9565.516511021815,95046.84686669403,55769.424482393064,25155.666275230116,13047.898219379864,17961.002032498043,17271.299554450117,71536.1052380065,24527.544375579328
181738,Union Adventist University,Lincoln,NE,4,2,22.0,1.0,,471,23716.0,19477.0,16740.0,24957.0,24444.0,26653.0,42099.0,29334.0,0.3077,0.5226,0.8354,0.6206896552,0.2453416149,68476.958763,27000.0,24500.0,16924.0,19500.0,261,55045.0,35545.0,76202.0,88500.0,union adventist university,78209.38725030948,43208.01283235058,19990.082090683678,25087.927638993264,27711.260278711266,36481.36098543674,24340.749954441348,17369.828479885535,25614.44158428878,70280.845458373,56495.048964505986,30106.74477835986,17180.981372800983,25145.402845497258,20013.687979069247,90831.35313577582,27355.11926698116
181853,York University,York,NE,4,2,22.0,0.5188,1022.0,428,20951.0,19343.0,19940.0,20531.0,22098.0,22789.0,34268.0,23000.0,0.4018,0.5221,0.687,0.5907590759,0.334841629,63061.308057,21500.0,15510.0,12000.0,14250.0,257,44130.0,26604.0,57149.0,60100.0,york university,58654.47458029889,35170.72100855102,19852.55213226341,22680.12702366524,22066.37392564045,27304.828461290166,21502.911633306656,12316.115679427228,21071.847584526702,64722.530410500694,45292.515411093635,23605.888385568855,20465.27888731491,15918.579515659694,14625.387369319835,61683.2126944647,23389.330018205594
182634,Colby-Sawyer College,New London,NH,4,2,22.0,0.8008,,771,27431.0,22456.0,19687.0,24437.0,27412.0,29679.0,38527.0,19125.0,0.2278,0.5745,0.7674,0.7492401216,0.2413793103,92072.122402,27000.0,12750.0,19500.0,16000.0,81,46474.0,36418.0,65186.0,72600.0,colby-sawyer college,66903.19305659528,39541.9157317744,23047.557808101486,28134.113583704933,27711.260278711266,37377.35840111507,28153.61410019736,20013.687979069247,25080.743238180265,94497.5758627846,47698.26334047509,19628.809364087145,20205.614115073655,13085.872909391432,16421.48757256964,74512.49986053474,30460.833104143396
182670,Dartmouth College,Hanover,NH,4,2,15.0,0.054,1534.0,4541,29519.0,41.0,489.0,2695.0,8534.0,52036.0,87793.0,68268.0,0.1435,0.9554,0.9842,0.8680555556,0.1736263736,117391.32598,17500.0,7867.0,17483.0,11000.0,390,97434.0,64562.0,189467.0,210500.0,dartmouth college,194458.12411950322,90105.7286536629,42.0800619047097,8758.810934019331,17961.002032498043,66262.75504126506,30296.618228417698,17943.554201952185,2765.9943130046986,120483.76254425258,100000.70125910938,70066.3821002615,501.8817139366596,8074.240170837834,11289.772706141626,216045.1958766193,53406.782957889605
182795,Franklin Pierce University,Rindge,NH,4,2,19.0,0.9347,1175.0,992,27154.0,19364.0,23557.0,24473.0,26943.0,30860.0,64185.0,46442.0,0.293,0.5351,0.7434,0.6892857143,0.2977691562,90037.517708,27000.0,15460.0,20500.0,19500.0,133,53353.0,30187.0,81765.0,70300.0,franklin pierce university,83918.93321069729,65875.82374033639,19874.105334702406,27652.758729233985,27711.260278711266,30982.21533457248,27869.31709659725,21040.03095235485,25117.69158521855,92409.3736316838,54758.47665370675,47665.42036532995,24177.561421688937,15867.262366995414,20013.687979069247,72151.91102197785,31672.94415559369
182980,New England College,Henniker,NH,4,2,18.0,0.9213,,1022,26972.0,25598.0,24340.0,26238.0,28741.0,28249.0,59350.0,41938.0,0.36,0.3451,0.6128,0.4479418886,0.4603305785,63636.854817,26000.0,15000.0,15250.0,15259.0,152,42092.0,22889.0,60577.0,63700.0,new england college,62172.77829272194,60913.455464500505,26272.327430164853,29498.1233952015,26684.917305425664,23491.964315534155,27682.52267545927,15651.730342605437,26929.186933067638,65313.23878342399,43200.82843153758,43042.771613651596,24981.187969771563,15395.144599284036,15660.967429365008,65378.047398292874,28993.16265234498
183026,Southern New Hampshire University,Manchester,NH,4,2,18.0,0.9951,,163164,36708.0,36441.0,36536.0,36641.0,37704.0,38025.0,40918.0,17200.0,0.4875,0.4283,0.6112,0.4741537333,0.4825895769,63122.823133,21082.0,7836.0,11083.0,8920.0,1472,50318.0,29434.0,75732.0,82800.0,southern new hampshire university,77727.00605286524,41995.90178090028,37400.96428950064,38697.23546476036,21637.36256280707,30209.379075688423,37674.99786336789,11374.959172924331,37606.23288415776,64785.665976504424,51643.525729784946,17653.09914051236,37498.46687196277,8042.42353866598,9154.979321707573,84981.19818804789,39026.691559185034
183211,Rivier University,Nashua,NH,4,2,19.0,0.8259,1070.0,1231,28082.0,23321.0,23978.0,25106.0,27352.0,31359.0,53499.0,39488.0,0.2831,0.5167,0.7571,0.6834625323,0.3735795455,87198.131679,26956.0,20925.0,21000.0,20834.0,65,52248.0,35475.0,70095.0,75900.0,rivier university,71941.5107124543,54908.322727806444,23935.344479993535,28072.533005307796,27666.1011878867,36409.51697730675,28821.763375806288,21553.20243899765,25767.366687308335,89495.18973237433,53624.36766822616,40528.231329101865,24609.651813442175,21476.22671600123,21382.82950543224,77899.43167237722,32185.089299263207
183239,Saint Anselm College,Manchester,NH,4,2,21.0,0.7805,1201.0,2087,34779.0,25143.0,26956.0,27193.0,31710.0,37268.0,67213.0,48920.0,0.1135,0.8003,0.8813,0.8355184744,0.130806846,136637.25514,27000.0,26681.0,27000.0,26533.0,88,73371.0,48994.0,103001.0,92200.0,saint anselm college,105714.35259139033,68983.59026344519,25805.341377319903,32545.335682886453,27711.260278711266,50284.647633154804,35695.18226789997,27711.260278711266,27909.344472555385,140236.68670197105,75303.81029293794,50208.69825313167,27666.1011878867,27383.856870233158,27231.95811018689,94628.82213693255,38249.74992840783
183910,Caldwell University,Caldwell,NJ,4,2,19.0,0.7134,1260.0,1575,24691.0,18059.0,18000.0,22793.0,31425.0,30449.0,54073.0,40848.0,0.4862,0.5749,0.7726,0.5227537923,0.4306688418,64033.5,25000.0,17500.0,19500.0,18750.0,602,53843.0,34453.0,74668.0,83800.0,caldwell university,76634.97712928936,55497.44359447238,18534.727754564694,32252.827935500056,25658.574332140062,35360.59445860886,25341.43435339481,20013.687979069247,23393.435390098737,65720.33277988363,55261.384710616694,41924.05777277029,18474.173519140844,17961.002032498043,19243.930749105046,86007.54116133349,31251.117193573307
183974,Centenary University,Hackettstown,NJ,4,2,19.0,0.8308,,910,20503.0,13329.0,16047.0,21277.0,23306.0,28735.0,52362.0,37732.0,0.3828,0.5605,0.7784,0.6578669483,0.3821548822,81177.016949,23163.0,19408.0,19000.0,19000.0,649,53726.0,32641.0,76677.0,86400.0,centenary university,78696.90016262014,53741.37076718071,13680.125490923794,23919.94933539425,23773.18229021441,33500.86099101535,21043.109981274705,19500.516492426446,21837.499442597764,83315.46093789239,55141.302582742275,38725.973068012354,16469.725692314063,19919.264425526973,19500.516492426446,88676.03289187605,29491.965337361784
184348,Drew University,Madison,NJ,4,2,21.0,0.6783,1227.0,1533,24280.0,15224.0,15697.0,20916.0,24947.0,35512.0,65301.0,47100.0,0.2894,0.7048,0.8837,0.696969697,0.2449725777,91832.389771,25288.0,19500.0,21000.0,22091.0,469,63646.0,39892.0,88416.0,89200.0,drew university,90745.14032601983,67021.22249852313,15625.045425300012,25604.178154555924,25954.161108446315,40942.87389030925,24919.607391374426,21553.20243899765,21466.98962924166,94251.52796149049,65322.62487773545,48340.754041751876,16110.505651664102,20013.687979069247,22672.942622852242,91549.79321707574,36447.49166731831
184603,Fairleigh Dickinson University-Metropolitan Campus,Teaneck,NJ,4,2,18.0,0.9071,,2627,15404.0,10218.0,10475.0,15057.0,23123.0,28735.0,50305.0,38004.0,0.2195,0.5332,0.7698,0.5901960784,0.4255060729,68992.07954,25000.0,19500.0,19500.0,19500.0,2429,57273.0,33741.0,85029.0,91100.0,fairleigh dickinson university-metropolitan campus,87268.91667550149,51630.18327113223,10487.172501032286,23732.128571282985,25658.574332140062,34629.83826162951,15809.78716049142,20013.687979069247,15453.646148761316,70809.53604824038,58781.74110898631,39005.138356746036,10750.942645166686,20013.687979069247,20013.687979069247,93499.84486631838,29491.965337361784
184612,Felician University,Lodi,NJ,4,2,19.0,,,1774,40045.0,39626.0,39938.0,41909.0,41077.0,38120.0,50316.0,39300.0,0.5247,0.4722,0.7571,0.5271238485,0.4948979592,57452.126183,25000.0,18750.0,20000.0,19250.0,724,57602.0,34174.0,98153.0,81400.0,felician university,100738.64185690174,51641.47304383837,40669.86665941528,42159.09031365269,25658.574332140062,35074.24476906218,41099.90436522195,20526.85946571205,43013.00766742631,58965.58600823983,59119.40794719727,40335.278850124174,40990.08566708039,19243.930749105046,19757.102235747847,83544.31802544804,39124.19414164717
184694,Fairleigh Dickinson University-Florham Campus,Madison,NJ,4,2,18.0,0.9519,,1990,22829.0,12624.0,14383.0,21154.0,29052.0,34331.0,54204.0,38004.0,0.3645,0.6662,0.7821,0.5901960784,0.4255060729,68992.07954,25000.0,19500.0,19500.0,19500.0,2429,57273.0,33741.0,85029.0,91100.0,fairleigh dickinson university-florham campus,87268.91667550149,55631.89452397279,12956.553694757446,29817.31605989332,25658.574332140062,34629.83826162951,23430.383737137017,20013.687979069247,21711.259256883633,70809.53604824038,58781.74110898631,39005.138356746036,14761.89098476682,20013.687979069247,20013.687979069247,93499.84486631838,35235.380615868016
184773,Georgian Court University,Lakewood,NJ,4,2,18.0,0.7884,,1195,19285.0,12683.0,13347.0,15084.0,27407.0,26708.0,50671.0,37260.0,0.3315,0.5357,0.7611,0.5754422477,0.4211356467,78804.706093,21816.0,16116.0,16482.0,17250.0,654,53096.0,34657.0,68615.0,70300.0,georgian court university,70422.52311199161,52005.82479935476,13017.107930181295,28128.981868838506,22390.6983051987,35569.968425159124,19793.024239812843,16916.1848856933,15481.357409040027,80880.65636038766,54494.706509572345,38241.53918462155,13698.599664442936,16540.543357470768,17704.416289176643,72151.91102197785,27411.56813051187
185572,Monmouth University,West Long Branch,NJ,4,2,18.0,0.8902,1223.0,3684,30988.0,18924.0,19404.0,25331.0,33773.0,39015.0,62904.0,46552.0,0.3045,0.719,0.7986,0.7229795521,0.3230769231,100628.99952,27000.0,26000.0,22500.0,23291.0,1715,67991.0,48950.0,95681.0,88900.0,monmouth university,98201.52202693973,64561.07839155754,19422.51442645674,34662.68123677465,27711.260278711266,50239.48854233024,31804.316056174248,23092.716898926054,25998.293856297594,103279.86656611225,69782.0850966614,47778.31809239136,19915.15905363383,26684.917305425664,23904.554190794966,91241.89032509006,40042.77110273778
186131,Princeton University,Princeton,NJ,4,2,15.0,0.0462,1553.0,5709,6128.0,41.0,352.0,1217.0,4478.0,36094.0,84040.0,62688.0,0.1924,0.9761,0.9835,0.8639455782,0.2773972603,,10320.0,5500.0,12000.0,5500.0,329,110066.0,68313.0,197494.0,217200.0,princeton university,202696.57916606677,86253.86347492202,42.0800619047097,4595.9638343729275,10591.859484307417,70112.56753405936,6289.429740294172,12316.115679427228,1249.0593984885782,,112965.46569765311,64339.38830932784,361.27272659653204,5644.886353070813,5644.886353070813,222921.69379763285,37044.823277770534
186186,Rabbinical College of America,Morristown,NJ,4,2,24.0,0.9515,,181,15628.0,8800.0,14229.0,17300.0,16469.0,,27300.0,10650.0,0.4365,0.2222,0.7547,,0.1162790698,,,,,,66,34990.0,16679.0,67530.0,,rabbinical college of america,69308.94098597673,28019.163170696946,9031.818164913302,16902.842427040585,,17118.37445143056,16039.687986507395,,17755.73343784092,,35911.74063526323,10930.552665491667,14603.834166880837,,,,
186283,Rider University,Lawrenceville,NJ,4,2,18.0,0.7864,1227.0,3106,24792.0,15824.0,18090.0,22119.0,28445.0,31574.0,55967.0,41120.0,0.3473,0.6133,0.7836,0.7105882353,0.294011976,89462.395591,26130.0,20500.0,20500.0,20250.0,1569,62208.0,42182.0,84492.0,87600.0,rider university,86717.77049884712,57441.33718587531,16240.851209271374,29194.32587510896,26818.34189195279,43293.19929913328,25445.094993696654,21040.03095235485,22701.68022610424,91819.1010881197,63846.74368215076,42203.22306150397,18566.544386736547,21040.03095235485,20783.44520903345,89907.64445981877,32405.75303851961
186432,Saint Peter's University,Jersey City,NJ,4,2,18.0,0.903,,2135,12199.0,10783.0,10643.0,9952.0,13569.0,21829.0,50272.0,42552.0,0.5198,0.5826,0.7178,0.4896907216,0.4802571166,47266.562718,20500.0,14685.0,20000.0,15805.0,789,57815.0,33169.0,83514.0,82200.0,saint peter's university,85714.0070709738,51596.31395301381,11067.05628093865,13926.44780451234,21040.03095235485,34042.770080910144,12520.357931111064,20526.85946571205,10214.165270138315,48511.70451698253,59338.019000507105,43672.94619924895,10923.368264678667,15071.846562699071,16221.350692778946,84365.39240407651,22404.040763851415
186584,Seton Hall University,South Orange,NJ,4,2,16.0,0.7326,1322.0,6036,31446.0,19623.0,21869.0,27194.0,36516.0,41783.0,68263.0,53170.0,0.3249,0.6949,0.8145,0.6972356297,0.2789620019,94515.84372,22750.0,18500.0,17500.0,18288.0,1560,70196.0,46782.0,99356.0,104300.0,seton hall university,101973.33245376432,70061.25038539508,20139.928164783378,37477.940012497056,23349.302642247454,48014.376976247055,32274.381137939054,17961.002032498043,27910.370815528673,97005.67206618213,72045.17135275615,54570.65588959548,22445.09448278284,18987.345005783645,18769.760295447097,107047.57211368834,42883.688452792325
186618,Saint Elizabeth University,Morristown,NJ,4,2,19.0,0.7103,,557,23125.0,20379.0,18441.0,21866.0,31937.0,30559.0,53075.0,36741.0,0.5791,0.511,0.6471,0.5193133047,0.4707692308,46001.961538,24934.0,14750.0,11500.0,13000.0,295,53038.0,30946.0,76520.0,76900.0,saint elizabeth university,78535.7643158143,54473.15330713335,20915.84345258729,32778.31553782229,25590.83569590321,31761.209651296253,23734.181257229557,11802.944192784427,22442.015453862983,47213.78998188085,54435.17861712178,37708.86718148632,18926.790770359796,15138.558855962636,13342.458652712832,78925.77464566282,31364.014920634723
186867,Stevens Institute of Technology,Hoboken,NJ,4,2,16.0,0.4758,1446.0,4222,41346.0,27221.0,27603.0,33102.0,38095.0,49538.0,79790.0,63462.0,0.2043,0.8688,0.9364,0.9051339286,0.1549439348,,27000.0,23386.0,23250.0,23633.0,671,108772.0,82965.0,137041.0,135300.0,stevens institute of technology,140651.06740203223,81891.90583845822,27938.082075807382,39098.535567315026,27711.260278711266,85150.54477864,42435.17657346652,23862.474128890255,33974.00510170001,,111637.37789022154,65133.7777706509,28330.145091602484,24002.0567732571,24255.56348765864,138864.20428554201,50842.978210622176
188182,University of the Southwest,Hobbs,NM,4,2,18.0,,,346,16927.0,15384.0,14090.0,15943.0,20077.0,21985.0,28210.0,16670.0,0.5519,0.1698,0.5506,0.4530744337,0.46875,52128.988889,21303.0,15863.0,13750.0,15000.0,187,45389.0,25950.0,68358.0,86400.0,university of the southwest,70158.75296785722,28953.135276386845,15789.260301025708,20605.88787465504,21864.18435990319,26633.600156761382,17372.90750880539,14112.215882677034,16362.986023092359,53502.22145070839,46584.68121446021,17109.13736467099,14461.172493594138,16280.878585229511,15395.144599284036,88676.03289187605,22564.15026768397
188340,Vaughn College of Aeronautics and Technology,Flushing,NY,4,2,22.0,,,1302,39986.0,38079.0,40001.0,41305.0,43077.0,43008.0,47346.0,29810.0,0.4967,0.3919,0.8393,0.4568744663,0.4709066306,39437.058442,21125.0,14250.0,12000.0,13700.0,423,64973.0,37053.0,100054.0,99300.0,vaughn college of aeronautics and technology,102689.71984911767,48593.23441318013,39082.11407974245,44211.776260223894,21681.495310658353,38029.08618915143,41039.3501297981,12316.115679427228,42393.09651156181,40475.94781900035,66684.58200328544,30595.28403364381,41054.745274397384,14625.387369319835,14060.898734012753,101915.85724726033,44140.95859506719
188429,Adelphi University,Garden City,NY,4,2,17.0,0.6591,1219.0,5276,30783.0,24095.0,24700.0,28681.0,32337.0,35672.0,63189.0,49110.0,0.3103,0.6715,0.8286,0.6887254902,0.354206501,86965.353992,25000.0,21250.0,19500.0,20628.0,916,75482.0,49267.0,106760.0,94400.0,adelphi university,109572.37582797091,64853.58613894393,24729.73394131659,33188.852727136524,25658.574332140062,50564.839264861774,31593.9157466507,20013.687979069247,29436.54281680436,89256.27998898421,77470.42030954384,50403.703418055935,25350.67144015438,21809.78818231905,21171.402852935407,96886.77667816087,36611.70654304401
188517,Bryant & Stratton College-Albany,Albany,NY,3,2,14.0,,,240,12443.0,12332.0,,15007.0,,,23359.0,18374.0,0.6245,0.2857,1.0,0.1873163434,0.5378553335,33855.179152,21549.0,9500.0,9694.0,9500.0,10262,32568.0,15518.0,48170.0,46900.0,bryant & stratton college-albany,49438.94102316747,23974.345512978387,12656.86154655805,,22116.664731331446,15926.79025944598,12770.785616592751,9949.36878303063,15402.329000097036,34747.02523198042,33425.9379539655,18858.02579114966,,9750.258246213223,9750.258246213223,48135.485447094754,
188526,Albany College of Pharmacy and Health Sciences,Albany,NY,4,2,26.0,0.5269,1252.0,481,29882.0,22404.0,22566.0,29395.0,31067.0,33753.0,54899.0,41475.0,0.2888,0.6754,0.8582,0.8680781759,0.2169811321,102335.09512,25500.0,25000.0,21500.0,25000.0,288,131426.0,88704.0,157063.0,151900.0,albany college of pharmacy and health sciences,161200.50641315657,56345.20289040629,22994.187973490636,31885.39715106381,26171.745818782863,91040.72710232608,30669.180727720373,22066.37392564045,30169.351699730283,105030.90579692574,134888.1516070336,42567.57481702036,23160.455535162906,25658.574332140062,25658.574332140062,155901.497642083,34642.154377308936
188641,Alfred University,Alfred,NY,4,2,18.0,0.7384,1279.0,1423,25620.0,16512.0,15067.0,22125.0,28280.0,33388.0,57445.0,41500.0,0.3854,0.5698,0.7752,0.7120470127,0.245049505,72638.257485,26000.0,15000.0,19800.0,15000.0,431,54897.0,35231.0,79560.0,84700.0,alfred university,81655.84695460253,58958.272100391434,16946.975174891868,29024.979284516838,26684.917305425664,36159.08929182506,26294.906975577134,20321.590871054927,22707.838283943955,74551.76516144005,56343.150204459715,42593.2333913525,15463.909578494171,15395.144599284036,15395.144599284036,86931.24983729052,34267.539192059696
188854,American Musical and Dramatic Academy,New York,NY,4,2,30.0,0.2448,,1438,41416.0,25437.0,27924.0,43968.0,51214.0,59423.0,65647.0,46928.0,0.3276,0.7164,0.8333,0.4344957587,0.2504302926,72928.312448,15250.0,12000.0,12000.0,12000.0,713,26975.0,11230.0,48289.0,62000.0,american musical and dramatic academy,49561.07583698846,67376.33716727994,26107.08621146587,52563.12903384884,15651.730342605437,11525.831589997315,42507.02058159651,12316.115679427228,45126.247849421365,74849.46103458173,27685.601704379125,48164.22305034675,28659.60118602716,12316.115679427228,12316.115679427228,63633.26434370735,60988.37850155035
189088,Bard College,Annandale-On-Hudson,NY,4,2,21.0,0.5212,1380.0,2414,34649.0,19012.0,21038.0,22139.0,28185.0,44873.0,84553.0,66436.0,0.1667,0.6756,0.8458,0.7905660377,0.1217105263,87907.179276,24254.0,18000.0,19500.0,18865.0,346,46543.0,22114.0,74224.0,77000.0,bard college,76179.28084915056,86780.37742021754,19512.832608105873,28927.476702054704,24892.922474069,22696.548511237812,35561.75768137284,20013.687979069247,22722.207085569953,90222.91575128032,47769.08100563179,68186.12177320228,21592.203471982502,18474.173519140844,19361.96019103289,79028.40894299139,46055.08824024484
189097,Barnard College,New York,NY,3,2,21.0,0.0884,1520.0,3264,28800.0,11600.0,15374.0,19094.0,24753.0,51378.0,89538.0,69888.0,0.1586,0.9302,0.9657,0.8716356108,0.1556503198,,18000.0,15500.0,15500.0,17000.0,257,80516.0,54604.0,122978.0,127400.0,barnard college,126217.60616871681,91896.69714204627,11905.578490112988,25405.067617738518,18474.173519140844,56042.431713287035,29558.67763062535,15908.316085926837,19596.992731915292,,82637.03083706356,71729.05771698419,15778.996871292851,15908.316085926837,17447.830545855242,130756.09479658575,52731.44928146768
189413,Boricua College,New York,NY,4,2,22.0,,,391,15245.0,14809.0,13907.0,23253.0,,,24213.0,13025.0,0.8603,0.806,0.8649,0.4480519481,0.5232198142,17214.992537,6733.0,6090.0,,,393,35348.0,17796.0,56202.0,57100.0,boricua college,57682.52778459743,24850.842412164293,15199.113091386485,,6910.3672391319615,18264.79955259058,15646.59862773901,,23865.553157810114,17668.486625514033,36279.17141969947,13368.117227044972,14273.351729482873,6250.428707309319,,58604.183774607896,
189565,Bryant & Stratton College-Syracuse North,Liverpool,NY,3,2,14.0,,,458,15217.0,15369.0,10504.0,,,,25249.0,18768.0,0.6204,0.3163,0.3333,0.1873163434,0.5378553335,33855.179152,21549.0,9500.0,9694.0,9500.0,10262,32568.0,15518.0,48170.0,46900.0,bryant & stratton college-syracuse north,49438.94102316747,25914.133732488175,15773.865156426424,,22116.664731331446,15926.79025944598,15617.861024487012,9949.36878303063,,34747.02523198042,33425.9379539655,19262.404922624188,10780.706591391969,9750.258246213223,9750.258246213223,48135.485447094754,
189583,Bryant & Stratton College-Buffalo,Buffalo,NY,3,2,23.0,,,743,14135.0,14155.0,12709.0,14868.0,,,24969.0,18910.0,0.6923,0.2121,,0.1873163434,0.5378553335,33855.179152,21549.0,9500.0,9694.0,9500.0,10262,32568.0,15518.0,48170.0,46900.0,bryant & stratton college-buffalo,49438.94102316747,25626.757699968206,14527.884786857703,,22116.664731331446,15926.79025944598,14507.35792739199,9949.36878303063,15259.667326810337,34747.02523198042,33425.9379539655,19408.14562483074,13043.79284748672,9750.258246213223,9750.258246213223,48135.485447094754,
189592,Bryant & Stratton College-Greece,Rochester,NY,3,2,14.0,,,363,11503.0,11867.0,,3852.0,,,24114.0,20073.0,0.5971,0.1,,0.1873163434,0.5378553335,33855.179152,21549.0,9500.0,9694.0,9500.0,10262,32568.0,15518.0,48170.0,46900.0,bryant & stratton college-greece,49438.94102316747,24749.234457809016,12179.612063980245,,22116.664731331446,15926.79025944598,11806.023221704285,9949.36878303063,3953.4731330961404,34747.02523198042,33425.9379539655,20601.782502761896,,9750.258246213223,9750.258246213223,48135.485447094754,
189705,Canisius University,Buffalo,NY,4,2,18.0,0.7236,,1685,17940.0,12781.0,12404.0,16151.0,21341.0,24170.0,44322.0,34500.0,0.322,0.6639,0.7262,0.7144837145,0.2305502846,81664.060094,24250.0,16775.0,19500.0,19000.0,566,60681.0,44638.0,82280.0,80800.0,canisius university,84447.49984193937,45489.57326196447,13117.689541563284,21903.18539288804,24888.817102175857,45813.89764152272,18412.592940743707,20013.687979069247,16576.465361535764,83815.33424745007,62279.51796194364,35408.832578353285,12730.758240634612,17216.90337686598,19500.516492426446,82928.51224147668,24806.70966431301
189857,Central Yeshiva Tomchei Tmimim Lubavitz,Brooklyn,NY,4,2,24.0,0.8743,,863,21437.0,20648.0,21223.0,21604.0,23027.0,24662.0,29697.0,8400.0,0.6395,0.0513,0.7871,,0.2708333333,,,,,,165,35023.0,16177.0,67210.0,63700.0,central yeshiva tomchei tmimim lubavitz,68980.51123452534,30479.307277662534,21191.929712401117,23633.599645847567,,16603.15027884119,22001.71431832346,,22173.113594862156,,35945.60995338165,8621.28097559906,21782.07692204034,,,65378.047398292874,25311.670407169528
190044,Clarkson University,Potsdam,NY,4,2,16.0,0.7736,1304.0,2196,30305.0,21335.0,19934.0,23321.0,30990.0,35757.0,79022.0,59398.0,0.2157,0.7491,0.8478,0.862508859,0.1528709918,106161.92084,26000.0,21039.0,23000.0,21000.0,513,89696.0,62112.0,112758.0,108800.0,clarkson university,115728.38098173795,81103.67443497488,21897.02733504833,31806.36874212082,26684.917305425664,63748.21475671534,31103.323805420183,23605.888385568855,23935.344479993535,108958.54148463637,92058.8593318254,60962.71992721821,20459.1208294752,21593.22981495579,21553.20243899765,111666.11549347354,36698.945695773284
190099,Colgate University,Hamilton,NY,4,2,21.0,0.1388,1508.0,3180,28786.0,6086.0,2678.0,13617.0,21831.0,48234.0,87070.0,70306.0,0.1252,0.9117,0.9343,0.8646788991,0.1807511737,,15000.0,8012.0,16000.0,9688.0,240,85139.0,56075.0,139443.0,144300.0,colgate university,143116.34322386427,89363.6826839774,6246.323335416177,22406.093449797987,15395.144599284036,57552.18222699015,29544.30882899935,16421.48757256964,13975.712267230048,,87381.8144025629,72158.06907981756,2748.5464824588435,8223.059901964247,9943.210725190916,148101.29104511242,49504.62697345775
190114,Metropolitan College of New York,New York,NY,4,2,19.0,0.9,,402,28882.0,28752.0,29172.0,,,,34203.0,20188.0,0.6512,0.4,0.2,0.163599182,0.4958158996,30395.0,27688.0,20500.0,12500.0,20125.0,266,46236.0,21570.0,69731.0,75800.0,metropolitan college of new york,71567.92187017834,35104.00871528746,29509.41316790764,,28417.38424433176,22138.217933770444,29642.837754434768,12829.287166070031,,31195.694673015885,47453.993712833115,20719.81194468974,29940.477216687596,21040.03095235485,20655.15233737275,77796.79737504867,
190150,Columbia University in the City of New York,New York,NY,4,2,15.0,0.0399,1553.0,8973,21590.0,4570.0,2275.0,5866.0,11782.0,50621.0,89472.0,71845.0,0.2271,0.961,0.98,0.7604951561,0.2504905167,88384.660131,21500.0,23000.0,15000.0,20000.0,1384,102491.0,62687.0,162279.0,205500.0,columbia university in the city of new york,166553.91136181427,91828.95850580942,4690.387387915203,12092.372911250968,22066.37392564045,64338.36196635456,22158.744793236157,15395.144599284036,6020.527881293344,90712.97487168798,105190.91767501467,73737.6109157041,2334.9302642247453,23605.888385568855,20526.85946571205,210913.4810101913,51954.50765069048
190372,The Cooper Union for the Advancement of Science and Art,New York,NY,4,2,22.0,0.2071,1410.0,842,13269.0,3749.0,6904.0,10457.0,16682.0,25870.0,64190.0,46820.0,0.2786,0.8111,0.9194,0.7456140351,0.186440678,,15000.0,12000.0,13867.0,12000.0,90,83847.0,,115510.0,147900.0,the cooper union for the advancement of science and art,118552.87684421994,65880.95545520281,3847.7598068477237,17121.45348035042,15395.144599284036,,13618.544912526659,14232.298010551449,10732.468471647544,,86055.7792810779,48053.37800923191,7085.871887563799,12316.115679427228,12316.115679427228,151796.1257489406,26551.492718898535
190415,Cornell University,Ithaca,NY,4,2,15.0,0.0876,1535.0,15995,28690.0,1776.0,4070.0,6796.0,14311.0,49992.0,88140.0,69314.0,0.1841,0.9538,0.9838,0.8747210711,0.1541640178,101314.63752,14000.0,8800.0,14170.0,11155.0,2027,104043.0,67090.0,166446.0,178800.0,cornell university,170830.68253149537,90461.869665393,1822.78512055523,14687.994290690256,14368.801625998434,68857.35007773107,29445.779903563933,14543.279931456986,6975.026846448954,103983.56630962985,106783.80196955393,71139.93685031825,4177.215901272401,9031.818164913302,11448.855867000895,183510.1236234657,51308.93792049384
190503,Culinary Institute of America,Hyde Park,NY,4,2,30.0,0.9115,1060.0,3011,36113.0,29690.0,29527.0,34603.0,38087.0,41789.0,58790.0,39850.0,0.2894,0.6292,0.6997,0.7543859649,0.2826541275,86113.044064,15750.0,11500.0,12000.0,11000.0,1397,47475.0,27262.0,71624.0,76200.0,culinary institute of america,73510.789118608,60338.703399460566,30472.122876849535,39090.32482352874,16164.901829248238,27980.162137712094,37064.32379426296,12316.115679427228,35514.5459046017,88381.51768331986,48725.63265673398,40899.76748543126,30304.828972203984,11802.944192784427,11289.772706141626,78207.3345643629,42889.84651063204
190716,D'Youville  University,Buffalo,NY,4,2,17.0,0.8137,1130.0,1258,20433.0,16259.0,15826.0,19722.0,24476.0,27794.0,48539.0,34940.0,0.3918,0.6749,0.7344,0.6309630963,0.2708860759,78308.140652,25000.0,20500.0,19500.0,20250.0,533,66942.0,42220.0,98468.0,95600.0,d'youville  university,101061.9398934867,49817.661580309854,16687.310402650608,25120.770614138404,25658.574332140062,43332.20033211813,20971.265973144713,20013.687979069247,20241.53611913865,80371.00990924083,68705.4513176848,35860.42348659895,16242.903895217944,21040.03095235485,20783.44520903345,98118.3882461036,28526.176599500035
190725,Daemen University,Amherst,NY,4,2,17.0,0.6826,,1643,18693.0,10773.0,13276.0,17289.0,18863.0,25356.0,45192.0,35218.0,0.4618,0.5888,0.7567,0.6704152249,0.2884097035,71994.852326,22091.0,12500.0,17375.0,15000.0,495,61808.0,39844.0,87929.0,87700.0,daemen university,90245.31129802973,46382.49164872294,11056.792851205795,19359.907505086318,22672.942622852242,40893.609427591546,19185.429199627764,17832.70916083734,17744.44366513478,73891.4107975247,63436.206492836514,36145.74683317234,13625.729313339658,12829.287166070031,15395.144599284036,90010.27875714733,26023.952430629735
190761,Dominican University New York,Orangeburg,NY,4,2,17.0,0.633,,1105,41832.0,40695.0,41082.0,42353.0,43764.0,42337.0,47802.0,34220.0,0.4839,0.5251,0.6644,0.5201923077,0.3212951432,73564.860111,25000.0,17499.0,17125.0,18485.0,454,61171.0,40451.0,89065.0,94400.0,dominican university new york,91411.23691568218,49061.24680899837,41767.02729785759,44916.87388287111,25658.574332140062,41516.5996123759,42933.97925848332,17576.12341751594,43468.70394756512,75502.77725566315,62782.426018853585,35121.456545833316,42164.22202851912,17959.975689524756,18971.94986118436,96886.77667816087,43452.28245999255
190983,Elmira College,Elmira,NY,4,2,22.0,0.7696,1314.0,708,22386.0,17392.0,16586.0,19938.0,23309.0,27418.0,52449.0,38976.0,0.3791,0.6471,0.6975,0.686440678,0.2683982684,87722.465278,27000.0,19500.0,19500.0,20510.0,329,57550.0,36860.0,77968.0,79000.0,elmira college,80021.90894113186,53830.66260585656,17850.1569913832,23923.02836431411,27711.260278711266,37831.001995307306,22975.713799971494,20013.687979069247,20463.22620136834,90033.33583736555,59066.03811258642,40002.74372677964,17022.924554915,20013.687979069247,21050.294382087704,81081.09488956259,28140.27164154465
191241,Fordham University,Bronx,NY,4,2,16.0,0.5931,1418.0,10512,44338.0,32474.0,31657.0,37313.0,42030.0,52228.0,82762.0,64915.0,0.2142,0.8191,0.8852,0.7651877133,0.1764084507,145043.07161,24300.0,14500.0,23000.0,19246.0,1564,85569.0,55876.0,126936.0,112100.0,fordham university,130279.87165698122,84942.19715506303,33329.46171447665,43137.19516719387,24940.13425084014,57347.93997530632,45505.99474953704,23605.888385568855,38295.93536220568,148863.93737068397,87823.14188107572,66625.05411083488,32490.939505302315,14881.973112641235,19752.996863854703,115053.04730531604,53603.84080876044
191515,Hamilton College,Clinton,NY,3,2,21.0,0.1362,1506.0,2030,28985.0,8028.0,9489.0,10863.0,20614.0,46907.0,84230.0,68960.0,0.1772,0.9063,0.9481,0.8981481481,0.1328502415,,17000.0,15506.0,15000.0,15500.0,194,78411.0,53229.0,127191.0,136500.0,hamilton college,130541.58911516906,86448.86863984629,8239.481389536817,21157.03405130941,17447.830545855242,54631.21012501933,29748.551080683184,15395.144599284036,11149.1637188015,,80476.57887829737,70776.61143777514,9738.96847350708,15914.47414376655,15908.316085926837,140095.81585348473,48142.66984790775
191533,Hartwick College,Oneonta,NY,3,2,21.0,0.696,1200.0,1087,31320.0,22584.0,30229.0,35177.0,35614.0,33129.0,68614.0,54962.0,0.3561,0.5332,0.7444,0.704610951,0.2708688245,83385.640203,27000.0,14750.0,19500.0,16000.0,282,61107.0,41224.0,87242.0,93100.0,hartwick college,89540.21367538253,70421.49676901833,23178.929708682044,36552.17865059344,27711.260278711266,42309.962730725674,32145.061923305067,20013.687979069247,36103.666771267635,85582.26589527048,62716.740068563304,56409.86249772328,31025.321739450475,15138.558855962636,16421.48757256964,95552.53081288958,34001.716361978724
191597,Helene Fuld College of Nursing,New York,NY,3,2,26.0,0.1695,,914,47181.0,,,43023.0,51340.0,,51340.0,25852.0,0.4363,,0.6667,0.4941860465,0.462633452,71328.0,15250.0,14250.0,15250.0,14875.0,160,111027.0,82431.0,132653.0,119200.0,helene fuld college of nursing,136147.47443525502,52692.448248482826,,52692.448248482826,15651.730342605437,84602.47763090549,48423.88782258801,15651.730342605437,44156.353739666476,73206.99159851545,113951.78129498058,26533.018545379393,,14625.387369319835,15266.851727623336,122340.0824156438,
191621,Hilbert College,Hamburg,NY,4,2,22.0,0.972,,921,22723.0,20903.0,20389.0,23162.0,24732.0,24329.0,42114.0,33740.0,0.4824,0.5631,0.638,0.5411585366,0.3813953488,63501.076336,24750.0,14023.0,17107.0,15299.0,282,48309.0,31795.0,66554.0,75800.0,hilbert college,68307.23024404998,43223.407976949864,21453.64717058895,25383.51441529952,25401.988588818658,32632.574835615727,23321.591381968745,17557.649243996802,23772.155947241125,65173.88349352625,49581.60269645417,34628.811918656225,20926.10688232015,14392.407514384004,15702.021148296431,77796.79737504867,24969.89819706542
191630,Hobart William Smith Colleges,Geneva,NY,4,2,21.0,0.6399,1319.0,1786,31563.0,14650.0,12639.0,22108.0,23149.0,39740.0,82602.0,65117.0,0.2509,0.7725,0.8636,0.8040816327,0.125,133887.92453,27000.0,21000.0,25088.0,25068.0,289,68831.0,46622.0,96812.0,94300.0,hobart william smith colleges,99362.31592972574,84777.98227933733,15035.924558634075,23758.81348858841,27711.260278711266,47850.16210052135,32394.46326581347,25748.892513789193,22690.390453398097,137414.93054915854,70644.2131942213,66832.37539143857,12971.94883935673,21553.20243899765,25728.365654323483,96784.1423808323,40786.86975836984
191649,Hofstra University,Hempstead,NY,4,2,17.0,0.6808,1319.0,6488,34176.0,28219.0,31387.0,33450.0,36769.0,37348.0,70624.0,57660.0,0.2527,0.6854,0.8362,0.7103298071,0.2353177796,100245.39195,23621.0,18500.0,19312.0,18933.0,1275,69039.0,42369.0,95464.0,102900.0,hofstra university,97978.80560173675,72484.44614532239,28962.372363146416,37737.604784738316,24243.247371979214,43485.12543513769,35076.297455008746,19820.735500091552,34331.1724564034,102886.1536321436,70857.6925326647,59178.935839647835,32213.826902515204,18987.345005783645,19431.75151321631,105610.69195108849,38331.85736627068
191676,Houghton University,Houghton,NY,4,2,21.0,0.8866,1284.0,753,20519.0,19147.0,18503.0,19312.0,19974.0,22424.0,31143.0,18430.0,0.285,0.6522,0.8398,0.7634920635,0.1700819672,73488.698969,25250.0,17245.0,18875.0,18726.0,294,46721.0,26371.0,61796.0,72800.0,houghton university,63423.890377157084,31963.399217033515,19651.38890949943,20500.174548406623,25915.160075461463,27065.69054851462,21059.531468847275,19372.223620765744,19820.735500091552,75424.60980273405,47951.77005487663,18915.500997653653,18990.4240347035,17699.284574310215,19219.298517746192,74717.76845519185,23014.71483295635
191931,Iona University,New Rochelle,NY,4,2,18.0,0.8694,1217.0,2951,29188.0,25785.0,27075.0,28601.0,29598.0,32295.0,60247.0,47260.0,0.2827,0.56,0.7693,0.7248603352,0.3134772897,88404.464161,25999.0,19435.0,19500.0,19500.0,665,73595.0,48404.0,98708.0,95900.0,iona university,101308.26220707524,61834.085111537686,26464.25356616926,30377.69932330726,26683.890962452377,49679.1052789163,29956.898704260162,20013.687979069247,29354.435378941515,90733.30059872121,75533.71111895391,48504.96891747757,27788.236001707686,19946.975685805683,20013.687979069247,98426.29113808928,33145.74632225853
191968,Ithaca College,Ithaca,NY,4,2,18.0,0.6901,1312.0,4242,33926.0,21901.0,23335.0,28832.0,31846.0,38785.0,68699.0,53540.0,0.1905,0.7623,0.8467,0.8237816764,0.1375752365,110087.62285,24000.0,19500.0,19500.0,19500.0,1320,63548.0,40720.0,91792.0,94800.0,ithaca college,94210.07420383202,70508.7359217476,22477.93745792798,32684.918327253294,24632.231358854457,41792.68587218973,34819.71171168735,20013.687979069247,29591.52060577049,112987.65815781303,65222.04326635346,54950.40278971115,23949.713281619534,20013.687979069247,20013.687979069247,97297.31386747511,39806.71221888209
192110,The Juilliard School,New York,NY,4,2,30.0,0.0915,,468,43571.0,30168.0,31507.0,40705.0,35563.0,51160.0,83892.0,57950.0,0.1389,0.9256,0.9789,0.695035461,,,25500.0,22523.0,25500.0,25000.0,93,37827.0,18837.0,57977.0,95300.0,the juilliard school,59504.28656217937,86101.96471487576,30962.714818080054,36499.83515895588,26171.745818782863,19333.222587780892,44718.789689026984,26171.745818782863,41777.29072759044,,38823.47565047448,59476.57530190066,32336.988059309475,23116.322787311623,25658.574332140062,97810.4853541179,52507.70651329142
192192,Keuka College,Keuka Park,NY,4,2,19.0,0.6808,,966,24338.0,19368.0,19762.0,21808.0,30357.0,26748.0,54760.0,39332.0,0.4989,0.5836,0.7336,0.5990299111,0.3820840951,66686.951948,27000.0,21500.0,22912.0,20725.0,503,58289.0,41969.0,83049.0,73200.0,keuka college,85236.757588396,56202.541217119586,19878.210706595546,31156.693640031033,27711.260278711266,43074.58824582345,24979.13528382499,23515.570203919724,22382.487561412418,68443.68454166442,59824.50556984448,40368.121825269314,20282.589838070075,22066.37392564045,21270.95812134411,75128.3056445061,27452.621849443294
192323,Le Moyne College,Syracuse,NY,4,2,18.0,0.8298,1255.0,2439,22277.0,14535.0,18468.0,21107.0,23600.0,27034.0,53183.0,40330.0,0.3098,0.7313,0.8355,0.6846381093,0.2229007634,90598.918898,23000.0,16250.0,19500.0,17999.0,546,62731.0,42961.0,83494.0,87800.0,le moyne college,85693.48021150808,54583.99834824819,14917.895116706231,24221.694169540217,23605.888385568855,44092.72047532276,22863.842415883366,20013.687979069247,21663.02113713921,92985.56379823448,64383.521057179125,41392.41211260835,18954.502030638505,16678.07331589104,18473.147176167557,90112.9130544759,27746.155939802975
192448,Long Island University,Brookville,NY,4,2,16.0,0.8616,1224.0,5520,33062.0,22019.0,20408.0,24516.0,27001.0,52826.0,55424.0,42432.0,0.1714,0.5707,0.7719,0.5249953883,0.3563569682,63692.39899,23577.0,20282.0,16700.0,19944.0,2112,59950.0,29994.0,95352.0,102800.0,long island university,97863.85518872876,56884.03295138123,22599.04592877568,27712.28662168455,24198.088281154647,30784.131140728357,33932.95138276859,17139.92765386956,25161.824333069828,65370.2461550895,61529.26124847186,43549.785042454685,20945.607398812575,20816.28818417859,20469.384259208055,105508.05765375993,54217.59390678523
192703,Manhattan University,Riverdale,NY,4,2,18.0,0.7894,1270.0,2744,27256.0,27281.0,23097.0,28454.0,26808.0,28188.0,64348.0,53400.0,0.36,0.6371,0.7598,0.790438247,0.2541636495,102158.84006,26000.0,19500.0,23000.0,21500.0,583,86316.0,61516.0,118926.0,112400.0,manhattan university,122058.86444096356,66043.11764498195,27999.66265420452,27514.20242784043,26684.917305425664,63136.51434463712,27974.00407987238,23605.888385568855,29203.56296186853,104850.00765458871,88589.82008212006,54806.71477345117,23705.44365397756,20013.687979069247,22066.37392564045,115360.95019730172,28930.55573097456
192712,Manhattan School of Music,New York,NY,4,2,30.0,0.4078,,539,51754.0,31392.0,38143.0,46638.0,48042.0,56540.0,77703.0,57050.0,0.1197,0.7832,0.9296,0.6551724138,,,26994.0,27000.0,19500.0,25250.0,56,26878.0,11725.0,52252.0,,manhattan school of music,53628.4730401193,79749.92805321116,32218.95861738163,49307.56912258691,27705.10222087155,12033.871361773688,53117.35423942307,20013.687979069247,47866.58358809393,,27586.04643597042,58552.86662594362,39147.80003003273,27711.260278711266,25915.160075461463,,58029.43170956796
192749,Manhattanville University,Purchase,NY,4,2,18.0,0.8734,,1362,20991.0,13548.0,15131.0,18072.0,23287.0,27319.0,53499.0,44604.0,0.3514,0.5842,0.7387,0.6888331242,0.3010130246,78260.403873,25000.0,21250.0,19500.0,21250.0,331,58832.0,32425.0,84538.0,86000.0,manhattanville university,86764.98227561825,54908.322727806444,13904.894602073342,23900.448818901823,25658.574332140062,33279.17090878566,21543.96535223808,20013.687979069247,18548.07021321741,80322.0156015469,60381.80980433856,45779.00198043101,15529.59552878445,21809.78818231905,21809.78818231905,88265.4957025618,28038.66368718937
192785,Maria College of Albany,Albany,NY,4,2,26.0,0.4448,,656,13082.0,10733.0,12791.0,14870.0,17423.0,16138.0,21798.0,18740.0,0.5576,0.3,0.3333,0.454798331,0.4099009901,59782.393939,20528.0,14500.0,12750.0,14500.0,207,55458.0,35668.0,77413.0,72100.0,maria college of albany,79452.28859095834,22372.224131679563,11015.739132274372,17881.97362355505,21068.768555606846,36607.60117115087,13426.618776522251,13085.872909391432,15261.720012756909,61357.23994548444,56918.92861247294,19233.66731937219,13127.952971296141,14881.973112641235,14881.973112641235,73999.32837389194,16563.122902883053
192819,Marist University,Poughkeepsie,NY,4,2,18.0,0.5651,1295.0,5182,41544.0,26083.0,27200.0,36178.0,42001.0,45643.0,67574.0,47750.0,0.1445,0.796,0.8609,0.7929493545,0.1883905013,135624.66001,25000.0,20500.0,21500.0,22142.0,890,77819.0,50231.0,106692.0,98400.0,marist university,109502.5845057875,69354.1000768013,26770.103772208367,43107.43122096859,25658.574332140062,51554.23389110909,42638.39248217707,22066.37392564045,37131.036087526525,139197.41680551233,79868.9838381123,49007.87697438752,27916.528873368385,21040.03095235485,22725.28611448981,100992.14857130327,46845.37232967475
192864,Marymount Manhattan College,New York,NY,3,2,21.0,0.8261,1214.0,1577,36861.0,30722.0,30626.0,32459.0,34872.0,42217.0,65767.0,41870.0,0.284,0.4904,0.7018,0.5791710946,0.2263710618,89317.638323,25750.0,16000.0,19500.0,19125.0,477,49131.0,22072.0,75436.0,80900.0,marymount manhattan college,77423.20853277271,67499.49832407421,31531.308825280277,35790.632164415525,26428.331562104264,22653.442106359817,37832.028338280594,20013.687979069247,33314.06656987737,91670.5304832759,50425.25662049493,42972.98029146817,31432.77989984486,16421.48757256964,19628.809364087145,83031.14653880523,43329.12130319828
193016,Mercy University,Dobbs Ferry,NY,4,2,18.0,0.8584,,5735,14072.0,11974.0,12598.0,15056.0,17725.0,21299.0,32596.0,22880.0,0.5005,0.4571,0.7572,0.3968291529,0.4186952288,53474.643179,19637.0,14901.0,16250.0,15200.0,1638,52055.0,29099.0,76821.0,78100.0,mercy university,78844.69355077327,33454.675557217495,12289.430762121803,18191.929201487303,20154.296966409376,29865.554179637744,14442.698320074996,16678.07331589104,15452.61980578803,54883.32427572152,53426.283474382035,23482.727228774584,12929.868777452019,15293.536644928761,15600.413193941156,80157.38621360555,21860.078988010046
193292,Molloy University,Rockville Centre,NY,4,2,18.0,0.8174,1187.0,3162,24347.0,17548.0,19241.0,22739.0,28254.0,30144.0,50720.0,39790.0,0.3366,0.6993,0.8517,0.6782115869,0.3529824561,91472.422803,27000.0,25000.0,23675.0,24039.0,546,77789.0,48859.0,114622.0,101000.0,molloy university,117641.48428394232,52056.11560504576,18010.26649521575,28998.294367211412,27711.260278711266,50146.09133176125,24988.372370584562,24298.669892536636,23338.012869541315,93882.07839326875,79838.19354891372,40838.18690703412,19747.865148988276,25658.574332140062,24672.258734812596,103660.64030184585,30938.0825867212
193353,Mount Saint Mary College,Newburgh,NY,4,2,19.0,0.8888,1150.0,1148,25522.0,18747.0,16025.0,21647.0,28722.0,31316.0,55014.0,43450.0,0.2225,0.6546,0.7363,0.6720306513,0.3715139442,93400.84845,26007.0,21334.0,22543.0,21499.0,498,67705.0,45807.0,91272.0,84800.0,mount saint mary college,93676.3758577235,56463.23233233413,19240.85172018519,29478.622878709073,26692.101706238664,47013.692577293594,26194.325364195145,23136.849646777337,22217.246342713435,95861.30450557095,69488.55100630171,44594.60218925942,16447.146146901778,21896.00099207504,22065.347582667167,87033.88413461909,32140.956551411924
193399,University of Mount Saint Vincent,Bronx,NY,4,2,22.0,0.8511,1090.0,2692,21696.0,19203.0,19157.0,22575.0,24499.0,27884.0,54170.0,44540.0,0.4621,0.5683,0.7305,0.5485278081,0.4101838755,55495.821577,25000.0,18000.0,17500.0,18750.0,356,65756.0,40480.0,98396.0,97900.0,university of mount saint vincent,100988.04319941014,55596.99886288108,19708.864116003424,25144.376502523974,25658.574332140062,41546.36355860119,22267.53714840443,17961.002032498043,23169.692621922473,56957.74652226547,67488.20855136808,45713.31603014073,19661.652339232285,18474.173519140844,19243.930749105046,100478.97708466048,28618.547467095737
193584,Nazareth University,Rochester,NY,4,2,18.0,0.7472,1216.0,1873,29357.0,22796.0,22827.0,25663.0,31634.0,34267.0,58254.0,42450.0,0.2626,0.7279,0.8482,0.6878814298,0.1820603908,93177.108262,26038.0,21500.0,23250.0,21313.0,479,56458.0,38928.0,73630.0,68400.0,nazareth university,75569.63312301891,59788.58356577948,23396.514419018593,32467.33361691675,26723.918338410516,39953.479264061934,30130.35066674543,23862.474128890255,26339.039723428414,95631.67033577555,57945.27158575854,43568.25921597382,23428.331051190446,22066.37392564045,21874.447789636044,70201.85937273521,35169.694665577736
193654,The New School,New York,NY,4,2,16.0,0.6347,,6563,58741.0,50140.0,52812.0,56494.0,59894.0,64738.0,88284.0,58694.0,0.1501,0.6937,0.8476,0.6220575414,0.1944012442,85752.944815,22266.0,17250.0,14000.0,17190.0,1505,52901.0,21048.0,88619.0,92600.0,the new school,90953.4879495968,90609.66305354613,51460.8366805401,61471.78604196787,22852.552643177223,21602.46690171536,60288.41259376957,14368.801625998434,57982.21993279683,88011.93234942328,54294.569629781654,60240.174474025145,54203.22510515923,17704.416289176643,17642.835710779505,95039.35932624679,66443.39140456333
193900,New York University,New York,NY,4,2,15.0,0.0923,1520.0,28663,37050.0,16977.0,14017.0,16862.0,32766.0,66876.0,84374.0,62796.0,0.1788,0.8757,0.9577,0.7645899651,0.2148843446,96938.379032,20500.0,18389.0,17500.0,18500.0,4036,82509.0,45965.0,133284.0,145300.0,new york university,136795.09685139824,86596.66202799942,17424.224657469673,33629.15386267605,21040.03095235485,47175.85476707271,38026.00716023157,17961.002032498043,17306.19521554183,99492.02416118958,84682.53238282177,64450.23335044269,14386.249456544288,18873.42093574894,18987.345005783645,149127.63401839804,68637.71268144794
193973,Niagara University,Niagara University,NY,4,2,18.0,0.8737,1168.0,2653,17248.0,9564.0,11510.0,17322.0,20355.0,22990.0,51632.0,39345.0,0.2719,0.7451,0.8038,0.7225237449,0.2415153907,84103.348117,25475.0,19000.0,21500.0,19500.0,605,56196.0,40069.0,77102.0,76100.0,niagara university,79133.09592626651,52992.140396682225,9815.944196503502,20891.211221228437,26146.087244450722,41124.5365965808,17702.36360323007,22066.37392564045,17778.312983253207,86318.88036967586,57676.369726757715,40381.464283922025,11813.207622517284,19500.516492426446,20013.687979069247,78104.70026703435,23595.624955836
194091,New York Institute of Technology,Old Westbury,NY,4,2,18.0,0.8102,1311.0,3440,22443.0,17084.0,18312.0,22592.0,27226.0,30396.0,56976.0,46560.0,0.451,0.5877,0.7799,0.5828092243,0.3296541575,68013.811659,23334.0,18000.0,16000.0,17500.0,963,70080.0,41399.0,100245.0,101200.0,new york institute of technology,102885.75135701521,58476.917245920486,17534.043355611233,27943.21379067381,23948.686938646246,42489.572751050655,23034.215349448776,16421.48757256964,23187.14045246833,69805.49768258503,71926.11556785501,47786.52883617765,18794.39252680595,18474.173519140844,17961.002032498043,103865.90889650297,31196.721015989173
194116,New York School of Interior Design,New York,NY,4,2,30.0,0.6289,,427,45271.0,45032.0,43696.0,47685.0,,46647.0,48730.0,32330.0,0.1523,0.6923,1.0,0.6015625,0.3636363636,58484.689655,,14250.0,13000.0,14250.0,83,48041.0,22696.0,77068.0,,new york school of interior design,79098.2002651748,50013.69308820741,46218.27677299725,,,23293.880121690032,46463.57274361251,13342.458652712832,48941.16468112395,60025.35027219842,49306.54277961363,33181.668326323525,44847.08256068768,14625.387369319835,14625.387369319835,,47875.820674853494
194310,Pace University,New York,NY,4,2,17.0,0.7592,1266.0,7665,30892.0,26473.0,26362.0,28467.0,31219.0,36430.0,69550.0,53290.0,0.2725,0.6003,0.7549,0.6359074435,0.2941176471,85705.048579,23250.0,18000.0,16500.0,18500.0,1664,70378.0,37204.0,101512.0,112600.0,pace university,104186.12790416807,71382.15379201365,27170.377531789753,32041.401283003222,23862.474128890255,38184.063978117556,31705.78713073883,16934.65905921244,29216.905420521245,87962.77438415785,72231.96577389413,54693.817046389755,27056.453461755053,18474.173519140844,18987.345005783645,115566.21879195883,37389.6745167945
194392,Paul Smiths College of Arts and Science,Paul Smiths,NY,4,2,22.0,0.7653,,579,26683.0,16732.0,17877.0,23253.0,29288.0,32048.0,51506.0,33009.0,0.3625,0.5055,0.7519,0.6906077348,0.2969348659,77186.971311,22750.0,13581.0,18500.0,17250.0,258,46145.0,31978.0,60593.0,64200.0,paul smiths college of arts and science,62189.199780294504,52862.82118204824,17172.7706290147,30059.533001588723,23349.302642247454,32820.395599726995,27385.90955617973,18987.345005783645,23865.553157810114,79220.30563424224,47360.596502264125,33878.55520518445,18347.933333426714,13938.763920191766,17704.416289176643,65891.21888493568,32892.23960785699
194569,Davis College,Pottersville,NY,3,2,24.0,0.5625,,106,12875.0,12875.0,,,,,24830.0,18000.0,0.4015,0.2667,1.0,0.5,0.2718446602,55483.290698,,,,,64,38450.0,16929.0,55366.0,60400.0,davis college,56824.50505893066,25484.09602668151,13214.165781052132,,,17374.960194751962,13214.165781052132,,,56944.88554265472,39462.88732283141,18474.173519140844,,,,61991.11558645039,
194578,Pratt Institute-Main,Brooklyn,NY,4,2,30.0,0.7325,1290.0,3910,52659.0,38545.0,44439.0,48694.0,59020.0,60477.0,80049.0,61845.0,0.1886,0.7354,0.8826,0.7495361781,0.1925777332,102065.71996,26000.0,22274.0,19500.0,21500.0,593,54295.0,26250.0,90075.0,82300.0,pratt institute-main,92447.84331870064,82157.72866853919,39560.389905293545,60574.76228331625,26684.917305425664,26941.503048747065,54046.19463024654,20013.687979069247,49976.744741169125,104754.43449428206,55725.29173454178,63474.18118284808,45609.65538983889,22860.76338696351,22066.37392564045,84468.02670140508,62070.14399539338
194666,Rabbinical College Bobover Yeshiva Bnei Zion,Brooklyn,NY,4,2,24.0,,,473,9136.0,8131.0,7755.0,10941.0,13909.0,,20075.0,10000.0,0.8952,0.8286,0.9878,,,,,,,,37,20707.0,15785.0,51152.0,64200.0,rabbinical college bobover yeshiva bnei zion,52499.495769505134,20603.83518870847,8345.194715785234,14275.404415429444,,16200.823833313234,9376.669403937263,,11229.218470717777,,21252.48394782497,10263.429732856024,7959.289757829847,,,65891.21888493568,
194824,Rensselaer Polytechnic Institute,Troy,NY,4,2,15.0,0.6347,1456.0,5714,36228.0,24078.0,26289.0,28212.0,36230.0,42541.0,82404.0,64081.0,0.1992,0.8362,0.9072,0.9167983149,0.1374501992,114810.92164,23750.0,23250.0,21250.0,22869.0,813,102051.0,71488.0,137023.0,132000.0,rensselaer polytechnic institute,140632.5932285131,84574.76637062678,24712.286110770736,37184.405922137375,24375.645615533056,73371.20647424115,37182.35323619081,21809.78818231905,28955.187962333417,117835.38268165791,104739.32676676901,65769.08407111469,26981.5304247052,23862.474128890255,23471.43745606844,135477.27247369953,43661.65642654281
194958,Roberts Wesleyan University,Rochester,NY,4,2,18.0,0.7063,1170.0,1149,23130.0,22922.0,14396.0,19241.0,23788.0,27297.0,52919.0,38826.0,0.3542,0.6667,0.836,0.6429330499,0.2720306513,76282.425243,23750.0,18750.0,18750.0,18750.0,361,55031.0,35301.0,81897.0,75600.0,roberts wesleyan university,84054.41048317098,54313.043803300796,23525.83363365258,24414.64664851791,24375.645615533056,36230.93329995505,23739.312972095984,19243.930749105046,19747.865148988276,78291.93113333732,56480.68016287999,39848.7922807868,14775.233443419533,19243.930749105046,19243.930749105046,77591.52878039154,28016.08414177709
195003,Rochester Institute of Technology,Rochester,NY,4,2,16.0,0.6693,1383.0,13215,34906.0,24680.0,24820.0,28874.0,34510.0,44970.0,74626.0,59274.0,0.2724,0.6989,0.8879,0.7653061224,0.194684529,90504.796632,26778.0,22243.0,20000.0,21750.0,2443,76571.0,45486.0,109829.0,106500.0,rochester institute of technology,112722.22241298443,76591.87072441136,25330.14458068867,35419.09600808614,27483.412138641863,46684.23648286891,35825.52782550724,20526.85946571205,29634.627010648484,92888.96207189566,78588.10780745186,60835.4533985308,25473.83259694865,22828.946754791654,22322.959668961852,109305.52665491666,46154.64350865354
195030,University of Rochester,Rochester,NY,4,2,15.0,0.4008,1488.0,6331,29278.0,9678.0,12185.0,21087.0,27883.0,46801.0,85962.0,67080.0,0.1725,0.8543,0.9069,0.8003255562,0.1867656153,93186.937796,21000.0,18750.0,19000.0,19000.0,820,79042.0,50106.0,116695.0,142000.0,university of rochester,119769.09326756338,88226.49466957696,9932.94729545806,28617.521124122453,21553.20243899765,51425.94101944839,30049.269571855868,19500.516492426446,21642.494277673497,95641.75880892712,81124.20129444059,68847.0866479982,12505.989129485066,19243.930749105046,19500.516492426446,145740.70220655555,48033.87749273948
195128,Russell Sage College,Troy,NY,4,2,17.0,0.5326,,1244,22917.0,6662.0,41141.0,21326.0,24302.0,26526.0,50607.0,38164.0,0.4204,0.561,0.7789,0.5982300885,0.375,66787.658615,22000.0,19000.0,16545.0,18750.0,372,58316.0,38666.0,76636.0,71900.0,russell sage college,78654.82010071543,51940.13884906448,6837.496888028683,24942.18693678671,22579.545412283253,39684.5774050611,23520.70191878615,16980.844493010292,21887.79024828876,68547.04412170287,59852.216830123194,39169.35323247173,42224.77626394297,19500.516492426446,19243.930749105046,73794.05977923481,27224.77370937389
195164,St Bonaventure University,Saint Bonaventure,NY,4,2,19.0,0.8165,1197.0,2012,27074.0,15651.0,17949.0,24097.0,30751.0,30441.0,57271.0,41735.0,0.2675,0.6673,0.8589,0.708886619,0.186440678,96297.779817,26000.0,18500.0,20500.0,19500.0,389,57214.0,40687.0,78447.0,86300.0,st bonaventure university,80513.52722533565,58779.68842303973,16063.293874892963,31561.072771505562,26684.917305425664,41758.81655407131,27787.2096587344,21040.03095235485,24731.78662726316,98834.54965818206,58721.18687356246,42834.42399007462,18421.830027503278,18987.345005783645,20013.687979069247,88573.39859454749,31242.906449787024
195173,St. Francis College,Brooklyn,NY,4,2,22.0,,,1684,18129.0,15700.0,18198.0,22447.0,21974.0,22274.0,38098.0,28775.0,0.5569,0.5464,0.6475,0.5133004926,0.4114285714,56579.369034,23250.0,12059.0,15625.0,12500.0,493,58099.0,31954.0,86047.0,94200.0,st. francis college,88313.73382230623,39101.61459623488,16113.584680583957,22552.860494977827,23862.474128890255,32795.76336836814,18606.571762694686,16036.608957587538,23038.32072134192,58069.83784097891,59629.50040492022,29533.01905629321,18677.389427851394,12376.66991485108,12829.287166070031,96681.50808350375,22860.76338696351
195216,St Lawrence University,Canton,NY,4,2,21.0,0.5434,1371.0,1918,28651.0,13420.0,14008.0,19401.0,24263.0,37450.0,82000.0,65900.0,0.2136,0.7906,0.9083,0.8469520104,0.131897712,112333.25363,27000.0,19500.0,22750.0,21243.0,235,67258.0,44778.0,102313.0,87800.0,st lawrence university,105008.22862576984,84160.1238094194,13773.522701492784,24902.15956082857,27711.260278711266,45957.58565778271,29405.752527605797,23349.302642247454,19912.080024713974,115292.4455294599,69029.77569724305,67636.0019395212,14377.01236978472,20013.687979069247,21802.60378150605,90112.9130544759,38436.54434954581
195243,St. Thomas Aquinas College,Sparkill,NY,4,2,20.0,0.9305,1000.0,972,19994.0,11746.0,13700.0,24110.0,23907.0,27333.0,53370.0,39450.0,0.2162,0.5404,0.7336,0.6612111293,0.3166666667,90463.260163,23198.0,15429.0,18000.0,16395.0,282,62909.0,42115.0,87445.0,85500.0,st. thomas aquinas college,89748.56129895951,54775.9244842526,12055.424564212686,24536.7814623389,23809.104294279405,43224.434319923144,20520.701407872333,18474.173519140844,24745.129085915876,92846.3314088024,64566.21010642396,40489.23029611701,14060.898734012753,15835.44573482356,16826.893047017453,87752.32421591901,28053.03248881537
195304,Sarah Lawrence College,Bronxville,NY,4,2,21.0,0.6173,1366.0,1530,41437.0,29876.0,29810.0,40869.0,35340.0,47810.0,82467.0,66862.0,0.1183,0.7133,0.8735,0.8251121076,0.1078431373,,27000.0,16000.0,19463.0,20500.0,232,53603.0,29421.0,82420.0,77300.0,sarah lawrence college,84591.18785819935,84639.42597794377,30663.02266988066,36270.96067591319,27711.260278711266,30196.03661703571,42528.57378403551,19975.71328905768,41945.61097520929,,55015.062397028145,68623.34387982194,30595.28403364381,16421.48757256964,21040.03095235485,79336.31183497707,49069.457552784654
195474,Siena University,Loudonville,NY,4,2,20.0,0.6902,1254.0,3409,33733.0,26417.0,28044.0,29118.0,34818.0,37704.0,64870.0,46580.0,0.2449,0.7473,0.8269,0.8147896879,0.2053896577,103674.15782,26561.0,18750.0,21500.0,21500.0,606,76079.0,53709.0,104835.0,103000.0,siena university,107596.66560439613,66578.86867703703,27112.90232528576,35735.20964385811,27260.695713438887,55123.85475219642,34621.627517843226,22066.37392564045,29885.05469613017,106405.24338985958,78083.14706459535,47807.05569564336,28782.762342821436,19243.930749105046,22066.37392564045,105713.32624841706,38697.23546476036
195526,Skidmore College,Saratoga Springs,NY,3,2,21.0,0.2105,1405.0,2694,32297.0,9932.0,11454.0,15855.0,22438.0,45136.0,85270.0,67290.0,0.1275,0.8257,0.8965,0.8585858586,0.1483146067,119108.89849,19500.0,9500.0,16444.0,13000.0,218,69363.0,37679.0,104219.0,89700.0,skidmore college,106964.4383328522,87516.26533206333,10193.638410672604,23029.083634582348,20013.687979069247,38671.576890428216,33147.799008205104,16877.183852708447,16272.667841443226,122246.58102099961,71190.22765600924,69062.61867238818,11755.73241601329,9750.258246213223,13342.458652712832,92062.96470371854,46325.01644221895
195544,St. Joseph's University-New York,Brooklyn,NY,4,2,18.0,0.7205,1190.0,3144,19035.0,16876.0,15633.0,16663.0,18908.0,22947.0,41897.0,36550.0,0.3399,0.6878,0.807,0.6162211146,0.3757412399,83242.830957,22000.0,17834.0,18500.0,18013.0,888,63905.0,40707.0,86336.0,92100.0,st. joseph's university-new york,88610.34694158577,43000.69155174689,17320.564017167828,19406.092938884172,22579.545412283253,41779.34341353702,19536.438496491442,18987.345005783645,17101.95296385799,85435.69462911817,65588.44770781642,37512.83567358877,16044.819701373823,18303.800585575435,18487.515977793555,94526.18783960398,23551.49220798472
195720,St. John Fisher University,Rochester,NY,4,2,17.0,0.664,1214.0,2565,28945.0,16054.0,17953.0,25992.0,30268.0,34085.0,55201.0,41190.0,0.2869,0.7417,0.8642,0.750155376,0.2521994135,97124.926518,23250.0,21000.0,19500.0,19660.0,658,66944.0,49303.0,96035.0,85300.0,st. john fisher university,98564.84743948282,56655.15846833854,16476.910093127062,31065.349115408615,23862.474128890255,50601.78761190006,29707.49736175176,20013.687979069247,26676.706561639377,99683.48586262976,68707.50400363137,42275.067069633966,18425.93539939642,21553.20243899765,20177.902854794942,87547.05562126188,34982.900244439756
195809,St. John's University-New York,Queens,NY,4,2,17.0,0.8343,1244.0,9477,29999.0,27787.0,27654.0,29280.0,32208.0,33661.0,65527.0,53020.0,0.2419,0.6609,0.787,0.6214013181,0.3164556962,76636.276762,25000.0,19000.0,19500.0,19000.0,2659,69571.0,40573.0,103666.0,111800.0,st. john's university-new york,106396.87066862526,67253.17601048567,28518.992198687036,33056.45448358268,25658.574332140062,41641.813455116746,30789.26285559479,20013.687979069247,30051.32225780244,78655.1041534494,71403.70699445264,54416.70444360264,28382.48858324005,19500.516492426446,19500.516492426446,114745.14441333034,34547.730823766666
196413,Syracuse University,Syracuse,NY,4,2,15.0,0.4592,1375.0,15477,38793.0,15817.0,15845.0,21132.0,28780.0,55401.0,84517.0,65528.0,0.1707,0.8361,0.9013,0.7873063044,0.1886792453,113203.75393,26000.0,21250.0,24250.0,23896.0,2468,79164.0,52205.0,112094.0,107900.0,syracuse university,115046.88924747631,86743.42907317926,16233.666808458374,29538.15077115964,26684.917305425664,53580.234920374874,39814.922962668374,24888.817102175857,21688.67971147135,116185.87739560791,81249.41513718144,67254.20235345895,16262.404411710371,21809.78818231905,24525.491689632756,110742.4068175165,56860.42706299566
196431,Talmudical Seminary Oholei Torah,Brooklyn,NY,3,2,24.0,0.7719,,400,10755.0,10333.0,9714.0,11613.0,12506.0,,20353.0,8750.0,0.6459,0.2222,0.8056,,,,,,,,132,39230.0,17974.0,75530.0,66200.0,talmudical seminary oholei torah,77519.68477226155,20889.158535281866,10605.20194296013,12835.445223909745,,18447.48860183542,11038.318677686653,,11918.9209487657,,40263.43484199418,8980.501016249022,9969.895642496342,,,67943.90483150688,
196592,Touro University,New York,NY,4,2,17.0,0.6083,1348.0,4040,29627.0,26605.0,28476.0,29054.0,31828.0,36341.0,40500.0,22450.0,0.302,0.7239,0.8883,0.4825263158,0.3827940016,52571.03588,15547.0,12750.0,11829.0,12750.0,1608,53419.0,24108.0,86163.0,84900.0,touro university,88432.78960720736,41566.8904180669,27305.854804263454,32666.444153734155,15956.55420567126,24743.076399969304,30407.46326953254,12140.611030995391,29819.368745839893,53955.91327378329,54826.2152899436,23041.399750261775,29226.142507280816,13085.872909391432,13085.872909391432,87136.51843194764,37298.329992172075
196653,Trocaire College,Buffalo,NY,3,2,26.0,0.9749,,984,16636.0,14951.0,13543.0,17975.0,22777.0,28534.0,29845.0,20640.0,0.5027,0.3086,,0.4514637904,0.4330985915,57376.359338,20000.0,18522.0,14344.0,16651.0,413,55318.0,33778.0,77932.0,70300.0,trocaire college,79984.96059409357,30631.206037708806,15344.853793593042,23377.013902526167,20526.85946571205,34667.81295164108,17074.241703579282,14721.86360880868,18448.514944808703,58887.823239266065,56775.240596212956,21183.718968614834,13899.762887206914,19009.924551195927,17089.636848178565,72151.91102197785,29285.670399731378
196866,Union College,Schenectady,NY,3,2,21.0,0.4392,1395.0,2046,34561.0,11776.0,16415.0,23941.0,34100.0,45017.0,84561.0,69039.0,0.1436,0.8039,0.9018,0.8590604027,0.13003663,134355.46099,25337.0,18560.0,22000.0,19000.0,198,88604.0,57953.0,123772.0,119000.0,union college,127032.52248950559,86788.58816400383,12086.214853411255,34998.29538903904,26004.45191413731,59479.654330820515,35471.4394997237,22579.545412283253,24571.677123430607,137894.78330963437,90938.09280499752,70857.6925326647,16847.419906483163,19048.925584180783,19500.516492426446,122134.81382098669,46202.88162839796
197018,United Talmudical Seminary,Brooklyn,NY,3,2,24.0,,,2241,6640.0,6446.0,6478.0,7771.0,9644.0,,22754.0,15000.0,0.8744,0.5813,0.9085,,,22229.168435,,,,,304,25113.0,16502.0,49740.0,43500.0,united talmudical seminary,51050.299491225865,23353.408014140598,6615.806805798993,9898.05163436635,,16936.711745159013,6814.9173426164,,7975.711245402416,22814.750825244362,25774.551088121334,15395.144599284036,6648.6497809441325,,,44645.919337923704,
197045,Utica University,Utica,NY,4,2,18.0,0.9195,1110.0,2278,19108.0,13290.0,14518.0,16439.0,20217.0,26685.0,37205.0,26930.0,0.3337,0.5624,0.7071,0.5862857143,0.3156398104,73925.398453,22500.0,16244.0,18750.0,17563.0,715,63277.0,40485.0,90057.0,79500.0,utica university,92429.3691451815,38185.09032109084,13640.098114965656,20749.575890915025,23092.716898926054,41551.49527346761,19611.36153354129,19243.930749105046,16872.05213784202,75872.8132495749,64943.904320593065,27639.416270581274,14900.447286160375,16671.915258051326,18025.661639815036,81594.26637620539,27387.9622421263
197133,Vassar College,Poughkeepsie,NY,3,2,21.0,0.1857,1494.0,2444,39343.0,15953.0,14548.0,14126.0,25773.0,56615.0,87419.0,71030.0,0.1924,0.9108,0.949,0.9332023576,0.1418439716,97432.252125,18625.0,9851.0,19000.0,15500.0,396,71366.0,47264.0,105378.0,99300.0,vassar college,108153.96983889022,89721.87638165407,16373.249452825215,26451.93745048983,19115.637877444344,48509.074289370714,40379.41159797546,19500.516492426446,14498.12084063242,99998.90733988496,73245.9926315003,72901.14139247633,14931.237575358944,10110.504629836469,15908.316085926837,101915.85724726033,58106.40743256438
197142,Villa Maria College,Buffalo,NY,3,2,22.0,0.8659,,603,13494.0,13049.0,13265.0,12274.0,12775.0,25069.0,36335.0,28670.0,0.6477,0.3145,0.7647,0.4266055046,0.3789731051,44986.755747,21250.0,9758.0,12000.0,9724.0,171,38857.0,17948.0,52822.0,51000.0,villa maria college,54213.488534892094,37292.171934332364,13392.749458403827,13111.531483723571,21809.78818231905,18420.803684529994,13849.47208151592,12316.115679427228,12597.333654107484,46171.84065184915,39880.608912958654,29425.253044098223,13614.439540633517,10015.054733320909,9980.159072229199,52343.49163756573,25729.391997296767
197197,Wagner College,Staten Island,NY,4,2,19.0,0.88,1243.0,1651,28241.0,20993.0,21944.0,24930.0,28217.0,32604.0,65574.0,53200.0,0.2385,0.6514,0.8342,0.7629533679,0.2845303867,100709.19253,25000.0,22000.0,20500.0,21500.0,433,74360.0,47410.0,108167.0,100200.0,wagner college,111016.44039138376,67301.4141302301,21546.01803818465,28960.319677199845,25658.574332140062,48658.92036347041,28984.951908558698,21040.03095235485,25586.73032401007,103362.17209843238,76318.86349351739,54601.446178794045,22522.07020577926,22579.545412283253,22066.37392564045,102839.56592321736,33462.88630100378
197674,Yeshiva of Nitra Rabbinical College,Chester,NY,3,2,24.0,,,243,10880.0,10236.0,10834.0,13861.0,15555.0,,23300.0,14000.0,0.7984,0.1132,0.82,,,27661.544444,,,,,50,41785.0,15452.0,81293.0,,yeshiva of nitra rabbinical college,83434.49932730648,23913.791277554537,10505.646674551426,15964.764949457545,,15859.051623209129,11166.611549347354,,14226.139952711736,28390.231770326795,42885.7411387389,14368.801625998434,11119.399772576216,,,,
197708,Yeshiva University,New York,NY,4,2,17.0,0.5562,1426.0,2852,49965.0,24103.0,25462.0,28207.0,41944.0,69618.0,70892.0,51800.0,0.1344,0.832,0.9153,0.7953321364,0.1438596491,103409.03678,18250.0,12000.0,14000.0,14000.0,375,71353.0,41386.0,111701.0,117200.0,yeshiva university,114643.53645897508,72759.50606216292,24737.944685102877,43048.92967149131,18730.759262462245,42476.230292397944,51281.22666021513,14368.801625998434,28950.056247466986,106133.13827338541,73232.65017284759,53164.56601619421,26132.744785798008,12316.115679427228,14368.801625998434,120287.3964690726,71451.94511419706
197911,Barton College,Wilson,NC,4,2,22.0,0.942,,982,23626.0,19641.0,18497.0,22510.0,25308.0,30286.0,51935.0,37250.0,0.3732,0.4585,0.6548,0.5013812155,0.3500931099,59661.875,25877.0,20250.0,14976.0,15000.0,560,47913.0,35224.0,63831.0,64400.0,barton college,65512.49832779329,53303.12231758776,20158.402338302516,25974.687967912025,26558.677119711534,36151.90489101206,24248.37908684564,15370.512367925181,23102.980328658912,61233.54617929395,49175.17087903307,38231.27575488869,18984.26597686379,20783.44520903345,15395.144599284036,66096.48747959279,31083.823288927753
197984,Belmont Abbey College,Belmont,NC,4,2,22.0,0.7465,1099.0,1276,24639.0,20610.0,18868.0,21195.0,24798.0,27059.0,34788.0,19500.0,0.2421,0.4668,0.7044,0.4229665072,0.2736982644,88515.910499,26000.0,13500.0,15250.0,15000.0,738,47937.0,31040.0,70419.0,70200.0,belmont abbey college,72274.04583579884,35704.419354659534,21152.928679416265,25451.25305153637,26684.917305425664,31857.6858907851,25288.06451878396,15651.730342605437,21753.339318788345,90847.68276462593,49199.80311039192,20013.687979069247,19365.039219952745,13855.630139355633,15395.144599284036,72049.27672464929,27771.814514135116
197993,Bennett College,Greensboro,NC,3,2,21.0,0.5066,925.0,178,28299.0,27576.0,28109.0,31569.0,34862.0,20527.0,41296.0,19140.0,0.7282,0.25,0.8571,0.2575107296,0.316872428,37835.464419,28130.0,17500.0,14125.0,17500.0,345,36654.0,19747.0,54181.0,56000.0,bennett college,55608.288635587225,42383.859424802235,28302.43383132377,35780.36873468267,28871.027838523994,20267.194693470792,29044.479801009264,14497.094497659135,32400.621323653184,38832.16304743808,37619.57534281047,19644.20450868643,28849.474636084997,17961.002032498043,17961.002032498043,57475.20650399374,21067.742212633562
198066,Brevard College,Brevard,NC,4,2,22.0,0.4216,1060.0,815,23509.0,19294.0,23532.0,21304.0,25337.0,28763.0,47288.0,32280.0,0.4058,0.4884,0.6151,0.5224274406,0.2946428571,59858.294785,25000.0,11375.0,10625.0,12000.0,277,43545.0,29332.0,60200.0,55300.0,brevard college,61785.84699179327,48533.70652072957,19802.261326572414,26004.45191413731,25658.574332140062,30104.69209241329,24128.296958971227,10904.894091159525,21865.210702876473,61435.14024544297,44692.104771721555,33130.35117765925,24151.902847356796,11674.651321123727,12316.115679427228,56756.766422693814,29520.70294061378
198109,Cabarrus College of Health Sciences,Concord,NC,4,2,26.0,0.2338,1150.0,712,17618.0,10412.0,9820.0,15956.0,12950.0,24194.0,26375.0,16550.0,0.2874,0.7143,1.0,0.6990291262,0.3699186992,80963.390625,16000.0,10500.0,12000.0,10000.0,234,58708.0,36139.0,77574.0,,cabarrus college of health sciences,79617.52980965732,27069.795920407763,10686.283037849693,13291.141504048552,16421.48757256964,37091.008711568385,18082.110503345742,12316.115679427228,16376.328481745073,83096.20706134617,60254.54327565114,16985.97620787672,10078.687997664616,10776.601219498825,10263.429732856024,,24831.341895671863
198136,Campbell University,Buies Creek,NC,4,2,17.0,0.8718,,2680,24516.0,20751.0,20981.0,19979.0,26959.0,30864.0,62187.0,41600.0,0.3758,0.6096,0.7616,0.5718142549,0.3112033195,72934.641201,22500.0,16497.0,17625.0,16996.0,1647,54886.0,37957.0,80333.0,114900.0,campbell university,82449.2100729523,63825.19047971176,21297.643038649538,27669.180216806555,23092.716898926054,38956.90023700161,25161.824333069828,18089.29490415874,20505.30626327305,74855.95650575294,56331.86043175357,42695.86768868106,21533.701922505225,16931.58003029258,17443.7251739621,117926.80763051572,31677.049527486834
198215,Catawba College,Salisbury,NC,4,2,22.0,0.7521,1096.0,1235,17879.0,13618.0,17495.0,15412.0,17440.0,24420.0,49516.0,34300.0,0.41,0.4729,0.773,0.5787348587,0.2992366412,70649.672535,25000.0,12000.0,14000.0,12000.0,626,48793.0,33908.0,66494.0,70700.0,catawba college,68245.64966565285,50820.39866520989,13976.738610203334,17899.421454100906,25658.574332140062,34801.23753816821,18349.986019373286,14368.801625998434,15817.997904277705,72510.79497122607,50078.3526955244,35203.56398369616,17955.870317631616,12316.115679427228,12316.115679427228,72562.4482112921,25063.29540763441
198303,Chowan University,Murfreesboro,NC,4,2,22.0,0.6879,,603,14086.0,13726.0,10950.0,14549.0,14565.0,19713.0,39027.0,27910.0,0.5658,0.2995,0.7081,0.3107971746,0.370405278,38181.752277,29491.0,16000.0,14750.0,15284.0,769,38412.0,21699.0,55097.0,64000.0,chowan university,56548.41879911684,40055.087218417204,14087.583651318178,14948.6854059048,30267.8806251657,22270.616177324286,14457.067121700995,15138.558855962636,14932.26391833223,39187.5731572305,39423.88628984656,28645.232384401163,11238.455557477346,16421.48757256964,15686.626003697147,65685.95029027856,20232.29903237908
198385,Davidson College,Davidson,NC,3,2,21.0,0.1337,1469.0,1867,17379.0,9497.0,5354.0,6759.0,18616.0,42346.0,79475.0,64410.0,0.1759,0.9107,0.9461,0.8389830508,0.1577380952,,18688.0,9657.0,17479.0,15600.0,217,81400.0,60136.0,116852.0,131800.0,davidson college,119930.22911436921,81568.60780187325,9747.179217293366,19106.400790684776,19180.297484761337,61720.161041502986,17836.814532730485,17939.448830059046,6937.052156437387,,83544.31802544804,66106.75090932565,5495.040278971115,9911.394093019062,16010.950383255398,135272.0038790424,43461.51954675212
198419,Duke University,Durham,NC,4,2,15.0,0.0571,1548.0,6442,29612.0,735.0,-361.0,5706.0,17100.0,54230.0,87072.0,68758.0,0.1403,0.9678,0.9793,0.8887993554,0.1345885635,114332.03234,13000.0,13500.0,12000.0,12125.0,1071,97800.0,66351.0,171770.0,216800.0,duke university,176294.93252126794,89365.73536992398,754.3620853649178,17550.464843183803,13342.458652712832,68098.882620473,30392.06812493326,12316.115679427228,5856.313005567647,117343.87801362126,100376.34278733192,70569.29015717145,-370.5098133561025,13855.630139355633,12444.408551087929,222511.15660831862,55658.57944127822
198516,Elon University,Elon,NC,4,2,17.0,0.6635,1208.0,6452,41555.0,26523.0,23514.0,24064.0,34472.0,49743.0,62266.0,46958.0,0.0993,0.8404,0.898,0.8305235138,0.0909090909,145198.80654,20500.0,18875.0,18500.0,19000.0,765,74545.0,46849.0,107869.0,87500.0,elon university,110710.59018534464,63906.27157460132,27221.694680454035,35380.09497510129,21040.03095235485,48083.14195545719,42649.682254883206,18987.345005783645,24697.917309144737,149023.77482178455,76508.73694357523,48195.013339545316,24133.428673837654,19372.223620765744,19500.516492426446,89805.01016249022,51053.37852014572
198561,Gardner-Webb University,Boiling Springs,NC,4,2,17.0,0.7721,1113.0,1856,17674.0,15304.0,14594.0,13769.0,15946.0,22438.0,47091.0,34760.0,0.3707,0.5539,0.5533,0.5099183197,0.354704413,64553.917576,24222.0,15832.0,15000.0,16750.0,1315,48039.0,33281.0,70715.0,70200.0,gardner-webb university,72577.84335589138,48331.5169549923,15707.152863162859,16366.065052012216,24860.07949892386,34157.72049391813,18139.585709849736,15395.144599284036,14131.71639916946,66254.45970218554,49304.49009366705,35675.68175140754,14978.449352130081,16249.061953057657,17191.24480253384,72049.27672464929,23029.083634582348
198598,Greensboro College,Greensboro,NC,4,2,20.0,0.7014,,708,17882.0,13877.0,14361.0,15614.0,21248.0,27075.0,35165.0,21000.0,0.4611,0.462,0.6587,0.4572230014,0.315978456,58783.655106,25607.0,16368.0,18843.0,17500.0,504,46566.0,28298.0,61078.0,63900.0,greensboro college,62686.97612233803,36091.35065558821,14242.561440284306,21807.73549637248,26281.56451692442,29043.453458035976,18353.06504829314,19339.380645620608,16025.319184881397,60332.191362087426,47792.68689401736,21553.20243899765,14739.311439354537,16799.18178673874,17961.002032498043,65583.31599295,27788.236001707686
198613,Guilford College,Greensboro,NC,4,2,21.0,0.8,1105.0,1001,22270.0,18367.0,22825.0,34680.0,49275.0,49368.0,55689.0,41362.0,0.4371,0.4581,0.6492,0.5105657805,0.2632275132,70207.704362,26000.0,14359.0,15825.0,15248.0,1023,47590.0,28375.0,67194.0,79400.0,guilford college,68964.08974695277,57156.013839301915,18850.84139033666,50573.05000864806,26684.917305425664,29122.481866978967,22856.658015070367,16241.877552244658,35593.57431354469,72057.18404245164,48843.66209866182,42451.59806103909,23426.278365243874,14737.258753407965,15649.677656658865,81491.63207887684,50668.49990516362
198695,High Point University,High Point,NC,4,2,22.0,0.7531,1288.0,5129,38707.0,32763.0,31937.0,32461.0,35508.0,41994.0,65548.0,45312.0,0.1185,0.737,0.8535,0.7039819684,0.1477869467,141922.07095,24575.0,16750.0,19500.0,19500.0,974,61389.0,41738.0,88991.0,73800.0,high point university,91335.28753565905,67274.72921292466,33626.07483375619,36443.38629542517,25222.37856849368,42837.503018994474,39726.657466965815,20013.687979069247,33316.11925582394,145660.7202736732,63006.16878702985,46505.65280551722,32778.31553782229,17191.24480253384,20013.687979069247,75744.11142847745,43100.24682015559
198756,Johnson C Smith University,Charlotte,NC,4,2,21.0,0.4521,,1244,20894.0,19940.0,21165.0,21005.0,19722.0,29050.0,34923.0,21300.0,0.6947,0.3429,0.7133,0.264781491,0.3644171779,43742.871245,30000.0,21352.0,19500.0,20686.0,523,42680.0,23443.0,59416.0,59200.0,johnson c smith university,60981.19410073735,35842.975656053095,20465.27888731491,20241.53611913865,30790.289198568073,24060.558322734378,21444.410083829378,20013.687979069247,21558.334153864078,44895.188533642584,43804.318099829514,21861.105330983333,21722.549029589776,21914.475165594184,21230.930745385973,60759.504018507665,29815.26337394675
198808,Lees-McRae College,Banner Elk,NC,4,2,22.0,0.7678,,873,28340.0,23030.0,22733.0,25905.0,28854.0,33664.0,49498.0,33250.0,0.3729,0.4208,0.6884,0.5526315789,0.401384083,61953.237726,17375.0,11000.0,12875.0,12000.0,426,43415.0,25563.0,58373.0,63000.0,lees-mcrae college,59910.71837960047,50801.92449169075,23636.678674767423,29614.10015118277,17832.70916083734,26236.405426099856,29086.55986291397,13214.165781052132,26587.41472296353,63585.27021237259,44558.680185194426,34125.90386174628,23331.8548117016,11289.772706141626,12316.115679427228,64659.60731699295,34550.80985268652
198835,Lenoir-Rhyne University,Hickory,NC,4,2,18.0,0.8459,,1359,20689.0,18669.0,18768.0,17209.0,21878.0,25866.0,44621.0,31900.0,0.392,0.4778,0.7553,0.6327272727,0.3166069295,63366.069343,26000.0,15000.0,15000.0,15104.0,824,45543.0,32368.0,65480.0,70600.0,lenoir-rhyne university,67204.93789074125,45796.44981097687,19160.79696826891,22454.33156954241,26684.917305425664,33220.66935930838,21234.00977430583,15395.144599284036,17662.33622727193,65035.32001491628,46742.73803234619,32740.340847810716,19262.404922624188,15395.144599284036,15501.884268505739,72459.81391396353,26547.38734700539
198862,Livingstone College,Salisbury,NC,4,2,22.0,0.5925,,924,13479.0,13860.0,14056.0,11028.0,14558.0,16018.0,28305.0,18296.0,0.8212,0.2819,0.7063,0.1564310545,0.3921800948,30605.35274,31125.0,26250.0,19500.0,26000.0,718,32600.0,17488.0,46579.0,49500.0,livingstone college,47806.02935267008,29050.637858848975,14225.11360973845,14941.5010050918,31944.925043514377,17948.685916818617,13834.076936916636,20013.687979069247,11318.510309393623,31411.58872962626,33458.78092911064,18777.971039233384,14426.276832502428,26941.503048747065,26684.917305425664,50803.977177637316,16439.96174608878
198899,Mars Hill University,Mars Hill,NC,4,2,22.0,0.679,,1044,19910.0,17021.0,17020.0,20628.0,21637.0,21972.0,50099.0,37736.0,0.4621,0.4487,0.6933,0.4903737259,0.3440094899,57057.520305,26000.0,18472.0,18070.0,18750.0,586,44781.0,29922.0,60021.0,61800.0,mars hill university,61602.13159957514,51418.756618635394,17469.38374829424,22206.98291298058,26684.917305425664,30710.234446651797,20434.488598116342,18546.017527270837,21171.402852935407,58560.58503813733,45960.66468670256,38730.07843990549,17468.357405320952,18958.60740253165,19243.930749105046,63427.99574905023,22550.807809031256
198950,Meredith College,Raleigh,NC,4,2,21.0,0.7418,1204.0,1188,22488.0,17207.0,19006.0,18064.0,23678.0,29117.0,57313.0,45630.0,0.3591,0.7007,0.7938,0.6607981221,0.2199488491,81757.865412,25000.0,19250.0,20500.0,21500.0,602,51539.0,34140.0,75132.0,70500.0,meredith college,77111.20026889388,58822.79482791773,17660.28354132536,24301.748921456496,25658.574332140062,35039.34910797047,23080.400783246627,21040.03095235485,18539.85946943112,83911.61067643619,52896.69050016666,46832.02987102204,19506.674550266158,19757.102235747847,22066.37392564045,72357.17961663497,29884.028353156886
198969,Methodist University,Fayetteville,NC,4,2,20.0,0.7514,1182.0,1448,24704.0,20371.0,23073.0,21328.0,27698.0,30453.0,55796.0,41250.0,0.413,0.4351,0.651,0.4725806452,0.3206865402,64453.911137,27000.0,12500.0,13000.0,12000.0,838,48050.0,32466.0,69193.0,77200.0,methodist university,71015.74935055069,57265.83253744347,20907.632708801008,28427.647674064618,27711.260278711266,33321.250970690366,25354.776812047523,13342.458652712832,21889.84293423533,66151.81879623458,49315.779866373196,42336.6476480311,23680.811422618706,12829.287166070031,12316.115679427228,79233.6775376485,31255.22256546645
199032,Montreat College,Montreat,NC,4,2,22.0,0.692,,762,27061.0,23261.0,24904.0,25075.0,25700.0,30607.0,47133.0,36450.0,0.3913,0.5031,0.5888,0.5238095238,0.3033707865,64455.289617,25813.0,16584.0,12000.0,12785.0,330,45151.0,26234.0,68021.0,90100.0,montreat college,69812.87538585997,48374.6233598703,23873.763901596398,26377.01441343998,26492.991169421257,26925.081561174495,27773.867200081688,12316.115679427228,25735.550055136482,66153.2335894964,46340.411586818234,37410.20137626021,25560.04540670464,17020.871868968432,13121.794913456428,92473.50189303278,31413.279383352434
199069,University of Mount Olive,Mount Olive,NC,4,2,20.0,0.7575,1050.0,1796,18853.0,18227.0,16066.0,20923.0,15250.0,21498.0,38569.0,27366.0,0.4471,0.5178,0.7165,0.4057259714,0.4325068871,58134.546603,27209.0,22000.0,19250.0,21021.0,1751,47139.0,32008.0,66777.0,77500.0,university of mount olive,68536.10472709268,39585.0221366524,18707.153374076675,15651.730342605437,27925.765960127956,32851.18588892556,19349.644075353463,19757.102235747847,21474.17403005466,59665.98341113344,48380.781417710015,28086.901806933794,16489.22620880649,22579.545412283253,21574.755641436648,79541.58042963418,22064.32123969388
199209,North Carolina Wesleyan University,Rocky Mount,NC,4,2,22.0,0.8023,,1214,17432.0,16114.0,14020.0,16017.0,20403.0,22379.0,49974.0,35736.0,0.4975,0.4197,0.5854,0.3734177215,0.4677060134,50548.428994,25000.0,19925.0,18833.0,19650.0,668,45873.0,30213.0,63341.0,71900.0,north carolina wesleyan university,65009.590270883346,51290.463746974696,16538.490671524196,20940.475683946148,25658.574332140062,31008.900251877905,17891.210710314623,19329.11721588775,16438.935403115494,51880.024908618114,47081.43121353044,36677.392493334286,14389.328485464146,20449.88374271563,20167.639425062087,73794.05977923481,22968.529399158495
199272,William Peace University,Raleigh,NC,3,2,22.0,0.9425,1170.0,666,21649.0,15779.0,18233.0,20429.0,23046.0,30565.0,49362.0,34176.0,0.3425,0.4481,0.7358,0.446728972,0.2936802974,53542.889362,22250.0,15553.0,13875.0,15289.0,337,46643.0,31783.0,66735.0,65700.0,william peace university,68492.99832221468,50662.34184732391,16194.66577547352,23653.100162339993,22836.131155604653,32620.2587199363,22219.299028660007,14240.508754337734,20967.160601251573,54953.36826609713,47871.71530296035,35076.297455008746,18713.31143191639,15962.712263510974,15691.757718563575,67430.73334486409,31370.17297847444
199306,Pfeiffer University,Misenheimer,NC,4,2,19.0,0.9603,,655,19076.0,16167.0,14758.0,16941.0,20005.0,24513.0,45542.0,35070.0,0.5076,0.3497,0.7231,0.5455820477,0.3333333333,61893.123209,26163.0,14750.0,17750.0,14900.0,494,51562.0,32647.0,76229.0,73400.0,pfeiffer university,78237.09851058818,46741.7116893729,16592.886849108334,20531.991180578476,26852.211210071215,33507.019048855065,19578.51855839615,18217.587775819444,17387.27631043139,63523.57210025718,52920.29638855223,35993.84807312608,15146.76959974892,15138.558855962636,15292.510301955475,75333.57423916322,25158.745304149972
199412,Queens University of Charlotte,Charlotte,NC,4,2,18.0,0.6208,1206.0,1211,30857.0,22792.0,20593.0,26435.0,30159.0,40426.0,65742.0,45846.0,0.2403,0.6131,0.7406,0.5755868545,0.2190332326,100948.78279,25000.0,20250.0,19500.0,19000.0,771,57673.0,35952.0,85122.0,81800.0,queens university of charlotte,87364.36657201705,67473.83974974208,23392.40904712545,30953.477731320483,25658.574332140062,36899.08257556398,31669.865126673834,20013.687979069247,27131.3764988049,103608.07387825105,59192.278298300545,47053.719953251726,21135.48084887041,20783.44520903345,19500.516492426446,83954.85521476228,41490.94103804376
199458,Mid-Atlantic Christian University,Elizabeth City,NC,3,2,22.0,0.6216,1000.0,132,18328.0,17512.0,16406.0,17385.0,21476.0,20004.0,33011.0,17280.0,0.3764,0.2075,0.3158,0.4,0.3504273504,59864.679245,27000.0,12625.0,6817.0,9500.0,73,38342.0,17727.0,56747.0,,mid-atlantic christian university,58241.88470503808,33880.607891131025,17973.31814817747,22041.741694281598,27711.260278711266,18193.981887433874,18810.81401437852,6996.580048887951,17842.9725905702,61441.69289110219,39352.04228171657,17735.20657837521,16838.182819723592,12957.580037730731,9750.258246213223,,20530.964837605192
199582,Saint Augustine's University,Raleigh,NC,4,2,22.0,0.338,,172,24313.0,27815.0,20801.0,23499.0,19943.0,21944.0,33179.0,16896.0,0.5054,0.25,0.0,0.2632890365,0.3453689168,32973.122137,29669.0,14000.0,12625.0,12500.0,810,35730.0,19109.0,51466.0,57500.0,saint augustine's university,52821.76746311681,34053.033510643,28547.729801939033,20468.35791623477,30450.569674410537,19612.38787651458,24953.47670949285,12957.580037730731,24118.03352923837,33841.7322125979,36671.234435494574,17341.090876633538,21348.960187313816,14368.801625998434,12829.287166070031,59014.72096392214,22522.07020577926
199607,Salem College,Winston-Salem,NC,4,2,21.0,0.7667,1082.0,423,18277.0,19074.0,16001.0,16147.0,19940.0,24027.0,48532.0,33848.0,0.552,0.5743,0.6753,0.5424354244,0.3273137698,55139.002732,26649.0,16849.0,20500.0,19500.0,389,44640.0,28027.0,60645.0,62300.0,salem college,62242.56961490536,49810.477179496855,19576.465872449582,20465.27888731491,27351.013895088017,28765.314512275578,18758.470522740954,21040.03095235485,16572.359989642624,56591.52800796383,45815.95032746929,34739.65695977107,16422.513915542924,17292.852756889115,20013.687979069247,63941.16723569303,24659.94261913317
199643,Shaw University,Raleigh,NC,4,2,22.0,0.8016,,875,16512.0,16236.0,16276.0,21145.0,,24966.0,30861.0,17538.0,0.6643,0.2179,0.5165,0.1703896104,0.4005474453,29945.140195,32500.0,21347.0,13438.0,19500.0,1141,34409.0,18004.0,49938.0,54900.0,shaw university,51253.51539993641,31673.970498566978,16663.704514265042,,33356.14663178208,18478.278891033988,16946.975174891868,13791.996875011926,21702.022170124063,30733.984223190506,35315.435367784296,18000.003065482895,16704.758233196466,21909.343450727756,20013.687979069247,56346.22923337957,25623.67867104835
199847,Wake Forest University,Winston-Salem,NC,4,2,16.0,0.2167,1475.0,5485,28719.0,6525.0,6331.0,7647.0,12771.0,58081.0,87499.0,67642.0,0.1009,0.8915,0.9256,0.8817086528,0.1196808511,132533.20213,21500.0,18371.0,20500.0,19000.0,759,78158.0,53216.0,126384.0,144400.0,wake forest university,129713.33033572757,89803.98381951693,6696.887900688555,13107.42611183043,22066.37392564045,54617.86766636662,29475.543849789217,21040.03095235485,7848.444716715002,136024.52073316593,80216.91410605611,69423.89139898472,6497.777363871149,18854.946762229803,19500.516492426446,148203.92534244098,59611.026231401076
199865,Warren Wilson College,Swannanoa,NC,4,2,21.0,0.7134,1350.0,707,21249.0,13566.0,17514.0,21046.0,25834.0,27982.0,56966.0,41500.0,0.396,0.42,0.7092,0.6592039801,0.2040133779,66956.875433,25000.0,11000.0,9353.0,8750.0,263,36260.0,16552.0,53465.0,49100.0,warren wilson college,54873.427066714736,58466.65381618763,13923.368775592482,26514.544371860255,25658.574332140062,16988.02889382329,21808.761839345767,9599.38582914024,21600.41421576879,68720.71861381893,37215.19621133594,42593.2333913525,17975.37083412404,11289.772706141626,8980.501016249022,50393.43998832308,28719.129078477727
199962,Wingate University,Wingate,NC,4,2,17.0,0.9113,1111.0,2668,20748.0,18772.0,18092.0,18865.0,21651.0,24759.0,57473.0,41636.0,0.4424,0.4635,0.7048,0.6035578145,0.2878645343,70341.620493,25000.0,10500.0,12845.0,12000.0,681,52649.0,37780.0,77053.0,75100.0,wingate university,79082.80512057552,58987.00970364343,19266.510294517328,22221.35171460658,25658.574332140062,38775.23753073006,21294.56400972968,13183.375491853563,19361.96019103289,72194.62792251307,54035.93120051368,42732.81603571934,18568.59707268312,10776.601219498825,12316.115679427228,77078.35729374875,25411.22567557823
200156,University of Jamestown,Jamestown,ND,4,2,20.0,0.8808,,1041,19567.0,14788.0,14826.0,18260.0,20408.0,21448.0,38013.0,24990.0,0.2552,0.4904,0.6735,0.7509803922,0.2822966507,89041.334158,27000.0,14635.0,15000.0,15000.0,368,56621.0,39508.0,77491.0,77200.0,university of jamestown,79532.34334287462,39014.3754435056,15177.55988894749,20945.607398812575,27711.260278711266,40548.75818856758,20082.452958279384,15395.144599284036,18741.0226921951,91386.94764503858,58112.56549040409,25648.310902407204,15216.560921932341,15020.529414034792,15395.144599284036,79233.6775376485,22013.0040910296
200217,University of Mary,Bismarck,ND,4,2,17.0,0.753,1159.0,2416,17770.0,11593.0,12282.0,13087.0,16001.0,20063.0,33672.0,22356.0,0.209,0.666,0.8354,0.7587301587,0.1786833856,96756.395046,24000.0,19359.0,18760.0,18550.0,945,60909.0,41795.0,83018.0,86600.0,university of mary,85204.94095622415,34559.02059647281,11898.394089299989,16422.513915542924,24632.231358854457,42896.004568471755,18238.114635285154,19254.1941788379,13431.750491388679,99305.24617590797,62513.52415985276,22944.92351077293,12605.54439789377,19868.97361983598,19038.662154447924,88881.30148653316,20591.51907302904
200484,Trinity Bible College and Graduate School,Ellendale,ND,4,2,24.0,0.2575,,141,19359.0,19123.0,19825.0,16755.0,22294.0,23003.0,31544.0,19700.0,0.6181,0.4595,0.6286,0.5674157303,0.3193277311,61092.67619,22531.0,12031.0,16447.0,16474.0,169,35604.0,21765.0,53422.0,57300.0,trinity bible college and graduate school,54829.29431886345,32374.962749321043,19626.756678140577,22881.29024642922,23124.53353109791,22338.354813561138,19868.97361983598,16880.262881628303,17196.37651740027,62702.03892681913,36541.91522086059,20218.95657372637,20347.249445387068,12347.932311599083,16907.974141907016,58809.45236926502,23608.967414488714
200527,Turtle Mountain College,Belcourt,ND,4,2,33.0,,,543,3428.0,3067.0,4921.0,2500.0,4737.0,12020.0,13655.0,2794.0,0.583,0.4341,1.0,,0.3467153285,25566.844595,,,,,292,32079.0,14148.0,48454.0,46200.0,turtle mountain college,49730.42242758058,14014.7133002149,3147.7938990669427,4861.786664453899,,14520.700386044704,3518.303712423045,,2565.857433214006,26240.35129916323,32924.05624002884,2867.602267359973,5050.63377153845,,,47417.04536579483,12336.642538892942
200554,United Tribes Technical College,Bismarck,ND,3,2,33.0,,,569,3569.0,3571.0,4061.0,2284.0,7049.0,,14309.0,4632.0,0.7823,0.2133,,0.1653225806,0.3468013468,25786.568182,,,,,351,25292.0,9672.0,42984.0,49000.0,united tribes technical college,44116.32636370834,14685.941604743684,3665.0707576028863,7234.691618690212,,9926.789237618346,3663.018071656315,,2344.167350984316,26465.863058745792,25958.26648033946,4754.020652258911,4167.978814512831,,,50290.805690994515,
200785,Herzing University-Akron,Akron,OH,3,2,23.0,0.9457,,391,18934.0,18120.0,18858.0,17716.0,23322.0,25700.0,27417.0,13450.0,0.7638,0.1892,0.25,0.3041105434,0.5209032652,42942.389088,21500.0,10662.0,15250.0,11350.0,8016,36909.0,19077.0,56514.0,77200.0,herzing university-akron,58002.74679226254,28139.24529857136,18597.334675935115,23936.37082296682,22066.37392564045,19579.544901369438,19432.777856189598,15651.730342605437,18182.69211472773,44073.619296565135,37881.2928009983,13804.312990691353,19354.77579021989,10942.868781171093,11648.992746791588,79233.6775376485,26377.01441343998
201061,Art Academy of Cincinnati,Cincinnati,OH,4,2,30.0,0.3449,,205,34253.0,33835.0,26702.0,34052.0,41927.0,36786.0,53879.0,41375.0,0.5059,0.4127,0.5088,0.5050505051,0.3076923077,69497.109244,27000.0,9500.0,14000.0,9500.0,84,34368.0,15599.0,51408.0,,art academy of cincinnati,52762.23957066625,55298.33305765497,34726.31450111836,43031.48184094545,27711.260278711266,16009.924040282112,35155.32586395174,14368.801625998434,34949.030926321335,71327.8697362413,35273.35530587958,42464.9405196918,27405.410072672155,9750.258246213223,9750.258246213223,,37755.05261528417
201104,Ashland University,Ashland,OH,4,2,18.0,0.764,1120.0,2199,21988.0,16489.0,17893.0,19052.0,24229.0,26507.0,43434.0,31210.0,0.2885,0.6063,0.7652,0.6762738034,0.4089443997,77502.348743,25000.0,18750.0,20250.0,20000.0,1690,52928.0,38053.0,72499.0,66800.0,ashland university,74408.83922023288,44578.180701686855,16923.3692865063,24867.26389973686,25658.574332140062,39055.42916243703,22567.229296603826,20783.44520903345,19553.886327037297,79543.99104550829,54322.28089006036,32032.16419624365,18364.354820999284,19243.930749105046,20526.85946571205,68559.71061547824,27205.273192881465
201177,Aultman College of Nursing and Health Sciences,Canton,OH,3,2,26.0,0.4588,1020.0,280,24204.0,21580.0,22068.0,26346.0,26343.0,25133.0,28979.0,20230.0,0.3693,0.5333,0.7222,0.5622641509,0.5240174672,69322.87619,20000.0,16012.0,12000.0,13531.0,207,63582.0,42874.0,83205.0,,aultman college of nursing and health sciences,85396.86709222855,29742.393022843473,22148.4813635033,27036.952945262623,20526.85946571205,44003.42863664692,24841.605325404722,12316.115679427228,27040.031974182482,71149.0468655543,65256.938927445175,20762.918349567735,22649.336734466673,16433.803688249067,13887.446771527486,,25795.077947587044
201195,Baldwin Wallace University,Berea,OH,4,2,18.0,0.757,1194.0,2842,27603.0,21296.0,20381.0,22994.0,27597.0,31288.0,55606.0,39832.0,0.2916,0.6677,0.8384,0.6657488987,0.3180887372,80408.096847,27000.0,25000.0,23195.0,24138.0,1303,54122.0,37859.0,73747.0,79000.0,baldwin wallace university,75689.71525089332,57070.827372519205,21856.99995909019,28323.98703376277,27711.260278711266,38856.31862561962,28330.145091602484,23806.02526535955,23599.730327729143,82526.28519418665,55547.734400163376,40881.293311912115,20917.896138533863,25658.574332140062,24773.86668916787,81081.09488956259,32112.218948159927
201371,Bluffton University,Bluffton,OH,4,2,22.0,0.6723,976.0,582,19943.0,16363.0,16689.0,18469.0,21233.0,26321.0,51862.0,37362.0,0.4468,0.5294,0.5957,0.6442748092,0.3272311213,71727.64604,27000.0,12656.0,21826.0,19500.0,502,49547.0,37115.0,65380.0,70900.0,bluffton university,67102.30359341268,53228.19928053791,16794.050071872312,21792.340351773197,27711.260278711266,38092.719453495134,20468.35791623477,22400.96173493156,18955.528373611793,73617.16550347087,50852.21529738174,38346.226167896675,17128.63788116342,12989.396669902584,20013.687979069247,72767.71680594921,27014.37339985034
201469,Bryant & Stratton College-Parma,Parma,OH,3,2,14.0,,,624,12849.0,12920.0,,8480.0,,15518.0,23917.0,19580.0,0.7204,0.1882,,0.1873163434,0.5378553335,33855.179152,21549.0,9500.0,9694.0,9500.0,10262,32568.0,15518.0,48170.0,46900.0,bryant & stratton college-parma,49438.94102316747,24547.044892071754,13260.351214849983,,22116.664731331446,15926.79025944598,13187.480863746705,9949.36878303063,8703.38841346191,34747.02523198042,33425.9379539655,20095.795416932095,,9750.258246213223,9750.258246213223,48135.485447094754,15926.79025944598
201548,Capital University,Columbus,OH,4,2,18.0,0.7022,1068.0,1585,22576.0,19062.0,18574.0,20331.0,23348.0,27299.0,57130.0,43234.0,0.3389,0.6027,0.7554,0.6276378489,0.275147929,85994.664049,26889.0,23000.0,21354.0,21479.0,1169,54143.0,38452.0,74851.0,76000.0,capital university,76822.79789340062,58634.97406380647,19564.14975677015,23963.055740272244,27597.336208676563,39464.94000877799,23170.71896489576,21916.527851540755,20866.578989869584,88260.01918674716,55569.28760260237,44372.91210702973,19063.29438580678,23605.888385568855,22044.820723201454,78002.06596970579,28018.13682772366
201645,Case Western Reserve University,Cleveland,OH,4,2,15.0,0.3654,1513.0,6437,41190.0,19025.0,18506.0,20849.0,26159.0,53061.0,85851.0,66608.0,0.1752,0.8717,0.9214,0.8510473235,0.1085126286,112202.86372,24000.0,20875.0,21250.0,21500.0,826,87989.0,58275.0,121871.0,137800.0,case western reserve university,125081.44449728966,88112.57059954225,19526.175066758587,26848.105838178075,24632.231358854457,59810.13676821848,42275.067069633966,21809.78818231905,21398.224650031523,115158.62076154404,90306.89187642687,68362.65276460741,18993.503063623357,21424.909567336952,22066.37392564045,141430.061718756,54458.78450550735
201654,Cedarville University,Cedarville,OH,4,2,19.0,0.6529,1241.0,4024,24468.0,18987.0,17762.0,19743.0,23426.0,28127.0,49320.0,37150.0,0.1522,0.7253,0.8958,0.8684719536,0.1265597148,89417.416742,20937.0,15000.0,17250.0,18266.0,916,55443.0,36255.0,84481.0,82800.0,cedarville university,86706.48072614097,50619.23544244591,19487.174033773732,24043.110492188523,21488.542831680657,37210.06449646952,25112.55987035212,17704.416289176643,20263.08932157765,91772.93736250208,56903.533467873654,38128.64145756013,18229.90389149887,15395.144599284036,18747.180750034815,84981.19818804789,28867.94880960414
201821,The Christ College of Nursing and Health Sciences,Cincinnati,OH,3,2,26.0,0.5894,1090.0,713,18378.0,17255.0,15801.0,12650.0,21245.0,22283.0,28094.0,16836.0,0.349,0.5571,0.6912,0.5731707317,0.3959899749,77445.547414,24250.0,18491.0,19500.0,19500.0,215,68303.0,45516.0,83682.0,70700.0,the christ college of nursing and health sciences,85886.43269048579,28834.079491485714,17709.54800404307,21804.656467452623,24888.817102175857,46715.02677206748,18862.131163042803,20013.687979069247,12983.23861206287,79485.69340061586,70102.3041043265,17279.510298236404,16217.245320885804,18978.107919024074,20013.687979069247,72562.4482112921,22870.000473723077
201964,Ohio Christian University,Circleville,OH,4,2,19.0,0.3797,,862,20607.0,22113.0,22338.0,15292.0,22034.0,20159.0,35017.0,24600.0,0.3366,0.3394,0.6237,0.2815442561,0.5474074074,52530.902054,29579.0,21698.0,21536.0,21996.0,1144,39813.0,20610.0,59342.0,71100.0,ohio christian university,60905.24472071422,35939.45189554194,22695.522168264528,22614.441073374965,30358.198806814835,21152.928679416265,21149.84965049641,22103.322272678735,15694.836747483432,53914.72220347712,40861.792795419686,25248.03714282582,22926.449337253787,22269.589834351,22575.440040390113,72972.98540060633,20690.04799846446
202046,Cleveland Institute of Art,Cleveland,OH,3,2,30.0,0.6135,1193.0,539,29208.0,23423.0,24992.0,26654.0,30518.0,37436.0,64587.0,49400.0,0.4223,0.5771,0.878,0.5964285714,0.2671232877,72522.284698,27000.0,26625.0,25000.0,26500.0,210,42509.0,27642.0,62028.0,85800.0,cleveland institute of art,63662.001946959346,66288.41361559721,24040.031463268664,31321.934858730016,27711.260278711266,28370.172467560624,29977.425563725876,25658.574332140062,27356.14560995445,74432.73730641027,43628.81345139768,50701.34288030876,25650.363588353775,27326.381663729164,27198.088792068465,88060.22710790469,38422.17554791981
202073,Cleveland Institute of Music,Cleveland,OH,4,2,30.0,0.4731,,159,28226.0,23782.0,29767.0,16884.0,21212.0,32629.0,61212.0,52880.0,0.1371,0.7213,0.9024,0.6444444444,,,24968.0,,13087.0,,74,32641.0,,62372.0,,cleveland institute of music,64015.063929769596,62824.50608075829,24408.488590678196,21770.7871493342,25625.731356994922,,28969.556763959416,13431.750491388679,17328.77476095411,,33500.86099101535,54273.016427342656,30551.151285792526,,,,33488.54487533592
202170,Columbus College of Art & Design,Columbus,OH,4,2,30.0,0.6766,,882,29439.0,24204.0,27218.0,27534.0,29717.0,33114.0,54443.0,40825.0,0.3919,0.556,0.8032,0.588410104,0.2456140351,76393.617778,27000.0,21414.0,19500.0,20500.0,551,40664.0,21400.0,64027.0,73700.0,columbus college of art & design,65713.66155055727,55877.19049458805,24841.605325404722,30499.834137128248,27711.260278711266,21963.73962831189,30214.51079055485,20013.687979069247,28259.327426445776,78406.05281031638,41735.210665685736,41900.45188438472,27935.003046887527,21978.10842993789,21040.03095235485,75641.4771311489,33986.32121737944
202480,University of Dayton,Dayton,OH,4,2,16.0,0.6545,1335.0,7682,29533.0,21736.0,21595.0,24155.0,26871.0,33731.0,65881.0,49140.0,0.1581,0.8018,0.8906,0.8415124698,0.1024121879,136909.5364,23250.0,16276.0,19500.0,19337.0,2060,75537.0,50541.0,102329.0,95600.0,university of dayton,105024.65011334242,67616.50142302878,22308.590867335854,27578.86203515742,23862.474128890255,51872.40021282763,30310.987030043696,20013.687979069247,24791.314519713727,140516.14065992943,77526.86917307455,50434.4937072545,22163.876508102585,16704.758233196466,19846.394074423693,98118.3882461036,34619.57483189666
202514,Defiance College,Defiance,OH,4,2,22.0,0.4755,,499,26337.0,27196.0,26105.0,25884.0,24554.0,26637.0,53667.0,29320.0,0.4978,0.3057,0.5565,0.5283018868,0.3553719008,69627.82622,26813.0,8000.0,14875.0,11000.0,512,49351.0,34642.0,67145.0,69100.0,defiance college,68913.79894126178,55080.748347318426,27912.423501475245,25200.825366054683,27519.33414270686,35554.57328055984,27030.79488742291,15266.851727623336,26565.861520524533,71462.03018604802,50651.052074617764,30092.375976733863,26792.683317620653,8210.74378628482,11289.772706141626,70920.29945403512,27338.69777940859
202523,Denison University,Granville,OH,3,2,21.0,0.1739,1410.0,2380,40007.0,16656.0,13086.0,17827.0,20839.0,48472.0,81900.0,67000.0,0.1255,0.789,0.8852,0.801056338,0.1712328767,,26000.0,19500.0,22061.0,21500.0,466,67753.0,44066.0,96126.0,98000.0,denison university,98658.24465005181,84057.48951209083,17094.768563044992,21387.96122029867,26684.917305425664,45226.829460803354,41060.903332237096,22642.152333653674,18296.616184762435,,69537.81546901942,68764.97921013537,13430.724148415393,20013.687979069247,22066.37392564045,100581.61138198903,49748.89660109972
202763,The University of Findlay,Findlay,OH,4,2,17.0,0.8337,,2223,27221.0,22052.0,22908.0,24481.0,28486.0,28963.0,54580.0,41164.0,0.1469,0.5786,0.7374,0.7071942446,0.2931174089,82632.749331,25439.0,15331.0,20000.0,19000.0,1219,56996.0,38423.0,83667.0,84700.0,the university of findlay,85871.0375458865,56017.79948192818,22632.915246894103,29236.40593701367,26109.13889741244,39435.1760625527,27938.082075807382,20526.85946571205,25125.90232900483,84809.54163914241,58497.444105386196,42248.38215232854,23511.46483202658,15734.86412344157,19500.516492426446,86931.24983729052,29725.971535270903
202806,Franklin University,Columbus,OH,4,2,18.0,,,5562,25243.0,24968.0,25876.0,24690.0,25389.0,29964.0,30696.0,9577.0,0.3718,0.1111,0.359,0.40040877,0.503413746,59911.059459,20836.0,15623.0,12500.0,14586.0,4422,51892.0,30415.0,78104.0,90700.0,franklin university,80161.49158549869,31504.623907974852,25625.731356994922,26057.82174874816,21384.882191378812,31216.2215324816,25907.975674648464,12829.287166070031,25340.408010421525,61489.29489784057,53258.98956973648,9829.286655156215,26557.65077673825,16034.556271640966,14970.238608343798,93089.30767700414,30753.340851529792
202903,Gods Bible School and College,Cincinnati,OH,4,2,22.0,0.7532,,281,9329.0,7801.0,10728.0,10542.0,8808.0,,18358.0,7710.0,0.3669,0.4048,0.8095,0.6164383562,0.35,47565.556962,4522.0,8700.0,5500.0,,105,37722.0,20124.0,53961.0,,gods bible school and college,55382.49318146439,18841.60430357709,8006.501534600984,9040.028908699585,4641.122925197494,20654.125994399463,9574.753597781386,5644.886353070813,10819.70762437682,48818.575158364765,38715.70963827949,7913.104324031995,11010.607417407942,8929.183867584741,,,
202912,Good Samaritan College of Nursing and Health Science,Cincinnati,OH,3,2,26.0,0.4574,,690,19622.0,17891.0,14532.0,13724.0,23704.0,24269.0,26627.0,15470.0,0.5098,0.7273,,0.6,0.4568965517,84251.170543,20625.0,18862.0,14750.0,17500.0,162,66111.0,41873.0,89694.0,71000.0,good samaritan college of nursing and health science,92056.80664587882,27328.434349675736,18362.302135052712,24328.43383876192,21168.32382401555,42976.05932038803,20138.90182181009,15138.558855962636,14085.530965371609,86470.59687789499,67852.56030688446,15877.525796728269,14914.816087786374,19358.881162113033,17961.002032498043,72870.35110327778,24908.317618668287
203085,Heidelberg University,Tiffin,OH,4,2,20.0,0.8579,,915,20556.0,18217.0,15974.0,14556.0,21376.0,26286.0,47025.0,33650.0,0.366,0.5198,0.7413,0.642287234,0.3218390805,76271.391304,27000.0,15750.0,21500.0,20000.0,625,48466.0,35319.0,70735.0,68700.0,heidelberg university,72598.37021535709,48263.77831875545,18696.88994434382,21939.107396953037,27711.260278711266,36249.407473474195,21097.506158858843,22066.37392564045,14939.44831914523,78280.60652757701,49742.738543260006,34536.44105106052,16394.80265526421,16164.901829248238,20526.85946571205,70509.76226472089,26978.451395785345
203128,Hiram College,Hiram,OH,4,2,22.0,0.9353,,777,21058.0,16550.0,16382.0,18515.0,22236.0,26698.0,40572.0,27600.0,0.3174,0.5451,0.7186,0.5666199158,0.3757961783,62679.749367,27000.0,15480.0,24000.0,19500.0,522,54311.0,36173.0,74254.0,82700.0,hiram college,76210.07113834913,41640.78711214346,16985.97620787672,22821.762353978655,27711.260278711266,37125.904372660094,21612.730331448216,24632.231358854457,19002.740150382928,64330.92033012313,55741.713222114355,28327.06606268263,16813.55058836474,15887.789226461126,20013.687979069247,84878.56389071932,27401.304700779012
203368,John Carroll University,University Heights,OH,4,2,18.0,0.809,1298.0,2274,28746.0,19945.0,19485.0,24900.0,29477.0,34240.0,65827.0,50500.0,0.2059,0.7855,0.8288,0.7476489028,0.1859861592,116519.29485,26000.0,23000.0,22043.0,21250.0,965,62860.0,43612.0,93077.0,96700.0,john carroll university,95528.92492450401,67561.07890247134,20470.41060218134,30253.511823539702,26684.917305425664,44760.86975093169,29503.255110067927,22623.678160134536,25555.9400348115,119588.75952149079,64515.91930073297,51830.320150922926,19998.292834469965,23605.888385568855,21809.78818231905,99247.36551671775,35141.983405299026
203535,Kenyon College,Gambier,OH,3,2,21.0,0.3103,1429.0,1732,38512.0,18242.0,26319.0,19156.0,23757.0,51432.0,87590.0,71520.0,0.0952,0.8234,0.9163,0.8681672026,,,18527.0,14394.0,14500.0,17008.0,231,71830.0,40485.0,104986.0,91300.0,kenyon college,107751.64339336226,89897.38103008592,18722.548518675958,24382.830016346055,19015.056266062355,41551.49527346761,39526.520587175124,14881.973112641235,19660.625996259,,73722.21577110482,73404.04944938628,27012.32071390377,14773.180757472961,17456.041289641526,93705.1134609755,52786.8718020251
203544,Kettering College,Kettering,OH,4,2,26.0,0.7654,1050.0,549,21650.0,16000.0,15162.0,22231.0,26714.0,26172.0,32839.0,16320.0,0.241,0.6512,0.7353,0.5800376648,0.4026845638,77168.416149,23500.0,19456.0,18500.0,18750.0,408,67492.0,42545.0,86850.0,109200.0,kettering college,89137.88722985458,33704.0768997259,16421.48757256964,27417.726188351582,24119.059872211656,43665.76179843595,22220.32537163329,18987.345005783645,22816.630639112227,79201.26167410535,69269.93995299187,16749.917324021033,15561.412160956304,19968.52888824468,19243.930749105046,112076.65268278778,26861.448296830786
203580,Lake Erie College,Painesville,OH,4,2,20.0,0.7036,,852,20961.0,20195.0,19575.0,18548.0,23205.0,22370.0,50790.0,37634.0,0.3723,0.3795,0.5936,0.6378676471,0.327014218,73169.580645,26000.0,12500.0,14125.0,13729.0,465,50417.0,34818.0,69879.0,61100.0,lake erie college,71719.82063022461,52127.95961317575,20726.99634550274,23816.288695092404,26684.917305425664,35735.20964385811,21513.17506303951,14497.094497659135,19036.609468501352,75097.08495324996,51745.133684140215,38625.391456630365,20090.663702065667,12829.287166070031,14090.662680238036,62709.555667750305,22959.292312398928
203757,Lourdes University,Sylvania,OH,4,2,20.0,0.7413,,543,23206.0,22220.0,22184.0,23192.0,27236.0,21394.0,45378.0,29500.0,0.2999,0.3246,0.8712,0.3479685452,0.3360488798,73094.372549,27000.0,19750.0,19355.0,19500.0,1040,48150.0,29161.0,73342.0,73800.0,lourdes university,75274.04634671265,46573.391441754065,22805.340866406084,27953.47722040667,27711.260278711266,29929.187443981453,23817.31503806569,19864.868247942835,23802.946236439693,75019.89565238619,49418.41416370176,30277.11771192527,22768.392519367804,20270.273722390648,20013.687979069247,75744.11142847745,21957.58157047218
203775,Malone University,Canton,OH,4,2,19.0,0.7586,1081.0,798,20948.0,13290.0,17253.0,17667.0,24502.0,24613.0,49754.0,37160.0,0.3252,0.4498,0.7558,0.6322834646,0.3270893372,74531.907018,26289.0,18750.0,21500.0,21237.0,1017,48909.0,32520.0,71871.0,82800.0,malone university,73764.29583300953,51064.668292851864,13640.098114965656,25147.45553144383,26981.5304247052,33376.67349124779,21499.8326043868,22066.37392564045,18132.401309036737,76495.29905350017,50197.408480425525,38138.904887292985,17707.4953180965,19243.930749105046,21796.44572366634,84981.19818804789,25261.379601478533
203845,Marietta College,Marietta,OH,4,2,22.0,0.7931,1088.0,952,21083.0,18254.0,17191.0,18547.0,20084.0,25570.0,53709.0,39652.0,0.3355,0.6138,0.6943,0.7050938338,0.2596153846,83892.414458,27000.0,13000.0,12000.0,12000.0,530,57180.0,38070.0,87422.0,95700.0,marietta college,89724.95541057394,55123.85475219642,18734.86463435539,20613.07227546804,27711.260278711266,39072.876992982885,21638.388905780357,12316.115679427228,19035.58312552807,86102.39009093177,58686.29121247074,40696.55157672071,17643.86205375279,13342.458652712832,12316.115679427228,98221.02254343215,26243.589826912856
203960,Mercy College of Ohio,Toledo,OH,4,2,26.0,0.9322,947.0,939,17989.0,19867.0,13037.0,11567.0,21291.0,19735.0,30260.0,19470.0,0.3273,0.5581,0.8667,0.5430232558,0.4932680539,68286.489744,20834.0,14332.0,16664.0,14757.0,668,65409.0,40535.0,84912.0,77400.0,mercy college of ohio,87148.83454762708,31057.138371622328,20390.355850265063,21851.868244223762,21382.82950543224,41602.812422131894,18462.8837464347,17102.97930683128,11871.709171994564,70085.35891909376,67132.06753963797,19982.89768987068,13380.433342724398,14709.547493129254,15145.743256775635,79438.94613230563,20254.878577791365
204176,Mount Carmel College of Nursing,Columbus,OH,4,2,26.0,0.8429,,532,10420.0,6312.0,7184.0,14438.0,17556.0,16383.0,21446.0,22080.0,0.327,0.5385,0.8077,0.7918367347,0.39408867,85326.927007,22082.0,21931.0,18250.0,21000.0,364,75103.0,50015.0,95125.0,84300.0,mount carmel college of nursing,97630.87533379294,22010.95140508303,6478.276847378723,18018.477239002037,22663.70553609267,51332.5438088794,10694.493781635978,18730.759262462245,14818.339848297528,87574.69196568796,77081.4363226686,22661.6528501461,7373.247920083768,22508.727747126548,21553.20243899765,86520.71264797628,16814.576931338026
204185,University of Mount Union,Alliance,OH,4,2,20.0,0.782,1088.0,1995,23280.0,16786.0,19428.0,17741.0,23474.0,26495.0,49276.0,36600.0,0.2782,0.5865,0.7668,0.7211191336,0.2249240122,83213.320551,27000.0,18500.0,22500.0,19500.0,869,53217.0,35488.0,75993.0,76700.0,university of mount union,77994.88156889279,50574.07635162135,17228.193149572122,24092.37495490623,27711.260278711266,36422.85943595946,23893.264418088824,23092.716898926054,18208.350689059873,85405.40683128126,54618.89400933991,37564.15282225305,19939.791284992683,18987.345005783645,20013.687979069247,78720.50605100571,27192.957077202038
204194,Mount Vernon Nazarene University,Mount Vernon,OH,4,2,19.0,0.8415,1131.0,1358,22421.0,22358.0,20508.0,18116.0,21486.0,26271.0,49858.0,37158.0,0.3029,0.6811,0.7941,0.6150662252,0.3759398496,74165.443609,25000.0,17319.0,20500.0,19577.0,890,49555.0,32952.0,71693.0,78400.0,mount vernon nazarene university,73581.6067837647,51171.407962073565,22946.976196719497,22052.005124014453,25658.574332140062,33820.05365570717,23011.63580403649,21040.03095235485,18593.22930404197,76119.18190870673,50860.42604116803,38136.85220134642,21048.241696141133,17775.233954333347,20092.71638801224,80465.28910559123,26963.056251186063
204200,Mount St. Joseph University,Cincinnati,OH,4,2,17.0,0.5912,1183.0,1129,16530.0,11689.0,12602.0,13817.0,18092.0,21682.0,46719.0,38150.0,0.3031,0.5633,0.6873,0.5870901639,0.3781388479,72437.303411,26827.0,21929.0,17500.0,19000.0,885,51509.0,35014.0,72607.0,72400.0,mount st. joseph university,74519.68426134773,47949.71736893006,11996.923014735406,18568.59707268312,27533.702944332857,35936.372866622085,16965.44934841101,17961.002032498043,14180.980861887168,74345.51735963704,52865.900210968095,39154.98443084573,12933.974149345162,22506.675061179976,19500.516492426446,74307.23126587762,22253.16834677843
204264,Muskingum University,New Concord,OH,4,2,20.0,0.8184,1017.0,1376,19532.0,14684.0,14479.0,16336.0,21372.0,23493.0,44658.0,32665.0,0.3911,0.5637,0.7346,0.6564593301,0.3565107459,66796.500741,25369.0,15750.0,17115.0,16750.0,805,48440.0,35354.0,65242.0,66800.0,muskingum university,66960.66826309927,45834.42450098843,15070.820219725785,21935.002025059894,26037.294889282446,36285.32947753919,20046.530954214388,17565.859987783086,16766.3388115936,68556.11917559188,49716.053625954584,33525.4932223742,14860.419910202238,16164.901829248238,17191.24480253384,68559.71061547824,24111.875471398656
204486,University of Northwestern Ohio,Lima,OH,4,2,23.0,,,2494,21807.0,16009.0,16997.0,20391.0,24031.0,25190.0,26266.0,13875.0,0.3394,0.5402,0.6132,0.5405626878,0.4414168937,61621.75976,17084.0,12000.0,12000.0,12000.0,3032,50968.0,33222.0,69979.0,62200.0,university of northwestern ohio,71822.45492755318,26957.92453631963,16430.724659329207,24664.047991026313,17534.043355611233,34097.16625849428,22381.461218439134,12316.115679427228,20928.159568266718,63245.06013116949,52310.648662420586,14240.508754337734,17444.751516935383,12316.115679427228,12316.115679427228,63838.53293836447,25853.579497064326
204501,Oberlin College,Oberlin,OH,4,2,21.0,0.3418,1447.0,2887,38645.0,18774.0,15799.0,22123.0,29207.0,48731.0,87404.0,67366.0,0.0964,0.8089,0.91,0.8158253752,0.0886699507,,26000.0,14878.0,19500.0,19325.0,416,58343.0,32470.0,85039.0,77000.0,oberlin college,87279.18010523435,89706.48123705479,19268.5629804639,29976.39922075259,26684.917305425664,33325.35634258351,39663.0242026221,20013.687979069247,22705.785597997383,,59879.9280904019,69140.62073835789,16215.192634939232,15269.930756543194,19834.077958744267,79028.40894299139,50014.71943118069
204617,Ohio Dominican University,Columbus,OH,4,2,19.0,0.9423,,760,20079.0,16997.0,17459.0,19572.0,21907.0,22999.0,47621.0,35720.0,0.3691,0.4102,0.6396,0.4806991988,0.3791469194,79216.067061,26000.0,12250.0,19371.0,16750.0,849,51748.0,34634.0,73468.0,72300.0,ohio dominican university,75403.36556134664,48875.478730833674,17444.751516935383,22484.09551576769,26684.917305425664,35546.36253677355,20607.94056060161,19881.289735515405,20087.58467314581,81302.85379937841,53111.19618158336,36660.97100576172,17918.921970593332,12572.701422748629,17191.24480253384,74204.59696854906,23604.86204259557
204635,Ohio Northern University,Ada,OH,4,2,22.0,0.744,1252.0,2489,24478.0,18525.0,19223.0,22336.0,25605.0,27710.0,53580.0,39800.0,0.206,0.7548,0.8433,0.8451290591,0.2356756757,88454.335171,27000.0,25000.0,23562.0,25000.0,923,80928.0,51102.0,123378.0,130600.0,ohio northern university,126628.14335803105,54991.45650864258,19013.003580115786,26279.51183097785,27711.260278711266,52448.17862084085,25122.823300084976,24182.693136555365,22924.396651307216,90784.48535940537,83059.88414205723,40848.450336766975,19729.390975469134,25658.574332140062,25658.574332140062,134040.39231109968,28439.963789744044
204909,Ohio Wesleyan University,Delaware,OH,3,2,21.0,0.556,,1516,20897.0,15412.0,10706.0,13339.0,18031.0,30036.0,68424.0,53888.0,0.2817,0.5857,0.8474,0.7687776141,0.2150537634,88017.855244,27000.0,21000.0,21500.0,23250.0,440,55624.0,36230.0,77702.0,85900.0,ohio wesleyan university,79748.90171023789,70226.49160409406,15817.997904277705,18505.990151312697,27711.260278711266,37184.405922137375,21447.489112749234,22066.37392564045,13690.388920656651,90336.50725334873,57089.30154603835,55307.570144414545,10988.027871995659,21553.20243899765,23862.474128890255,88162.86140523324,30827.237545606353
204936,Otterbein University,Westerville,OH,4,2,19.0,0.8453,1220.0,2157,19237.0,12458.0,12659.0,16478.0,23061.0,24620.0,48321.0,35548.0,0.3063,0.6788,0.7992,0.6993006993,0.2612440191,88270.834497,26000.0,19000.0,21250.0,21125.0,1021,53313.0,36344.0,77271.0,80200.0,otterbein university,79306.54788875178,49593.9188121336,12786.180761192036,23668.495306939276,26684.917305425664,37301.40902109193,19743.759777095132,21809.78818231905,16912.079513800156,90596.15073205231,54717.42293477532,36484.440014356594,12992.475698822442,19500.516492426446,21681.495310658353,82312.70645750531,25268.564002291532
205203,University of Rio Grande,Rio Grande,OH,4,2,23.0,,,1400,23686.0,21776.0,22733.0,24432.0,27008.0,25788.0,33716.0,20560.0,0.3363,0.3602,0.5625,0.3235445647,0.5242451967,50206.887943,17750.0,10250.0,13250.0,11750.0,1362,41478.0,22364.0,62423.0,65400.0,university of rio grande,64067.40742140716,34604.17968729737,22349.644586267277,27719.47102249755,18217.587775819444,22953.134254559212,24309.95966524278,13599.044396034233,25075.611523313837,51529.486650835686,42570.653845940215,21101.611530751987,23331.8548117016,10520.015476177425,12059.529936105828,67122.83045287839,26467.332595089116
205957,Franciscan University of Steubenville,Steubenville,OH,4,2,19.0,0.5836,1220.0,2901,23589.0,19696.0,18616.0,20288.0,20744.0,25675.0,44580.0,34100.0,0.2304,0.7545,0.8748,0.755952381,0.1091370558,108239.01038,23384.0,15250.0,18750.0,19000.0,702,50030.0,30456.0,72163.0,70900.0,franciscan university of steubenville,74063.98798120893,45754.36974907215,20214.851201833226,21290.45863783654,24000.004087310528,31258.301594386307,24210.404396834074,19243.930749105046,20822.4462420183,111090.3477389004,51347.93895347869,34998.29538903904,19106.400790684776,15651.730342605437,19500.516492426446,72767.71680594921,26351.35583910784
206048,Tiffin University,Tiffin,OH,4,2,18.0,0.8005,986.0,2051,26500.0,24278.0,22255.0,24974.0,29205.0,29977.0,48004.0,34790.0,0.3147,0.3987,0.7158,0.2327348066,0.384279476,68835.309955,27000.0,15264.0,16506.0,16250.0,3290,35942.0,17173.0,53905.0,75200.0,tiffin university,55325.0179749604,49268.56808960206,24917.554705427854,29974.34653480602,27711.260278711266,17625.38788023365,27198.088792068465,16940.817117052153,25631.889414834633,70648.63668625073,36888.81914583112,35706.47204060611,22841.26287047108,15666.099144231435,16678.07331589104,77180.9915910773,30766.683310182503
206349,Ursuline College,Pepper Pike,OH,4,2,19.0,0.7493,1097.0,670,16164.0,13134.0,13286.0,14768.0,19119.0,22048.0,50523.0,38990.0,0.4301,0.6667,0.7018,0.5301003344,0.3440233236,69646.032389,26250.0,25000.0,20500.0,21938.0,389,56878.0,37235.0,76180.0,89200.0,ursuline college,78186.80770489719,51853.92603930849,13479.988611133102,19622.651306247433,26941.503048747065,38215.88061028941,16589.80782018848,21040.03095235485,15157.033029481776,71480.71595967162,58376.3356345385,40017.11252840564,13635.992743072513,25658.574332140062,22515.912147939547,91549.79321707574,22628.809875000963
206437,Walsh University,North Canton,OH,4,2,17.0,0.7074,1193.0,1390,20493.0,20458.0,17849.0,18642.0,22737.0,20373.0,47575.0,35745.0,0.2736,0.585,0.7237,0.6626213592,0.3418259023,79611.766139,27000.0,19213.0,21679.0,20104.0,985,59764.0,40103.0,80565.0,81600.0,walsh university,82687.32164275456,48828.266954062536,20996.924547476854,23335.960183594743,27711.260278711266,41159.43225767252,21032.84655154185,22250.089317858576,19133.0857079902,81708.9767676193,61338.36145544075,36686.62958009386,18319.195730174717,19719.12754573628,20633.599134933753,83749.58662010515,20909.68539474758
206491,Wilberforce University,Wilberforce,OH,4,2,22.0,0.405,,822,5567.0,5630.0,5313.0,5211.0,5217.0,5226.0,25676.0,16448.0,0.7409,0.1202,0.7417,0.3621730382,0.4649681529,24962.054321,26468.0,10300.0,17911.0,12001.0,307,38298.0,17682.0,53841.0,71400.0,wilberforce university,55259.33202467012,26352.382182081128,5778.310939597942,5354.431291630988,27165.245816923325,18147.796453636023,5713.651332280949,18382.828994518426,5348.273233791274,25619.62905113186,39306.883190892004,16881.289224601587,5452.960217066406,10571.332624841705,12317.142022400514,73280.88829259202,5363.668378390558
206507,Wilmington College,Wilmington,OH,4,2,22.0,0.924,1029.0,1006,24153.0,19820.0,21434.0,21559.0,27017.0,27149.0,43431.0,32082.0,0.3885,0.4727,0.7203,0.6394948335,0.3507462687,71960.993475,24208.0,10131.0,15536.0,14412.0,661,48491.0,34644.0,70304.0,70100.0,wilmington college,72156.01639387099,44575.101672767,20342.11773052064,27728.70810925712,24845.71069729786,35556.62596650641,24789.261833767156,15945.26443296512,22126.9281610643,73856.66000371733,49768.39711759215,32927.135268948696,21998.635289403603,10397.880662356438,14791.654930992103,71946.64242732072,27864.185381730822
206525,Wittenberg University,Springfield,OH,4,2,21.0,0.7235,1179.0,1215,18649.0,17609.0,16328.0,17197.0,19178.0,25058.0,57799.0,45940.0,0.3486,0.5269,0.6345,0.7128205128,0.2356902357,85938.061433,27000.0,24750.0,23564.0,23664.0,623,54947.0,38348.0,77277.0,78500.0,wittenberg university,79312.7059465915,59321.59751293453,18072.87341658617,19683.205541671283,27711.260278711266,39358.20033955628,19140.2701088032,24184.745822501936,17650.020111592505,88201.92548954597,56394.467353124,47150.19619274057,16758.128067807316,25401.988588818658,24287.380119830497,80567.92340291978,25718.102224590624
206589,The College of Wooster,Wooster,OH,3,2,21.0,0.5953,1353.0,1730,23458.0,12512.0,14032.0,17941.0,26165.0,32223.0,75656.0,61640.0,0.209,0.7394,0.8208,0.7438596491,0.1433389545,,26500.0,17789.0,22736.0,19500.0,445,59629.0,41844.0,79758.0,86600.0,the college of wooster,81859.06286331308,77649.00398689554,12841.603281749458,26854.263896017786,27198.088792068465,42946.29537416275,24075.95346733366,23334.933840621456,18413.619283716995,,61199.805154047186,63263.78087332453,14401.644601143573,18257.61515177758,20013.687979069247,88881.30148653316,33071.84962818197
206622,Xavier University,Cincinnati,OH,4,2,17.0,0.8641,1217.0,4207,32997.0,26728.0,28201.0,32175.0,33824.0,35451.0,65476.0,50640.0,0.1627,0.6865,0.7747,0.734502924,0.1603348358,122777.04873,23250.0,18750.0,19500.0,18750.0,1413,64873.0,43067.0,89915.0,92400.0,xavier university,92283.62844297494,67200.83251884811,27432.09498997758,34715.024728412216,23862.474128890255,44201.51283049104,33866.23908950503,20013.687979069247,33022.58516546426,126011.36124477949,66581.94770595689,51974.00816718291,28943.898189627274,19243.930749105046,19243.930749105046,94834.09073158966,36384.88474594789
206835,Oklahoma Wesleyan University,Bartlesville,OK,4,2,20.0,0.6617,,673,28358.0,25011.0,22831.0,28645.0,30697.0,31238.0,44743.0,33550.0,0.2925,0.3476,0.5,0.6086956522,0.4082568807,72209.765586,24813.0,12750.0,17624.0,17544.0,597,59841.0,37359.0,93324.0,89400.0,oklahoma wesleyan university,95782.43163890556,45921.66365371771,25669.8641048462,31505.650250948136,25466.64819613565,38343.14713897682,29105.034036433113,18088.268561185458,29399.59446976608,74111.9855117916,61417.38986438373,34433.80675373196,23432.43642308359,13085.872909391432,18006.16112332261,91755.06181173286,32060.90179949565
206862,Southern Nazarene University,Bethany,OK,4,2,18.0,,,1455,22084.0,18931.0,18323.0,22590.0,27082.0,27434.0,46465.0,31190.0,0.4696,0.5051,0.7286,0.609375,0.3804713805,70771.353306,21900.0,18750.0,15125.0,17188.0,980,54951.0,33529.0,83155.0,93500.0,southern nazarene university,85345.54994356427,47689.026253715514,19429.698827269738,27795.420402520685,22476.91111495469,34412.25355129296,22665.758222039243,15523.437470944737,23185.08776652176,72635.6811755259,56398.57272501714,32011.637336777938,18805.682299512093,19243.930749105046,17640.783024832934,95963.06800220383,28156.69312911722
207157,Randall University,Moore,OK,4,2,21.0,0.5786,980.0,267,16383.0,19216.0,15639.0,14832.0,13726.0,17483.0,26126.0,17714.0,0.3737,0.2639,0.5625,0.4887218045,0.4020100503,52001.89759,22626.0,14250.0,9819.0,14841.0,110,42051.0,23449.0,58227.0,63300.0,randall university,59760.87230550077,26814.23652005965,19722.206574656135,14087.583651318178,23222.03611356004,24066.716380574093,16814.576931338026,10077.66165469133,15222.718979772055,53371.782189014004,43158.74836963287,18180.63942878116,16050.977759213536,14625.387369319835,15231.956066531626,64967.51020897863,17943.554201952185
207324,Oklahoma Christian University,Edmond,OK,4,2,19.0,0.9654,1122.0,1885,21872.0,17818.0,18908.0,18849.0,23184.0,27472.0,39106.0,27180.0,0.3302,0.5551,0.7252,0.7415048544,0.1784172662,90822.166667,26000.0,13824.0,19500.0,16980.0,701,49203.0,31362.0,73028.0,77900.0,oklahoma christian university,74951.77465310098,40136.16831330677,18287.379098002864,23794.735492653406,26684.917305425664,32188.168328183063,22448.173511702695,20013.687979069247,19345.53870346032,93214.69257724931,50499.15331457149,27896.002013902675,19406.092938884172,14188.165262700168,17427.30368638953,79952.11761894842,28195.69416210207
207403,Oklahoma Baptist University,Shawnee,OK,4,2,20.0,0.4941,1024.0,1308,20958.0,17562.0,17103.0,21033.0,21570.0,26102.0,48695.0,35570.0,0.1739,0.5237,0.7166,0.7034482759,0.2573696145,67079.341637,24801.0,12500.0,14675.0,15750.0,615,48434.0,32025.0,68661.0,66100.0,oklahoma baptist university,70469.73488876274,49977.77108414241,18024.63529684175,22138.217933770444,25454.332080456225,32868.633719471414,21510.096034119655,15061.583132966216,21587.071757116075,68846.4109417593,49709.895568114865,36507.01955976888,17553.54387210366,12829.287166070031,16164.901829248238,67841.27053417831,26789.604288700793
207458,Oklahoma City University,Oklahoma City,OK,4,2,17.0,0.7702,1177.0,1514,22857.0,15187.0,18079.0,20511.0,26803.0,29358.0,47247.0,35648.0,0.2391,0.6488,0.8391,0.7198321091,0.2679355783,97328.944773,20835.0,15000.0,15750.0,15000.0,804,54655.0,32128.0,90623.0,86900.0,oklahoma city university,93010.27926806115,48491.62645882486,15587.070735288444,27509.070712974,21383.855848405525,32974.347045719835,23459.121340389014,16164.901829248238,21051.320725060992,99892.878565071,56094.7752049246,36587.07431168515,18555.254614030408,15395.144599284036,15395.144599284036,89189.20437851884,30131.377009718715
207582,Oral Roberts University,Tulsa,OK,4,2,19.0,0.989,1196.0,3487,25365.0,21894.0,22022.0,22902.0,27269.0,30514.0,50004.0,35470.0,0.2843,0.5683,0.8049,0.62911485,0.309352518,66593.982944,27000.0,19500.0,20001.0,20000.0,932,46885.0,26903.0,71874.0,78200.0,oral roberts university,73767.37486192939,51321.25403617326,22470.75305711498,27987.346538525093,27711.260278711266,27611.70501030256,26033.189517389306,20527.885808685332,23505.306774186865,68348.26645767567,48120.09030249547,36404.385262440315,22602.124957695538,20013.687979069247,20526.85946571205,80260.0205109341,31317.829486836872
207856,Southwestern Christian University,Bethany,OK,4,2,22.0,,,377,20146.0,18830.0,16903.0,18700.0,22401.0,26620.0,33305.0,21900.0,0.4672,0.1613,0.5789,0.3734643735,0.403892944,55573.493333,20715.0,13941.0,12000.0,13000.0,212,40391.0,25157.0,59984.0,,southwestern christian university,61564.15690956358,34182.352725276985,19326.038186967893,22991.10894457078,21260.694691611254,25819.7101789459,20676.705539811748,12316.115679427228,19192.613600440764,57037.46438325882,41455.019033978766,22476.91111495469,17348.275277446537,14308.247390574583,13342.458652712832,,27321.249948862736
207971,University of Tulsa,Tulsa,OK,4,2,16.0,0.6151,1389.0,2813,15000.0,5578.0,8616.0,10871.0,18579.0,25473.0,64459.0,50061.0,0.2696,0.7229,0.9211,0.7917304747,0.2284946237,89276.187683,21500.0,12000.0,14232.0,12000.0,599,61408.0,36467.0,100122.0,96900.0,university of tulsa,102759.51117130108,66157.04171501665,5724.9411049870905,19068.42610067321,22066.37392564045,37427.64920680606,15395.144599284036,14606.913195800693,11157.374462587784,91627.98791017369,63025.66930352227,51379.75558565054,8842.97105782875,12316.115679427228,12316.115679427228,99452.63411137488,26144.03455850415
208725,New Hope Christian College-Eugene,Eugene,OR,3,2,24.0,0.8,,56,21600.0,20109.0,21329.0,28107.0,,,30849.0,17620.0,0.6444,0.5172,0.6667,0.5144927536,,56286.757576,27000.0,16750.0,,,80,31115.0,14244.0,54527.0,,new hope christian college-eugene,55963.40330434404,31661.654382887547,20638.73084980018,,27711.260278711266,14619.229311480121,22169.008222969012,,28847.42195013843,57769.51812715775,31934.661613781518,18084.163189292314,21890.869277208614,17191.24480253384,,,
208822,George Fox University,Newberg,OR,4,2,17.0,0.9351,1197.0,2699,31679.0,22871.0,23580.0,24631.0,32052.0,36847.0,58644.0,42750.0,0.2344,0.7196,0.8344,0.7133580705,0.2756302521,91779.622584,24250.0,19629.0,19750.0,19750.0,853,59761.0,36365.0,89001.0,85000.0,george fox university,91345.5509653919,60188.85732536087,23473.490142015013,32896.34497975013,24888.817102175857,37322.96222353093,32513.5190507146,20270.273722390648,25279.853774997675,94197.37072989298,61335.282426520884,43876.162107959506,24201.167310074507,20146.08622262309,20270.273722390648,87239.1527292762,37817.659536654595
209056,Lewis & Clark College,Portland,OR,4,2,21.0,0.7849,,2120,36013.0,15962.0,18362.0,22712.0,25917.0,44990.0,79987.0,64828.0,0.2028,0.7536,0.8881,0.8196428571,0.173380035,111335.80944,19500.0,15000.0,13000.0,15000.0,382,62205.0,36484.0,91485.0,87800.0,lewis & clark college,93894.98691103334,82094.09540419548,16382.486539584786,26599.730838642958,20013.687979069247,37445.097037351916,36961.6894969344,13342.458652712832,23310.301609262602,114268.72569380884,63843.664653230895,66535.76227215903,18845.709675470232,15395.144599284036,15395.144599284036,90112.9130544759,46175.17036811925
209065,Linfield University,McMinnville,OR,4,2,21.0,0.8517,,1621,26536.0,20059.0,18664.0,22806.0,26070.0,32519.0,65935.0,50850.0,0.3033,0.7046,0.7971,0.799112801,0.3032258065,94362.464607,25000.0,19797.0,20000.0,21000.0,1097,78638.0,49821.0,111142.0,91200.0,linfield university,114069.81073690842,67671.9239435862,20587.413701135898,26756.761313555657,25658.574332140062,51133.433272062,27235.037139106746,20526.85946571205,23406.777848751448,96848.2524913058,80709.5587332332,52189.54019157288,19155.665253402483,20318.51184213507,21553.20243899765,93602.47916364695,33375.647148274504
209409,Bushnell University,Eugene,OR,4,2,20.0,0.6728,1020.0,517,20789.0,17924.0,21033.0,12656.0,22084.0,23361.0,47143.0,35800.0,0.3271,0.56,0.759,0.5393586006,0.3476923077,72175.445714,23500.0,16197.0,17391.0,15063.0,282,53623.0,32538.0,75230.0,85100.0,bushnell university,77211.78188027587,48384.88678960315,18396.171453171137,22665.758222039243,24119.059872211656,33395.14766476693,21336.64407163439,17849.13064840991,12989.396669902584,74076.76155232036,55035.58925649386,36743.07844362457,21587.071757116075,16623.677138306903,15459.80420660103,87341.78702660477,23976.39819892496
209603,Pacific Northwest College of Art,Portland,OR,4,2,-2.0,0.7485,,420,35785.0,28219.0,30517.0,30916.0,36998.0,44522.0,70376.0,49006.0,0.4053,0.2913,0.6949,0.4802431611,0.1796407186,85162.732877,25000.0,15103.0,8750.0,10375.0,275,34883.0,16871.0,59519.0,60700.0,pacific northwest college of art,61086.907426985774,72229.91308794756,28962.372363146416,37972.637325620715,25658.574332140062,17315.432302301397,36727.68329902528,8980.501016249022,31730.419362097684,87406.1724741077,35801.92193712167,50296.963748834234,31320.908515756728,15500.857925532453,10648.308347838125,62299.01847843607,45694.84185662159
209612,Pacific University,Forest Grove,OR,4,2,17.0,0.8956,1090.0,1516,35273.0,23318.0,23607.0,29844.0,34369.0,40911.0,72374.0,56374.0,0.2777,0.6698,0.7945,0.7698113208,0.2857142857,90124.990315,23223.0,14034.0,17762.0,16750.0,688,60583.0,38184.0,86206.0,81600.0,pacific university,88476.92235505865,74280.54634857218,23932.265451073676,35274.38164885287,23834.762868611546,39189.88009193744,36202.19569670306,18229.90389149887,30630.179694735518,92499.15052723323,62178.93635056165,57859.05877600255,24228.878570353216,14403.697287090145,17191.24480253384,83749.58662010515,41988.717380087284
209825,University of Portland,Portland,OR,4,2,19.0,0.8917,1277.0,2957,28210.0,20070.0,16577.0,23858.0,27021.0,37284.0,73224.0,58100.0,0.221,0.7984,0.8832,0.866367713,0.1792792793,112545.01848,21370.0,17683.0,17750.0,18950.0,1062,82804.0,56963.0,112160.0,93900.0,university of portland,115114.62788371317,75152.93787586495,20598.70347384204,27732.813481150264,21932.949339113326,58463.57478726777,28953.135276386845,18217.587775819444,24486.490656647904,115509.78889524627,84985.30355994102,59630.5267478935,17013.687468155433,18148.822796609307,19449.199343762168,96373.60519151807,38266.1714159804
209922,Reed College,Portland,OR,4,2,21.0,0.2461,1437.0,1320,33013.0,12674.0,12514.0,14513.0,23421.0,46711.0,86376.0,69350.0,0.1459,0.7147,0.8764,0.8482142857,,,21500.0,17588.0,15000.0,16775.0,209,62927.0,38126.0,97815.0,83200.0,reed college,100391.7379319312,88651.40066051719,13007.870843421724,24037.978777322096,22066.37392564045,39130.35219948688,33882.66057707759,15395.144599284036,14895.315571293948,,64584.6842799431,71176.88519735653,12843.65596769603,18051.320214147174,17216.90337686598,85391.73537736211,47941.506625143775
210304,Warner Pacific University,Portland,OR,3,2,22.0,0.7114,,375,25629.0,18577.0,27432.0,23495.0,30169.0,32393.0,38948.0,22220.0,0.4786,0.4918,0.9167,0.4925373134,0.4658869396,61915.864,25000.0,20723.0,18719.0,19976.0,942,55204.0,34428.0,78883.0,75700.0,warner pacific university,80961.01276168818,39974.006123527644,19066.373414726637,30963.741161053338,25658.574332140062,35334.93588427672,26304.144062336705,19212.114116933193,24113.928157345228,63546.911951306996,56658.23749725839,22805.340866406084,28154.640443170647,21268.90543539754,20502.227234353195,77694.1630777201,33246.32793364052
210331,Corban University,Salem,OR,4,2,20.0,0.939,,678,28035.0,20555.0,14018.0,22737.0,31227.0,33015.0,52019.0,40280.0,0.2497,0.6059,0.777,0.6834264432,0.2252427184,85032.946939,22625.0,19000.0,16750.0,18475.0,403,48917.0,24847.0,69991.0,77300.0,corban university,71834.7710432326,53389.33512734375,21096.47981588556,32049.612026789506,23221.009770586756,25501.543857227363,28773.525256061865,17191.24480253384,23335.960183594743,87272.96758861013,50205.61922421181,41341.094963944066,14387.275799517574,19500.516492426446,18961.686431451504,79336.31183497707,33884.71326302416
210401,Willamette University,Salem,OR,4,2,21.0,0.7709,1377.0,1592,25121.0,16182.0,16825.0,18225.0,22382.0,33794.0,67501.0,51156.0,0.2355,0.7124,0.8651,0.7830045524,0.192,96206.228346,21500.0,17959.0,18500.0,19352.0,791,56911.0,30585.0,85316.0,96500.0,willamette university,87563.47710883446,69279.17703975145,16608.28199370762,22971.608428078354,22066.37392564045,31390.69983794015,25782.761831907617,18987.345005783645,18705.100688130104,98740.58644922725,58410.20495265692,52503.60114139828,17268.22052553026,18432.093457236133,19861.78921902298,99042.09692206063,34684.23443921365
210492,Bryn Athyn College of the New Church,Bryn Athyn,PA,4,2,21.0,0.8294,,244,20586.0,13271.0,18355.0,24368.0,20581.0,23565.0,41093.0,28917.0,0.4029,0.6774,0.7333,0.6022727273,0.3381294964,68076.485915,22250.0,12000.0,15647.0,13750.0,54,40457.0,22403.0,68262.0,,bryn athyn college of the new church,70060.22404242179,42175.51180122526,13620.59759847323,21123.164733190984,22836.131155604653,22993.161630517352,21128.296448057412,16059.188502999821,25009.92557302356,69869.82296483654,41522.757670215615,29678.759758499764,18838.525274657233,12316.115679427228,14112.215882677034,,24185.77216547522
210571,Albright College,Reading,PA,4,2,21.0,0.7633,,1217,20024.0,16345.0,16892.0,19741.0,21355.0,24947.0,43711.0,29082.0,0.5004,0.507,0.6167,0.7101346563,0.3605263158,67482.104902,27000.0,20250.0,24125.0,23250.0,1042,58700.0,41197.0,84649.0,90400.0,albright college,86878.90634565295,44862.47770528697,16775.57589835317,21917.55419451404,27711.260278711266,42282.251470446965,20551.491697070902,24760.52423051516,20261.036635631077,69259.7841886896,60246.332531864864,29848.10634909189,17336.985504740394,20783.44520903345,23862.474128890255,92781.40478501846,25604.178154555924
210669,Allegheny College,Meadville,PA,3,2,21.0,0.5457,1275.0,1156,22940.0,18495.0,27718.0,13059.0,21357.0,30046.0,71348.0,56550.0,0.2849,0.7255,0.7794,0.7886363636,0.2213333333,84421.58312,27000.0,25000.0,25000.0,24684.0,584,62069.0,40705.0,84506.0,94700.0,allegheny college,86732.13930047312,73227.51845798116,18982.213290917218,21919.60688046061,27711.260278711266,41777.29072759044,23544.30780717172,25658.574332140062,13403.012888136682,86645.49862885842,63704.082008864054,58039.69513930082,28448.174533530328,25658.574332140062,25334.24995258181,97194.67957014655,30837.50097533921
210739,DeSales University,Center Valley,PA,4,2,17.0,0.7709,1186.0,2128,31643.0,24007.0,25400.0,26096.0,29982.0,34878.0,62745.0,46800.0,0.2378,0.722,0.8303,0.7110204082,0.2954747116,104127.63361,25788.0,21500.0,19500.0,20341.0,843,61295.0,38663.0,89044.0,92200.0,desales university,91389.68371324318,64397.88985880512,24639.415759667456,30771.81502504893,26467.332595089116,39681.498376141244,32476.570703676316,20013.687979069247,26783.446230861082,106870.66508048124,62909.692547541,48032.8511497662,26069.111521454302,22066.37392564045,20876.84241960244,94628.82213693255,35796.790222255244
210775,Alvernia University,Reading,PA,4,2,17.0,0.5806,1170.0,2152,28138.0,23436.0,23701.0,24131.0,28016.0,32152.0,57565.0,45000.0,0.3624,0.5553,0.7198,0.6231884058,0.4500458295,88617.899225,27000.0,18799.0,21500.0,19840.0,920,55055.0,36845.0,78403.0,75300.0,alvernia university,80468.36813451108,59081.4332571857,24053.37392192138,28754.02473956944,27711.260278711266,37815.60685070802,28879.23858231028,22066.37392564045,24766.68228835487,90952.35817691038,56505.31239423884,46185.43379785211,24325.35480984206,19294.22155479604,20362.644589986354,77283.62588840586,32998.97927707869
211088,Arcadia University,Glenside,PA,4,2,18.0,0.8022,1190.0,1948,29466.0,23127.0,25388.0,25978.0,28654.0,34339.0,64645.0,49610.0,0.2831,0.6674,0.788,0.6764705882,0.3067010309,85789.705426,27000.0,20000.0,23750.0,22982.0,908,58336.0,39972.0,80889.0,81700.0,arcadia university,83019.8567660991,66347.94150804776,23736.23394317613,29408.831556525653,27711.260278711266,41024.9813281721,30242.22205083356,24375.645615533056,26662.33776001338,88049.66134421682,59872.743689588904,50916.874904698736,26056.795405774876,20526.85946571205,23587.414212049716,83852.22091743372,35243.5913596543
211273,Bryn Mawr College,Bryn Mawr,PA,4,2,21.0,0.2943,1396.0,1359,31759.0,11017.0,18457.0,17262.0,19330.0,40085.0,83250.0,65920.0,0.1475,0.8179,0.9224,0.7911832947,0.1515892421,97067.879265,25000.0,15730.0,21245.0,22250.0,290,75217.0,52859.0,107519.0,108700.0,bryn mawr college,110351.37014469468,85443.0525260264,11307.220536687482,19839.209673610694,25658.574332140062,54251.46322490366,32595.626488577447,21804.656467452623,17716.73240485607,99624.93581536798,77198.43942162316,67656.52879898691,18943.212257932362,16144.374969782526,22836.131155604653,111563.48119614499,41140.958084153375
211291,Bucknell University,Lewisburg,PA,4,2,21.0,0.2893,1410.0,3876,40766.0,20980.0,12276.0,23679.0,28165.0,55724.0,83756.0,67812.0,0.1238,0.8632,0.9368,0.8962703963,0.1200607903,145863.28657,27000.0,16400.0,25000.0,23250.0,550,93807.0,62778.0,133223.0,131700.0,bucknell university,136732.4899300278,85962.38207050892,21532.67557953194,28906.94984258899,27711.260278711266,64431.75917692355,41839.89764896087,25658.574332140062,24302.77526442978,149705.7592314637,96278.1552950025,69598.36970444328,12599.386340054056,16832.02476188388,23862.474128890255,135169.36958171384,57191.93584336691
211431,Carlow University,Pittsburgh,PA,4,2,18.0,0.8695,1080.0,1348,20786.0,17901.0,15748.0,19517.0,21601.0,25214.0,49327.0,35874.0,0.4301,0.5992,0.8443,0.5677966102,0.3683574879,65445.483051,25500.0,23194.0,19500.0,22000.0,754,51051.0,32242.0,76659.0,72200.0,carlow university,78678.425989101,50626.41984325891,18372.565564785567,22170.034565942296,26171.745818782863,33091.35014467439,21333.56504271453,20013.687979069247,20031.1358096151,67169.51166267584,52395.83512920329,36819.0278236477,16162.849143301666,23804.99892238626,22579.545412283253,74101.96267122049,25878.21172842318
211440,Carnegie Mellon University,Pittsburgh,PA,4,2,15.0,0.1166,1546.0,7304,31944.0,9097.0,6994.0,14468.0,24865.0,51480.0,83654.0,66246.0,0.1604,0.9413,0.98,0.9117859725,0.0995024876,,21750.0,19000.0,20500.0,20000.0,938,114862.0,72560.0,182769.0,172000.0,carnegie mellon university,187583.67888443626,85857.69508723379,9336.642027979125,25520.018030746505,22322.959668961852,74471.44614160332,32785.49993863529,21040.03095235485,14849.130137496097,,117887.80659753087,67991.11660827801,7178.242755159504,19500.516492426446,20526.85946571205,176530.9914051236,52836.13626474281
211468,Cedar Crest College,Allentown,PA,4,2,20.0,0.8407,,834,18659.0,21044.0,24250.0,21490.0,19909.0,11008.0,57206.0,46314.0,0.4357,0.6039,0.7097,0.5516898608,0.433681073,65245.536424,27000.0,22748.0,22375.0,23250.0,501,59460.0,36347.0,83649.0,78000.0,cedar crest college,85852.56337236735,58712.97612977617,21598.361529822218,20433.46225514306,27711.260278711266,37304.488050011794,19150.533538536056,22964.424027265355,22056.110495907596,66964.29784702223,61026.35319156192,47534.048464749394,24888.817102175857,23347.249956300882,23862.474128890255,80054.75191627699,11297.983449927911
211556,Chatham University,Pittsburgh,PA,4,2,17.0,0.6196,1198.0,1232,29954.0,22675.0,24086.0,26051.0,30120.0,33636.0,61261.0,44626.0,0.2183,0.6306,0.7781,0.6,0.2969348659,77793.6,23250.0,16750.0,19000.0,18500.0,321,52410.0,32348.0,80486.0,72500.0,chatham university,82606.240547865,62874.79688644929,23272.326919251034,30913.450355362344,23862.474128890255,33200.14249984267,30743.077421796934,19500.516492426446,26737.260797063227,79842.91472659084,53790.63522989842,45801.58152584329,24720.49685455702,17191.24480253384,18987.345005783645,74409.86556320617,34522.072249434525
211583,Chestnut Hill College,Philadelphia,PA,4,2,19.0,0.7446,,815,27970.0,28011.0,24447.0,22714.0,28168.0,33175.0,58168.0,39870.0,0.5208,0.4878,0.6243,0.4669187146,0.4440104167,70328.674556,26389.0,21512.0,19792.0,20500.0,735,52015.0,33460.0,71296.0,78000.0,chestnut hill college,73174.1486233703,59700.31807007692,28748.89302470301,28910.02887150885,27084.16472203376,34341.435886136256,28706.8129627983,20313.380127268643,23312.354295209174,72181.34095104053,53385.22975545061,40920.29434489697,25091.006667913123,22078.69004131988,21040.03095235485,80054.75191627699,34048.92813874986
211981,Delaware Valley University,Doylestown,PA,4,2,20.0,0.9321,1204.0,1628,28278.0,21896.0,22118.0,24746.0,28104.0,32804.0,59933.0,44850.0,0.299,0.5591,0.6928,0.763,0.3632850242,86556.493388,25000.0,17366.0,17200.0,17500.0,847,55838.0,36188.0,79286.0,79600.0,delaware valley university,81374.62897992227,61511.81341792601,22472.80574306155,28844.34292121857,25658.574332140062,37141.29951725938,29022.926598570266,17653.09914051236,25397.88321692552,88836.64878101551,57308.93894232147,46031.48235185927,22700.653883130955,17823.47207407777,17961.002032498043,81696.90067353395,33668.154895660904
212009,Dickinson College,Carlisle,PA,4,2,21.0,0.4209,1391.0,2273,37607.0,40755.0,15081.0,16316.0,22696.0,45175.0,82902.0,65650.0,0.1275,0.7978,0.9198,0.8834782609,0.1219512195,,19000.0,13186.0,19000.0,16802.0,368,70204.0,48149.0,101383.0,97500.0,dickinson college,104053.72966061423,85085.88517132301,41828.607876254726,23293.880121690032,19500.516492426446,49417.38782072847,38597.68019635165,19500.516492426446,16745.81195212789,,72053.38209654244,67379.4161961998,15478.27838012017,13533.358445743954,17244.614637144692,100068.43989534624,46365.04381817709
212054,Drexel University,Philadelphia,PA,4,2,15.0,0.7944,1345.0,13233,38509.0,28055.0,29435.0,34970.0,37842.0,48089.0,76835.0,62412.0,0.2676,0.7816,0.8951,0.7660676704,0.2922854785,99877.583621,25325.0,19039.0,20296.0,20550.0,4403,84648.0,54500.0,113366.0,106300.0,drexel university,116352.39750949561,78859.06235239927,28794.052115527575,38838.870795073766,25992.135798457883,55935.692044065334,39523.44155825526,20830.656985804588,35891.213775797514,102508.65613815852,86877.88000267967,64056.117648701016,30210.405418661707,19540.543868384586,21091.348101019128,109100.25806025954,49355.807242331335
212106,Duquesne University,Pittsburgh,PA,4,2,16.0,0.8356,1276.0,5350,37730.0,29986.0,31729.0,32102.0,35611.0,41273.0,67776.0,48986.0,0.2024,0.7749,0.8415,0.82239819,0.1729686243,110744.37367,26244.0,20250.0,24889.0,23548.0,2007,74742.0,49248.0,106567.0,118800.0,duquesne university,109374.2916341268,69561.421357405,30775.920396942074,36549.09962167359,26935.34499090735,50545.33874836935,38723.92038206578,25544.65026210536,32947.662128414406,113661.70974711959,76710.9265093125,50276.43688936852,32564.83619937888,20783.44520903345,24168.324334929366,121929.54522632957,42360.25353641667
212133,Eastern University,Saint Davids,PA,4,2,18.0,0.9077,,2404,26662.0,26557.0,22232.0,23373.0,25963.0,32353.0,55001.0,38400.0,0.4192,0.54,0.6547,0.5664335664,0.3649155722,71727.12749,25000.0,18782.0,17188.0,17750.0,1129,51655.0,32081.0,74621.0,90800.0,eastern university,76586.73900954494,56449.889873681415,27256.590341545743,26646.942615414097,25658.574332140062,32926.10892597541,27364.35635374073,17640.783024832934,23988.714314604385,73616.63329332207,53015.74628506779,39411.57017416714,22817.656982085515,19276.773724250186,18217.587775819444,93191.9419743327,33205.2742147091
212197,Elizabethtown College,Elizabethtown,PA,4,2,20.0,0.7787,1204.0,1868,26598.0,17776.0,17113.0,20967.0,25064.0,31198.0,50865.0,37950.0,0.2084,0.7617,0.8372,0.7891459075,0.2995689655,104916.77373,27000.0,23370.0,26000.0,26000.0,865,62399.0,45388.0,86157.0,86000.0,elizabethtown college,88426.63154936765,52204.935336172166,18244.27269312487,25724.26028243034,27711.260278711266,46583.65487148692,27298.670403450455,26684.917305425664,21519.333120879226,107680.59349758098,64042.775190048305,38949.71583618861,17563.807301836514,23985.63528568453,26684.917305425664,88265.4957025618,32019.848080564225
212577,Franklin and Marshall College,Lancaster,PA,3,2,21.0,0.2819,1392.0,1799,36425.0,12321.0,16942.0,16245.0,25104.0,49996.0,85776.0,70794.0,0.158,0.8377,0.9024,0.8477876106,0.1948275862,,19000.0,19000.0,19000.0,19000.0,367,76124.0,54176.0,112430.0,107000.0,franklin and marshall college,115391.74048650028,88035.59487654583,12645.571773851907,25765.314001361763,19500.516492426446,55603.156920720794,37384.542801928066,19500.516492426446,16672.94160102461,,78129.3324983932,72658.92445078093,17388.302653404677,19500.516492426446,19500.516492426446,109818.69814155946,51313.04329238698
212601,Gannon University,Erie,PA,4,2,17.0,0.7416,,2365,22553.0,18489.0,15945.0,20352.0,23354.0,25445.0,52869.0,40656.0,0.2384,0.6636,0.7617,0.6676258993,0.2606679035,83629.821764,27000.0,19500.0,24187.0,22324.0,1073,58845.0,37209.0,85804.0,91100.0,gannon university,88064.33247979783,54261.72665463651,18976.055233077503,23969.21379811196,27711.260278711266,38189.19569298398,23147.11307651019,24824.157494858864,20888.13219230858,85832.87992460874,60395.15226299127,41726.99992189945,16365.03870903893,20013.687979069247,22912.08053562779,93499.84486631838,26115.296955252154
212656,Geneva College,Beaver Falls,PA,4,2,20.0,,,1096,25890.0,20283.0,15089.0,16079.0,20361.0,34864.0,45407.0,33450.0,0.3124,0.6098,0.7846,0.6876190476,0.2459499264,81450.43554,25198.0,16500.0,19500.0,18829.0,815,50004.0,29377.0,72852.0,76300.0,geneva college,74771.13828980271,46603.15538797935,20817.314527151873,20897.369279068153,25861.79024085061,30150.87752621114,26572.01957836425,20013.687979069247,16502.5686674592,83596.0821875309,51321.25403617326,34331.1724564034,15486.489123906455,16934.65905921244,19325.01184399461,78309.96886169146,35782.421420629245
212674,Gettysburg College,Gettysburg,PA,4,2,21.0,0.389,1379.0,2099,31490.0,13625.0,13184.0,21261.0,28822.0,44863.0,81960.0,66640.0,0.2099,0.8253,0.9121,0.895483871,0.1372282609,,26999.0,18230.0,24742.0,23250.0,477,71517.0,49726.0,104062.0,100100.0,gettysburg college,106803.30248604636,84119.07009048798,13983.923011016333,29581.257176037634,27710.23393573798,51035.93068959987,32319.54022876362,25393.777845032375,21821.077955025194,,73400.97042046643,68395.49573975254,13531.305759797382,18710.23240299653,23862.474128890255,102736.9316258888,46044.82481051198
212832,Gwynedd Mercy University,Gwynedd Valley,PA,4,2,17.0,0.8963,1090.0,1067,27483.0,21995.0,20617.0,22269.0,27992.0,32456.0,55786.0,40122.0,0.2491,0.5688,0.7752,0.6099342586,0.4371584699,87358.949081,25000.0,25000.0,20196.0,23750.0,959,67145.0,43796.0,95071.0,87600.0,gwynedd mercy university,97575.4528132355,57255.56910771062,22574.413697416825,28729.39250821058,25658.574332140062,44949.71685801625,28206.98393480821,20728.022688476027,22855.63167209708,89660.24354289909,68913.79894126178,41178.93277416494,21160.113080229265,25658.574332140062,24375.645615533056,89907.64445981877,33310.98754095751
212911,Haverford College,Haverford,PA,3,2,21.0,0.1237,1513.0,1430,25314.0,7531.0,9388.0,12007.0,18171.0,45991.0,90382.0,70688.0,0.1545,0.8964,0.9383,0.9055555556,0.162055336,,13621.0,3506.0,13000.0,10255.0,131,79966.0,57103.0,117492.0,117600.0,haverford college,120587.088617272,92762.93061149932,7729.388931813872,18649.67816757268,13979.81763912319,58607.26280352775,25980.84602575174,13342.458652712832,12323.300080240228,,82072.54220175649,72550.13209561266,9635.307833205236,3598.358464339322,10525.147191043852,120697.93365838684,47202.53968437814
212984,Holy Family University,Philadelphia,PA,4,2,18.0,0.7104,1060.0,2464,13143.0,9721.0,9369.0,12056.0,16307.0,17822.0,40539.0,35330.0,0.4105,0.6091,0.7773,0.6310845431,0.4630390144,74343.491139,25125.0,20000.0,21245.0,21377.0,824,62235.0,38615.0,88857.0,81800.0,holy family university,91197.75757723878,41606.91779402504,9977.08004330934,16736.57486536832,25786.86720380076,39632.23391342354,13489.225697892673,21804.656467452623,12373.590885931222,76301.9197400331,63874.45494242947,36260.69724618033,9615.80731671281,20526.85946571205,21940.133739926325,83954.85521476228,18291.484469896008
213011,Immaculata University,Immaculata,PA,4,2,17.0,0.8576,1260.0,1320,24258.0,20539.0,19694.0,19150.0,24204.0,28997.0,43979.0,29330.0,0.2283,0.7104,0.8303,0.6103789127,0.350877193,100690.93103,27000.0,18498.0,20992.0,20000.0,864,75701.0,49236.0,101424.0,90200.0,immaculata university,104095.80972251894,45137.53762212751,21080.05832831299,24841.605325404722,27711.260278711266,50533.02263268992,24897.027845962144,21544.991695211367,19654.467938419286,103343.42953622574,77695.1894206934,30102.63940646672,20212.798515886654,18985.292319837074,20526.85946571205,92576.13619036134,29760.867196362615
213251,Juniata College,Huntingdon,PA,4,2,21.0,0.7891,1227.0,1191,23988.0,18729.0,17265.0,16997.0,19312.0,31255.0,71850.0,58580.0,0.2904,0.735,0.8333,0.8053244592,0.1996434938,95737.484211,27000.0,26613.0,23250.0,25435.0,425,56918.0,41252.0,76504.0,82800.0,juniata college,78519.34282824173,73742.74263057053,19222.377546666048,19820.735500091552,27711.260278711266,42338.70033397767,24619.91524317503,23862.474128890255,17444.751516935383,98259.49420000117,58417.38935346992,60123.17137507059,17719.811433775925,27314.065548049737,26105.0335255193,84981.19818804789,32078.349630041503
213303,Keystone College,La Plume,PA,4,2,22.0,0.848,,771,22051.0,21925.0,24335.0,18916.0,28291.0,30271.0,32071.0,18300.0,0.4178,0.3587,0.5723,0.5537340619,0.4772393539,62547.686901,26000.0,15000.0,17799.0,15922.0,791,44976.0,27863.0,61844.0,62700.0,keystone college,63473.1548398748,32915.84549624255,22502.569689286833,29036.269057222977,26684.917305425664,28596.99426465674,22631.88890392082,18267.87858151044,19414.303682670456,64195.37894610927,46160.80156649325,18782.076411126523,24976.056254905136,15395.144599284036,16341.432820653361,64351.70442500727,31068.42814432847
213321,King's College,Wilkes-Barre,PA,4,2,19.0,0.9311,1170.0,1484,23093.0,17283.0,17259.0,19692.0,23657.0,28391.0,57973.0,44100.0,0.3038,0.5989,0.757,0.7088926174,0.2935779817,92431.822811,27000.0,19811.0,24272.0,21250.0,802,59498.0,42669.0,82746.0,95500.0,king's college,84925.77566749045,59500.18119028623,17738.285607295067,24280.195719017498,27711.260278711266,43793.02832712337,23701.338282084416,24911.396647588143,20210.745829940082,94866.75185004971,61065.354224546776,45261.72512189507,17713.653375936214,20332.88064376107,21809.78818231905,98015.75394877503,29138.903354551538
213358,La Roche University,Pittsburgh,PA,4,2,20.0,0.7576,1055.0,751,20794.0,16152.0,15200.0,17960.0,25120.0,27145.0,47111.0,34052.0,0.1009,0.5721,0.6882,0.6262626263,0.3569131833,71427.55,25000.0,17822.0,19500.0,19500.0,555,52341.0,34922.0,76019.0,71600.0,la roche university,78021.56648619821,48352.04381445802,16577.49170450905,25781.735488934333,25658.574332140062,35841.94931307981,21341.775786500817,20013.687979069247,18433.11980020942,73309.16404150604,53719.817564741716,34949.030926321335,15600.413193941156,18291.484469896008,20013.687979069247,73486.15688724913,27860.08000983768
213367,La Salle University,Philadelphia,PA,4,2,17.0,0.9659,,1953,19409.0,16545.0,17393.0,20557.0,21263.0,27190.0,48337.0,37800.0,0.3505,0.5712,0.739,0.6531971581,0.3697585769,75074.153259,25000.0,16750.0,16661.0,18500.0,1698,67416.0,43525.0,95876.0,93300.0,la salle university,98401.65890673042,49610.340299706164,16980.844493010292,21823.130640971765,25658.574332140062,44671.577912255845,19920.290768500257,17099.900277911423,21098.532501832127,77051.82967274106,69191.93788702217,38795.76439019577,17851.183334356483,17191.24480253384,18987.345005783645,95757.7994075467,27906.26544363553
213376,Lackawanna College,Scranton,PA,3,2,23.0,,,1947,19951.0,18142.0,18288.0,20224.0,23796.0,26351.0,28770.0,18400.0,0.5952,0.3673,0.8333,0.3712957583,0.4690909091,48027.4046,18075.0,12000.0,10250.0,12000.0,1127,41000.0,20423.0,62664.0,64800.0,lackawanna college,64314.75607796899,29527.88734142678,18619.9142213474,24422.857392304195,18551.149242137264,20961.002543411858,20476.568660021054,10520.015476177425,20756.760291728024,49292.58923635462,42080.0619047097,18884.710708455084,18769.760295447097,12316.115679427228,12316.115679427228,66507.02466890703,27045.16368904891
213385,Lafayette College,Easton,PA,3,2,21.0,0.3145,1424.0,2757,34433.0,12716.0,7445.0,10881.0,12581.0,52608.0,83133.0,65398.0,0.1165,0.8759,0.8967,0.9072512648,0.1484018265,,16000.0,9000.0,14000.0,14000.0,397,91410.0,63534.0,133083.0,124300.0,lafayette college,136588.80191376782,85322.97039815199,13050.97724829972,12912.420946906164,16421.48757256964,65207.67446472746,35340.06759914315,14368.801625998434,11167.63789232064,,93818.01118803692,67120.77776693183,7641.12343611131,9237.086759570422,14368.801625998434,127574.43157940038,53993.851138608974
213400,Lancaster Bible College,Lancaster,PA,4,2,20.0,0.5589,1180.0,1569,25480.0,24486.0,22017.0,23904.0,24034.0,29957.0,44066.0,29990.0,0.3549,0.6667,0.7939,0.6181533646,0.3549668874,74299.469136,20500.0,13834.0,16750.0,14948.0,399,44096.0,25894.0,63783.0,64100.0,lancaster bible college,65463.23386507558,45226.829460803354,25131.03404387126,24667.12701994617,21040.03095235485,26576.12495025739,26151.21895931715,17191.24480253384,24533.70243341904,76256.73806658409,45257.619750001926,30780.025768835218,22596.993242829107,14198.428692433024,15341.774764673184,65788.58458760711,30746.156450716793
213507,Lebanon Valley College,Annville,PA,4,2,20.0,0.8377,1240.0,1684,26979.0,20788.0,21773.0,22266.0,26236.0,31533.0,66497.0,52080.0,0.2485,0.6496,0.8298,0.7960526316,0.2760814249,93668.735404,27000.0,15464.0,21500.0,21500.0,649,62621.0,42715.0,81980.0,79300.0,lebanon valley college,84139.59694995369,68248.72869457271,21335.617728661102,26927.134247121066,27711.260278711266,43840.24010389451,27689.70707627227,22066.37392564045,22852.552643177223,96136.24839844374,64270.62333011771,53451.942048714176,22346.56555734742,15871.367738888555,22066.37392564045,81388.99778154827,32363.6729766149
213543,Lehigh University,Bethlehem,PA,4,2,16.0,0.2593,1440.0,5898,36931.0,16917.0,17140.0,18722.0,22184.0,48751.0,80856.0,64980.0,0.1771,0.8791,0.937,0.8837944664,0.1687657431,124173.24289,21960.0,14074.0,21500.0,17495.0,875,105584.0,72507.0,148926.0,137400.0,lehigh university,152849.15363953164,82985.98744798067,17362.644079072536,22768.392519367804,22538.49169335183,74417.04996401917,37903.872346410586,22066.37392564045,19215.19314585305,127444.33531023789,108365.39649138704,66691.76640409844,17591.518562115227,14444.751006021568,17955.870317631616,141019.52452944178,50035.246290646406
213668,Lycoming College,Williamsport,PA,3,2,21.0,0.7407,1160.0,996,19140.0,12151.0,14785.0,15883.0,20435.0,26233.0,64105.0,50029.0,0.3801,0.5963,0.7611,0.7358490566,0.3659359191,75442.764321,27000.0,23500.0,24125.0,23500.0,533,56210.0,37571.0,77152.0,81800.0,lycoming college,79184.4130749308,65793.71630247355,12471.093468393356,20973.318659091285,27711.260278711266,38560.73184931337,19644.20450868643,24760.52423051516,16301.405444695223,77430.1510461001,57690.738528383714,51346.9126105054,15174.480860027632,24119.059872211656,24119.059872211656,83954.85521476228,26924.055218201207
213774,Manor College,Jenkintown,PA,3,2,14.0,0.9486,820.0,443,13078.0,13135.0,9493.0,13154.0,15838.0,17817.0,27557.0,21780.0,0.5199,0.2574,0.5588,0.4292237443,0.5032822757,45793.351955,19000.0,11000.0,12000.0,11000.0,426,46825.0,27887.0,69225.0,72600.0,manor college,71048.59232569583,28282.933314831345,13481.014954106387,16255.220010897372,19500.516492426446,28621.626496015593,13422.513404629108,12316.115679427228,13500.515470598813,46999.68500220875,48058.50972409833,22353.74995816042,9743.073845400224,11289.772706141626,11289.772706141626,74512.49986053474,18286.352755029577
213826,Marywood University,Scranton,PA,4,2,18.0,0.6058,1162.0,1784,23388.0,18941.0,21192.0,21303.0,24083.0,28365.0,55582.0,41420.0,0.3196,0.7165,0.7981,0.6813852814,0.2949640288,88624.193809,26186.0,21813.0,23250.0,23250.0,839,55817.0,36372.0,73929.0,70100.0,marywood university,75876.5096720313,57046.19514116035,19439.962257002597,24717.417825637163,26875.817098456784,37330.14662434393,24004.109459203668,23862.474128890255,21864.18435990319,90958.81857896854,57287.38573988247,42511.12595348965,21750.260289868485,22387.619276278845,23862.474128890255,71946.64242732072,29112.218437246112
213987,Mercyhurst University,Erie,PA,4,2,19.0,0.8102,,2191,19444.0,22626.0,22429.0,17197.0,21665.0,16748.0,59557.0,45770.0,0.3133,0.6017,0.7979,0.5353756382,0.2866626433,82681.519106,25305.0,18998.0,19750.0,19500.0,1782,47452.0,28870.0,68639.0,71700.0,mercyhurst university,70447.15534335046,61125.908459970626,23222.03611356004,22235.720516232577,25971.60893899217,29630.52163875534,19956.212772565254,20270.273722390648,17650.020111592505,84859.59615502239,48702.026768348405,46975.71788728202,23019.846547822777,19498.463806479875,20013.687979069247,73588.7911845777,17189.19211658727
213996,Messiah University,Mechanicsburg,PA,4,2,18.0,0.7897,1236.0,2259,26502.0,19393.0,20317.0,20916.0,23574.0,31847.0,55875.0,42240.0,0.1964,0.7496,0.8857,0.8275862069,0.18173258,100699.02284,25621.0,21946.0,21500.0,22585.0,830,54064.0,38104.0,75950.0,78100.0,messiah university,77950.7488210415,57346.91363233304,19903.869280927687,24195.00925223479,26295.93331855042,39107.77265407459,27200.141478015037,22066.37392564045,21466.98962924166,103351.73450856039,55488.206507712806,43352.72719158384,20852.210188243585,22524.12289172583,23179.956051655332,80157.38621360555,32685.94467022658
214069,Misericordia University,Dallas,PA,4,2,17.0,0.7093,,1672,37485.0,36759.0,37554.0,36848.0,37879.0,37665.0,53648.0,40370.0,0.2719,0.7171,0.7764,0.6970684039,0.2994071146,95739.828808,26973.0,23284.0,24845.0,25000.0,893,64313.0,42783.0,86275.0,81700.0,misericordia university,88547.74002021535,55061.247830825996,37727.34135500546,38876.84548508534,27683.549018432554,43910.03142607793,38472.466353610806,25499.49117128079,37818.685879627876,98261.9005606573,66007.19564091695,41433.46583153977,38543.28401876751,23897.369789981967,25658.574332140062,83852.22091743372,38657.20808880222
214148,Moore College of Art and Design,Philadelphia,PA,4,2,30.0,0.5646,1282.0,535,43086.0,34834.0,42789.0,34168.0,46865.0,47504.0,71327.0,52812.0,0.4333,0.5714,0.8056,0.6082474227,0.3140096618,81340.137755,26000.0,19750.0,20500.0,20750.0,183,37839.0,22123.0,57012.0,57600.0,moore college of art and design,58513.86559295876,73205.96525554216,35751.63113143067,48099.56344302976,26684.917305425664,22705.785597997383,44221.01334698347,21040.03095235485,35068.086711222466,83482.87883092719,38835.79176615391,54203.22510515923,43916.18948391764,20270.273722390648,21296.61669567625,59117.3552612507,48755.396602959256
214157,Moravian University,Bethlehem,PA,4,2,20.0,0.5417,1183.0,1949,30670.0,24609.0,28271.0,26390.0,30595.0,34834.0,65601.0,53500.0,0.319,0.7169,0.7917,0.7741935484,0.2921236291,89394.130031,26793.0,19746.0,21500.0,21500.0,614,61860.0,44318.0,87384.0,86900.0,moravian university,89685.95437758908,67329.12539050881,25257.27422958539,31400.963267673007,27498.807283241145,45485.467890071326,31477.938990669427,22066.37392564045,27085.19106500705,91749.0372102963,63489.576327447365,54909.34907077973,29015.742197757267,20266.168350497504,22066.37392564045,89189.20437851884,35751.63113143067
214166,Mount Aloysius College,Cresson,PA,4,2,22.0,0.8205,1070.0,1094,22344.0,21530.0,20389.0,19770.0,21769.0,26786.0,40435.0,27072.0,0.1543,0.5691,0.5612,0.6308784383,0.4204851752,66496.906602,24287.0,16500.0,15474.0,16980.0,873,46165.0,29237.0,67394.0,70200.0,mount aloysius college,69169.35834160988,41500.17812480334,22097.16421483902,22342.460185454278,24926.791792187425,30007.189509951157,22932.6073950935,15881.631168621412,20290.80058185636,68248.63283619168,47381.123361729835,27785.15697278783,20926.10688232015,16934.65905921244,17427.30368638953,72049.27672464929,27491.622882428146
214175,Muhlenberg College,Allentown,PA,4,2,21.0,0.7199,1343.0,1727,28905.0,12302.0,16629.0,19717.0,25452.0,37603.0,77270.0,62805.0,0.212,0.8223,0.8993,0.8025936599,0.1576704545,137263.08756,25455.0,24209.0,22000.0,23000.0,434,69107.0,43599.0,98673.0,108500.0,muhlenberg college,101272.34020301024,79305.5215457785,12626.071257359481,26122.481356065153,26125.56038498501,44747.52729227898,29666.443642820337,22579.545412283253,20236.404404272223,140879.0054086924,70927.48385484812,64459.47043720226,17067.057302766283,24846.73704027115,23605.888385568855,111358.21260148786,38593.574824458505
214272,Neumann University,Aston,PA,4,2,19.0,0.8128,,1533,27804.0,24467.0,23150.0,25679.0,30495.0,34471.0,57180.0,39100.0,0.4277,0.5368,0.7209,0.5385169186,0.4275582573,76875.383477,27000.0,19510.0,19500.0,19500.0,1000,57817.0,37722.0,81520.0,79500.0,neumann university,83667.47918224231,58686.29121247074,25111.533527378833,31298.328970344446,27711.260278711266,38715.70963827949,28536.44002923289,20013.687979069247,26355.461211000984,78900.50965025504,59340.07168645367,40130.01025546705,23759.839831561698,20023.951408802102,20013.687979069247,81594.26637620539,35379.068632128
214883,Peirce College,Philadelphia,PA,4,2,22.0,,,799,12148.0,,,13686.0,10610.0,,18660.0,15060.0,0.5278,0.1,,0.319243604,0.5548628429,33719.433476,31250.0,20911.0,21995.0,21875.0,947,50660.0,30162.0,73525.0,80100.0,peirce college,75461.86711082392,19151.55988150934,,10889.498946560241,32073.217915175075,30956.55676024034,12468.014439473498,22574.413697416825,14046.529932386755,34607.70361126391,51994.53502664862,15456.725177681172,,21461.857914375232,22451.252540622554,82210.07216017676,
214971,Pennsylvania Academy of the Fine Arts,Philadelphia,PA,4,2,30.0,,,23,42454.0,39928.0,42301.0,42893.0,44893.0,46702.0,66106.0,44600.0,0.3535,0.5758,0.0,0.5526315789,,83632.581818,22309.0,,15000.0,19750.0,71,29881.0,11449.0,53406.0,,pennsylvania academy of the fine arts,54812.872831290886,67847.42859201804,40979.82223734754,46075.61509971055,22896.685391028503,11750.600701146863,43572.36458786696,15395.144599284036,44022.92915313935,85835.71268663753,30668.154384747086,45774.89660853787,43415.33411295427,,20270.273722390648,,47932.26953838421
215053,Pennsylvania College of Art and Design,Lancaster,PA,3,2,30.0,0.9924,,400,30083.0,24547.0,24115.0,26576.0,30876.0,37851.0,43815.0,32150.0,0.4737,0.6852,0.8511,0.51875,,70393.054795,27000.0,27000.0,25000.0,25415.0,146,33301.0,15518.0,49235.0,,pennsylvania college of art and design,50531.99628971663,44969.21737450867,25193.640965241684,31689.36564316626,27711.260278711266,15926.79025944598,30875.47566535078,25658.574332140062,27276.09085803817,72247.41715695664,34178.24735338385,32996.92659113212,24750.260800782304,27711.260278711266,26084.506666053585,,38848.10788183334
215062,University of Pennsylvania,Philadelphia,PA,4,2,15.0,0.054,1553.0,10650,28699.0,-3012.0,316.0,10439.0,25476.0,55972.0,89028.0,68686.0,0.1653,0.9654,0.9888,0.8442136499,0.1876351059,98373.94004,15715.0,12500.0,15000.0,13000.0,1523,111371.0,69735.0,183142.0,236200.0,university of pennsylvania,187966.5048134718,91373.26222567061,-3091.3450355362347,26147.113587424006,16128.979825183242,71572.02724207149,29455.016990323504,15395.144599284036,10713.994298128404,100965.40211447318,114304.84327779083,70495.3934630949,324.32437955825037,12829.287166070031,13342.458652712832,242422.2102900593,57446.46890074174
215114,Cairn University-Langhorne,Langhorne,PA,4,2,19.0,0.8817,1110.0,775,27642.0,24029.0,23867.0,26050.0,26309.0,33129.0,46233.0,34009.0,0.3205,0.5968,0.7662,0.6094339623,0.295890411,74417.485804,26926.0,17875.0,12500.0,16750.0,327,44172.0,27125.0,64255.0,67200.0,cairn university-langhorne,65947.66774846638,47450.91468391326,24661.99530507974,27002.057284170914,27635.31089868813,27839.553150371965,28370.172467560624,12829.287166070031,26736.234454089943,76377.86364451646,45335.62181597163,34904.89817847005,24495.72774340747,18345.880647480142,17191.24480253384,68970.24780479248,34001.716361978724
215442,Point Park University,Pittsburgh,PA,4,2,17.0,0.9691,,2331,25942.0,22436.0,22064.0,22362.0,27325.0,29813.0,52643.0,39570.0,0.387,0.5854,0.7394,0.5249554367,0.292798111,78028.736417,27000.0,20909.0,20832.0,20000.0,1723,45856.0,25514.0,66756.0,79600.0,point park university,68514.55152465368,54029.77314267397,23027.030948635776,28044.821745029087,27711.260278711266,26186.11462040886,26625.3894129751,21380.77681948567,22951.08156861264,80084.24533594234,47063.98338298458,40612.39145291129,22645.231362573533,21459.80522842866,20526.85946571205,81696.90067353395,30598.363062563665
215655,Robert Morris University,Moon Township,PA,4,2,17.0,0.8989,,2896,23003.0,19548.0,16857.0,20199.0,23230.0,28842.0,51621.0,35970.0,0.233,0.6569,0.832,0.6553211889,0.3001745201,82319.921945,26950.0,23189.0,23250.0,23250.0,1742,62105.0,41953.0,87672.0,84100.0,robert morris university,89981.54115389533,52980.85062397608,20062.952441786958,23841.947269424545,27659.943130046984,43058.16675825088,23608.967414488714,23862.474128890255,20731.101717395883,84488.47344967001,63741.03035590234,36917.556749083116,17301.0635006754,23799.867207519834,23862.474128890255,86315.44405331917,29601.784035503344
215691,Rosemont College,Rosemont,PA,4,2,19.0,0.7634,,486,20150.0,10124.0,13373.0,20180.0,24825.0,30670.0,38498.0,23845.0,0.4489,0.5714,0.8202,0.5,0.3746556474,59920.353116,27000.0,30269.0,24125.0,27000.0,279,48555.0,28444.0,68061.0,89300.0,rosemont college,69853.92910479139,39512.151785549126,10390.696261543439,25478.96431181508,27711.260278711266,29193.299532135676,20680.810911704888,24760.52423051516,20711.601200903457,61498.83337739865,49834.08306788243,24473.14819799519,13725.284581748361,31066.3754583819,27711.260278711266,91652.42751440429,31477.938990669427
215743,Saint Francis University,Loretto,PA,4,2,18.0,0.7682,1155.0,1557,23526.0,21906.0,19995.0,22677.0,28717.0,22945.0,59815.0,44000.0,0.177,0.7439,0.8302,0.7644970414,0.2571428571,94387.766929,27000.0,20750.0,27000.0,26205.0,716,62101.0,42286.0,89673.0,88500.0,saint francis university,92035.25344343983,61390.70494707831,22483.069172794407,29473.491163842646,27711.260278711266,43399.93896835498,24145.74478951708,27711.260278711266,23274.379605197606,96874.22135169832,63736.924984009194,45159.090824566505,20521.72775084562,21296.61669567625,26895.31761494921,90831.35313577582,23549.43952203815
215770,Saint Joseph's University - Philadelphia,Philadelphia,PA,4,2,18.0,0.8883,1258.0,4948,29689.0,22570.0,23022.0,24297.0,28772.0,33222.0,67954.0,53260.0,0.198,0.7884,0.8868,0.7923355774,0.1751018034,143720.37468,25500.0,20916.0,20616.0,23000.0,1945,86881.0,59140.0,127367.0,105000.0,saint joseph's university - philadelphia,130722.22547846733,69744.11040664982,23164.560907056046,29529.94002737335,26171.745818782863,60697.92344011053,30471.09653387625,21159.08673725598,24937.055221920284,147506.39667079202,89169.70386202642,54663.02675719118,23628.46793098114,21466.98962924166,23605.888385568855,107766.01219498826,34097.16625849428
215798,Saint Vincent College,Latrobe,PA,4,2,21.0,0.6173,1116.0,1259,23510.0,17249.0,18117.0,19637.0,23382.0,26448.0,56752.0,42396.0,0.2672,0.6859,0.8225,0.7759036145,0.2679355783,92165.575419,27000.0,24516.0,23250.0,24516.0,689,59982.0,41646.0,84764.0,84200.0,saint vincent college,86996.9357875808,58247.01641990451,17703.389946203355,23997.951401363956,27711.260278711266,42743.079465452196,24129.323301944514,23862.474128890255,20154.296966409376,94593.4907101149,61562.104223617,43512.8366954164,18594.25564701526,25161.824333069828,25161.824333069828,86418.07835064773,27144.71895745761
215929,University of Scranton,Scranton,PA,4,2,18.0,0.8123,1237.0,3554,32568.0,23896.0,23407.0,23912.0,29482.0,39348.0,69552.0,53983.0,0.2406,0.7979,0.8538,0.7898503578,0.2034722222,126579.85812,27000.0,25899.0,25380.0,26000.0,1147,74652.0,51775.0,101526.0,103100.0,university of scranton,104200.49670579407,71384.20647796022,24525.491689632756,30258.64353840613,27711.260278711266,53138.907441862066,33425.9379539655,26048.58466198859,24541.913177205326,129914.34794095051,76618.5556417168,55405.07272687668,24023.609975696098,26581.256665123816,26684.917305425664,105815.9605457456,40384.54331284188
215947,Seton Hill University,Greensburg,PA,4,2,19.0,0.7953,1117.0,1492,22204.0,15143.0,13436.0,17823.0,21993.0,27764.0,56183.0,42944.0,0.3127,0.6736,0.8088,0.6474501109,0.242506812,90990.057307,27000.0,22000.0,23250.0,22342.0,666,51748.0,35948.0,75671.0,73300.0,seton hill university,77664.39913149482,57663.027268105,15541.911644463877,22572.361011470253,27711.260278711266,36894.97720367084,22788.919378833518,23862.474128890255,18292.510812869292,93387.00595589374,53111.19618158336,44075.27264477691,13789.944189065354,22579.545412283253,22930.55470914693,75230.93994183466,28495.386310301466
216278,Susquehanna University,Selinsgrove,PA,4,2,21.0,0.8143,1232.0,2163,28819.0,19757.0,18493.0,21171.0,24190.0,33866.0,75410.0,59850.0,0.249,0.8174,0.8633,0.8161993769,0.2158979392,102372.68511,27000.0,27000.0,27000.0,27000.0,642,61723.0,43199.0,84592.0,90100.0,susquehanna university,86820.40479617567,77396.52361546727,20277.458123203647,24827.236523778723,27711.260278711266,44336.99010296474,29578.178147117775,27711.260278711266,21728.707087429488,105069.48601902812,63348.967340107236,61426.626951143306,18980.160604970646,27711.260278711266,27711.260278711266,92473.50189303278,34758.13113329021
216287,Swarthmore College,Swarthmore,PA,3,2,21.0,0.0746,1534.0,1613,23149.0,7690.0,4951.0,11444.0,22443.0,47544.0,84103.0,65494.0,0.1948,0.9227,0.9398,0.8643410853,0.2687747036,,17500.0,7500.0,14811.0,12000.0,162,80257.0,50812.0,138207.0,114500.0,swarthmore college,141847.78330888326,86318.52308223901,7892.577464566282,23034.215349448776,17961.002032498043,52150.53915858803,23758.81348858841,15201.165777333057,11745.468986280433,,82371.20800698259,67219.30669236724,5081.4240607370175,7697.572299642018,12316.115679427228,117516.27044120147,48796.45032189068
216357,Thiel College,Greenville,PA,4,2,22.0,0.7155,,788,22347.0,17247.0,20947.0,20038.0,23683.0,26400.0,53202.0,38344.0,0.4078,0.4873,0.7327,0.6171243942,0.3155555556,67109.609603,27000.0,12750.0,21500.0,15624.0,490,49714.0,34546.0,71007.0,66700.0,thiel college,72877.53550409077,54603.49886474062,17701.337260256783,24306.880636322923,27711.260278711266,35456.044355124424,22935.68642401336,22066.37392564045,20565.8604986969,68877.47625597904,51023.61457392044,39354.09496766314,21498.806261413512,13085.872909391432,16035.582614614252,68457.07631814969,27095.454494739904
216366,Thomas Jefferson University,Philadelphia,PA,4,2,16.0,0.8097,1243.0,3755,28928.0,22537.0,24407.0,24680.0,29734.0,34889.0,64197.0,47505.0,0.3747,0.6857,0.8246,0.8723684211,0.3297985154,78592.290424,14744.0,12500.0,12500.0,13500.0,1262,77449.0,48715.0,102493.0,156500.0,thomas jefferson university,105192.97036096125,65888.13985601581,23130.69158893762,30517.281967674102,15132.400798122922,49998.29794360812,29690.049531205907,12829.287166070031,25330.14458068867,80662.64503109375,79489.23693799663,48756.42294593254,25049.9529489817,12829.287166070031,13855.630139355633,160622.67531919677,35808.07999496139
216524,Ursinus College,Collegeville,PA,3,2,21.0,0.9177,1310.0,1491,30536.0,20622.0,24154.0,28815.0,31326.0,33625.0,76815.0,61210.0,0.2011,0.7328,0.8691,0.8269230769,0.1884550085,116974.92321,27000.0,27000.0,26000.0,26267.0,488,73721.0,50224.0,106026.0,92200.0,ursinus college,108819.04008557928,78838.53549293354,21165.244795095692,32151.219981144783,27711.260278711266,51547.04949029609,31340.409032249154,26684.917305425664,29574.072775224635,120056.39048720642,75663.0303335879,62822.453394811724,24790.28817674044,27711.260278711266,26958.95087929292,94628.82213693255,34510.78247672838
216542,University of Valley Forge,Phoenixville,PA,4,2,22.0,0.612,,471,32265.0,30614.0,31228.0,32077.0,33146.0,32981.0,45422.0,25240.0,0.4739,0.4904,0.7849,0.5202205882,0.3333333333,60947.710456,27000.0,20000.0,20800.0,20000.0,339,39016.0,22009.0,57865.0,63200.0,university of valley forge,59389.33614917139,46618.550532578636,31420.463784165433,34019.16419252458,27711.260278711266,22588.782499042823,33114.95603305996,21347.93384434053,32922.00355408227,62553.25436436104,40043.79744571106,25904.896645728604,32050.638369762793,20526.85946571205,20526.85946571205,64864.87591165007,33849.81760193245
216597,Villanova University,Villanova,PA,4,2,16.0,0.2698,1460.0,6938,43756.0,17823.0,16496.0,20923.0,33389.0,58741.0,84793.0,67776.0,0.1202,0.9186,0.9506,0.8993123772,0.1257420399,150074.62666,25874.0,25000.0,24966.0,25000.0,1289,100423.0,71695.0,138720.0,136600.0,villanova university,142374.29725417876,87026.69973380609,18292.510812869292,34268.565535032976,26555.59809079168,73583.65946971126,44908.66313908482,25623.67867104835,21474.17403005466,154028.03854095115,103068.44040626005,69561.421357405,16930.553687319298,25658.574332140062,25658.574332140062,140198.4501508133,60288.41259376957
216667,Washington & Jefferson College,Washington,PA,3,2,21.0,0.8064,,1295,25002.0,15265.0,13958.0,18975.0,32322.0,29655.0,42972.0,29392.0,0.3115,0.6952,0.8121,0.7829341317,0.2160493827,,27000.0,26437.0,25250.0,26000.0,492,67918.0,45838.0,101438.0,96100.0,washington & jefferson college,104110.17852414494,44104.010248028906,15667.125487204721,33173.457582537245,27711.260278711266,47045.50920946545,25660.62701808663,25915.160075461463,19474.857918094305,,69707.16205961154,30166.272670810427,14325.695221120439,27133.429184751472,26684.917305425664,98631.55973274639,30436.20087278454
216694,Waynesburg University,Waynesburg,PA,4,2,19.0,0.8982,1090.0,1009,18235.0,12916.0,11974.0,14786.0,19300.0,27921.0,44397.0,30480.0,0.3816,0.6554,0.7164,0.74,0.2635327635,80505.406562,27000.0,19532.0,21500.0,21500.0,893,58537.0,40386.0,84282.0,84800.0,waynesburg university,86502.23847445715,45566.54898496089,13256.245842956841,19808.419384412126,27711.260278711266,41449.88731911234,18715.36411786296,22066.37392564045,15175.507203000918,82626.15833640934,60079.03862721931,31282.933825745164,12289.430762121803,20046.530954214388,22066.37392564045,87033.88413461909,28656.522157107305
216807,Westminster College,New Wilmington,PA,4,2,21.0,0.9256,,1041,19859.0,15226.0,15101.0,17687.0,19595.0,23964.0,53003.0,40290.0,0.2682,0.6455,0.8097,0.7991858887,0.2553571429,,26060.0,20125.0,23250.0,23250.0,561,53861.0,41182.0,73557.0,83000.0,westminster college,75494.71008596905,54399.25661305679,15627.098111246583,20111.19056153138,26746.497883822798,42266.85632584768,20382.14510647878,23862.474128890255,18152.92816850245,,55279.85888413583,41351.35839367692,15498.805239585881,20655.15233737275,23862.474128890255,85186.466782705,24595.283011816176
216852,Widener University,Chester,PA,4,2,17.0,0.7093,1180.0,2951,25759.0,21200.0,22275.0,22514.0,25900.0,32296.0,70621.0,55730.0,0.328,0.6832,0.7836,0.660326087,0.3003778338,102033.29149,27000.0,22125.0,25000.0,24957.0,1323,70920.0,46675.0,97171.0,92200.0,widener university,99730.77305713527,72481.36711640253,21758.471033654772,26582.283008097103,27711.260278711266,47904.55827810549,26437.56864886383,25658.574332140062,23107.085700552052,104721.15176196316,72788.24366541492,57198.09390120662,22861.789729936794,22707.838283943955,25614.44158428878,94628.82213693255,33146.772665231816
216931,Wilkes University,Wilkes-Barre,PA,4,2,17.0,0.9064,1136.0,1985,27743.0,25062.0,23440.0,26432.0,27843.0,31638.0,56765.0,43496.0,0.3446,0.6317,0.7157,0.7235099338,0.3461237275,79696.173623,26000.0,19500.0,20500.0,21275.0,853,63454.0,42451.0,95134.0,112500.0,wilkes university,97640.1124205525,58260.35887855722,25722.207596483768,28576.46740519103,26684.917305425664,43569.28555894711,28473.83310786247,21040.03095235485,27128.297469885045,81795.60779571542,65125.56702686461,44641.81396603056,24057.479293814522,20013.687979069247,21835.446756651192,115463.58449463027,32471.43898880989
217013,Wilson College,Chambersburg,PA,4,2,19.0,0.9211,1000.0,865,21741.0,14808.0,18436.0,18236.0,20905.0,26246.0,39344.0,27100.0,0.2347,0.4815,0.7447,0.6042944785,0.43,71727.952206,26328.0,21492.0,19500.0,19500.0,255,43326.0,30412.0,59095.0,62200.0,wilson college,60651.73800631268,40380.437940948745,15198.086748413201,21455.699856535517,27021.55780066334,31213.14250356174,22313.72258220228,20013.687979069247,18716.390460836246,73617.47973479363,44467.33566057201,27813.894576039827,18921.659055493365,22058.16318185417,20013.687979069247,63838.53293836447,26937.39767685392
217059,York College of Pennsylvania,York,PA,4,2,20.0,0.7374,1162.0,3265,18556.0,12927.0,14581.0,17024.0,17799.0,22196.0,37319.0,25588.0,0.2808,0.641,0.7821,0.7264815582,0.3032258065,94385.522103,26000.0,15000.0,19500.0,19000.0,1790,61012.0,42097.0,85247.0,83000.0,york college of pennsylvania,87492.65944367775,38302.0934200454,13267.535615662982,18267.87858151044,26684.917305425664,43205.960146404,19044.82021228764,20013.687979069247,17472.462777214096,96871.91739030696,62619.23748610118,26262.064000431994,14965.106893477368,15395.144599284036,19500.516492426446,85186.466782705,22780.70863504723
217156,Brown University,Providence,RI,4,2,15.0,0.0539,1546.0,7226,25184.0,-420.0,2031.0,5858.0,16219.0,44937.0,87648.0,71412.0,0.1384,0.9569,0.9882,0.8700209644,0.1704035874,109656.95702,11428.0,7847.0,11076.0,10000.0,598,93487.0,63520.0,164436.0,161000.0,brown university,168767.73315519132,89956.90892253649,-431.064048779953,16646.256683719184,11729.047498707865,65193.30566310146,25847.42143922461,11367.774772111332,6012.317137507059,112545.64730935832,95949.72554355112,73293.20440827144,2084.5025787430586,8053.713311372122,10263.429732856024,165241.218698982,46120.774190535114
217165,Bryant University,Smithfield,RI,4,2,18.0,0.6546,1265.0,3194,41219.0,32698.0,34055.0,36130.0,39680.0,44846.0,69964.0,52677.0,0.1253,0.7975,0.8691,0.8685714286,0.160667252,124764.6658,26849.0,27000.0,23075.0,25000.0,198,90008.0,59501.0,120462.0,107700.0,bryant university,123635.32724793024,71807.05978295389,33559.36254049263,40725.28917997271,27556.28248974514,61068.43325346663,42304.83101585924,23682.864108565274,37081.77162480882,128051.33805815651,92379.0783394905,54064.66880376568,34952.10995524119,27711.260278711266,25658.574332140062,110537.13822285939,46027.376979966124
217235,Johnson & Wales University-Providence,Providence,RI,4,2,18.0,0.8841,1050.0,3868,31027.0,25530.0,25443.0,28088.0,31803.0,35464.0,60314.0,42419.0,0.3004,0.5541,0.8199,0.6799300843,0.3464140731,67993.473773,26000.0,17250.0,14250.0,16666.0,4388,43418.0,25436.0,63933.0,68100.0,johnson & wales university-providence,65617.18531106842,61902.85009074782,26202.53610798143,32640.785579402014,26684.917305425664,26106.059868492583,31844.343432132388,14625.387369319835,28827.921433646,69784.62403619745,44561.75921411429,43536.44258380197,26113.244269305582,17704.416289176643,17105.03199277785,69893.95648074952,36398.227204600604
217305,New England Institute of Technology,East Greenwich,RI,4,2,20.0,0.6673,,1718,36483.0,32208.0,31358.0,36414.0,39100.0,42414.0,48543.0,37275.0,0.4334,0.5954,0.74,0.5244347192,0.4141132776,68276.775281,16668.0,13000.0,12000.0,12000.0,333,48684.0,29748.0,73886.0,75500.0,new england institute of technology,75832.37692418002,49821.766952203,33056.45448358268,40130.01025546705,17107.084678724423,30531.6507693001,37444.070694378635,12316.115679427228,37373.25302922192,70075.38854825446,49966.48131143627,38256.93432922083,32184.06295628992,13342.458652712832,12316.115679427228,77488.89448306298,43531.31086893554
217402,Providence College,Providence,RI,4,2,18.0,0.5089,1346.0,4229,48523.0,28152.0,21835.0,25296.0,33169.0,56699.0,80466.0,63550.0,0.1343,0.8582,0.9395,0.7881417209,0.1464401294,151463.73306,27000.0,25943.0,27000.0,27000.0,329,87054.0,63919.0,122404.0,110400.0,providence college,125628.48530205087,82585.71368839928,28893.60738393628,34042.770080910144,27711.260278711266,65602.81650944242,49801.24009273729,27711.260278711266,25962.371852232598,155453.7381337372,89347.26119640483,65224.095952300035,22410.19882169113,26626.415755948383,27711.260278711266,113308.26425073051,58192.62024232037
217493,Rhode Island School of Design,Providence,RI,4,2,18.0,0.1866,1473.0,2084,50507.0,29135.0,30233.0,25872.0,33893.0,64493.0,81727.0,62688.0,0.1482,0.8877,0.9504,0.8691206544,0.1055155875,116931.19165,27000.0,26000.0,21500.0,27000.0,286,68140.0,29793.0,108226.0,87900.0,rhode island school of design,111076.9946268076,83879.93217771243,29902.502526676028,34785.84239356892,27711.260278711266,30577.83620309795,51837.504551735925,22066.37392564045,26553.545404845107,120011.5069078896,69935.01019968095,64339.38830932784,31029.42711134362,26684.917305425664,27711.260278711266,90215.54735180446,66191.93737610836
217518,Roger Williams University,Bristol,RI,4,2,19.0,0.8771,1223.0,3946,37999.0,29778.0,30087.0,33623.0,37318.0,40792.0,61950.0,44418.0,0.164,0.6865,0.8109,0.789408867,0.1965909091,124779.80787,26940.0,14066.0,20500.0,19500.0,281,70266.0,49055.0,95351.0,87300.0,roger williams university,97862.82884575547,63581.94719504307,30562.44105849867,38301.06707707211,27649.67970031413,50347.25455452523,39000.006641879605,21040.03095235485,34508.729790781814,128066.87901530202,72117.01536088614,45588.10218739989,30879.58103724392,14436.540262235283,20013.687979069247,89599.74156783309,41866.5825662663
217536,Salve Regina University,Newport,RI,4,2,18.0,0.6817,1232.0,2121,36967.0,26939.0,30844.0,31264.0,34374.0,39244.0,70630.0,50100.0,0.1507,0.7688,0.8279,0.8061674009,0.1858500528,116871.78782,27000.0,27000.0,26351.0,27000.0,135,72975.0,49047.0,101056.0,84900.0,salve regina university,103718.11550834985,72490.6042031621,27648.653357340845,35279.5133637193,27711.260278711266,50339.04381073894,37940.82069344886,27045.16368904891,32087.586716801074,119950.53820438286,74897.37847551683,51419.78296160868,31656.52266802112,27711.260278711266,27711.260278711266,87136.51843194764,40277.80364362018
217606,Northpoint Bible College,Haverhill,MA,4,2,24.0,,,86,23635.0,23323.0,18307.0,29902.0,,,29902.0,14160.0,0.5109,0.5435,0.4,0.4785276074,0.4375,51750.630435,25000.0,17875.0,16250.0,17500.0,51,42210.0,25071.0,68194.0,,northpoint bible college,69990.43272023837,30689.707587186083,23937.397165940107,,25658.574332140062,25731.44468324334,24257.616173605213,16678.07331589104,30689.707587186083,53113.89591006229,43321.93690238528,14533.01650172413,18789.260811939523,18345.880647480142,17961.002032498043,,
217624,Allen University,Columbia,SC,4,2,21.0,0.7254,,576,10972.0,10553.0,9375.0,12610.0,12976.0,13298.0,23998.0,14304.0,0.7654,0.1331,0.4497,0.1382488479,0.5065616798,25126.11811,34290.0,12269.0,5500.0,12000.0,468,30497.0,16982.0,43521.0,42700.0,allen university,44667.4725403627,24630.17867290789,10830.997397082961,13317.826421353977,35193.30055396331,17429.3563723361,11261.03510288963,5644.886353070813,12942.184893131447,25788.01476814262,31300.381656291018,14680.809889877257,9621.965374552523,12592.201939241057,12316.115679427228,43824.844959295224,13648.308858751941
217633,Anderson University,Anderson,SC,4,2,18.0,0.5471,1202.0,3183,23544.0,17188.0,18724.0,19647.0,24926.0,27080.0,50192.0,34970.0,0.2077,0.6568,0.8186,0.5759438104,0.2534562212,85494.697479,26700.0,22219.0,21500.0,21718.0,865,42101.0,29175.0,58890.0,63100.0,anderson university,60441.33769678912,51514.20651515096,17640.783024832934,25582.624952116927,27403.357386725584,29943.55624560745,24164.218963036223,22066.37392564045,20164.56039614223,87746.88201074995,43210.065518297146,35891.213775797514,19217.24583179962,22804.3145234328,22290.11669381671,64762.241614321516,27793.367716574114
217688,Charleston Southern University,Charleston,SC,4,2,19.0,0.9646,1059.0,2893,21666.0,20145.0,23024.0,20697.0,21648.0,23226.0,44558.0,32520.0,0.3449,0.4724,0.6314,0.489010989,0.3071816536,64069.806686,26471.0,16601.0,18500.0,18500.0,1329,45898.0,29949.0,65834.0,71200.0,charleston southern university,67568.26330328434,45731.790203659875,20675.67919683846,22218.272685686723,27168.32484584318,30737.945706930506,22236.74685920586,18987.345005783645,21242.220518092112,65757.59589194301,47107.08978786258,33376.67349124779,23630.52061692771,17038.319699514286,18987.345005783645,73075.61969793489,23837.8418975314
217721,Benedict College,Columbia,SC,4,2,22.0,0.957,,1536,18250.0,17177.0,18686.0,19295.0,20250.0,20328.0,32000.0,17440.0,0.6234,0.2426,0.5732,0.1341609932,0.4078762307,27284.601794,32500.0,17750.0,11250.0,17367.0,1506,31902.0,16343.0,45905.0,45400.0,benedict college,47114.274188675576,32842.97514513928,17629.49325212679,20783.44520903345,33356.14663178208,16773.5232124066,18730.759262462245,11546.358449463027,19803.287669545698,28003.35933016764,32742.393533757288,17899.421454100906,19178.244798814765,18217.587775819444,17824.498417051058,46595.97098716635,20863.499960949724
217749,Bob Jones University,Greenville,SC,4,2,20.0,,,2005,16641.0,14287.0,13936.0,15414.0,17997.0,23972.0,36580.0,24470.0,0.3286,0.6475,0.8245,0.8255578093,0.1440677966,61004.187805,16585.0,12500.0,12000.0,12919.0,947,44354.0,28843.0,68207.0,,bob jones university,70003.77517889108,37543.62596278734,14663.362059331403,18471.09449022099,17021.898211941716,29602.81037847663,17079.37341844571,12316.115679427228,15820.050590224275,62611.21949465699,45522.41623710961,25114.612556298693,14303.115675708155,12829.287166070031,13259.324871876697,,24603.49375560246
217776,Southern Wesleyan University,Central,SC,4,2,20.0,0.9953,1140.0,747,15464.0,14084.0,14218.0,14230.0,14899.0,17381.0,39914.0,29800.0,0.4307,0.5236,0.6899,0.4760536398,0.3914956012,59825.988208,26000.0,20475.0,16589.0,20000.0,617,47756.0,33318.0,70437.0,88400.0,southern wesleyan university,72292.52000931797,40965.45343572154,14455.014435754425,15291.483958982191,26684.917305425664,34195.6951839297,15871.367738888555,17026.00358383486,14604.860509854123,61401.98261714811,49014.03503222723,30585.02060391095,14592.544394174694,21014.37237802271,20526.85946571205,90728.71883844725,17838.867218677056
217873,Claflin University,Orangeburg,SC,4,2,21.0,0.6493,,1706,17800.0,16354.0,21118.0,22279.0,23502.0,25071.0,33530.0,18282.0,0.7349,0.516,0.7549,0.2545289855,0.3235867446,37520.038191,29000.0,23000.0,24367.0,21500.0,787,40304.0,25171.0,55829.0,57400.0,claflin university,57299.7018555619,34413.27989426625,16784.81298511274,24121.112558158227,29763.94622528247,25834.0789805719,18268.904924483722,25008.899230050276,22865.895101829938,38508.427554740294,41365.72719530292,18763.602237607385,21674.310909845353,23605.888385568855,22066.37392564045,58912.086666593576,25731.44468324334
217891,Clinton College,Rock Hill,SC,3,2,23.0,,,126,11458.0,11105.0,11999.0,6854.0,12222.0,,25015.0,11136.0,0.7677,0.1405,0.5814,0.1466666667,0.3962264151,28847.884892,28987.0,11954.0,,12000.0,132,30180.0,13759.0,46093.0,,clinton college,47307.226667653274,25673.969476739345,11397.538718336615,12543.963819496632,29750.603766629756,14121.452969436603,11759.837787906432,,7034.554738899519,29607.82395305609,30975.03093375948,11429.35535050847,12315.089336453944,12268.903902656091,12316.115679427228,,
217907,Coker University,Hartsville,SC,4,2,20.0,0.9396,,840,20286.0,16789.0,15138.0,18227.0,24421.0,24160.0,45805.0,33416.0,0.257,0.3953,0.6941,0.3882978723,0.3761609907,62657.207392,26000.0,15505.0,13750.0,16000.0,484,40117.0,23027.0,56329.0,60500.0,coker university,57812.8733422047,47011.63989134702,17231.272178491978,25064.321750607698,26684.917305425664,23633.599645847567,20820.39355607173,14112.215882677034,18707.153374076675,64307.784532477905,41173.801059298516,34296.27679531169,15536.77992959745,15913.447800793265,16421.48757256964,62093.749883778946,24796.446234580155
217925,Columbia International University,Columbia,SC,4,2,19.0,0.9447,,716,26036.0,21955.0,25644.0,23535.0,28722.0,29751.0,43045.0,27900.0,0.3417,0.4679,0.5327,0.6625514403,0.2413793103,67092.17561,20000.0,9500.0,13000.0,9821.0,198,38951.0,21349.0,59327.0,53100.0,columbia international university,60889.84957611493,44178.933285078754,22533.3599784854,29478.622878709073,20526.85946571205,21911.396136674328,26721.865652463945,13342.458652712832,24154.98187627665,68859.58299976718,39977.0851524475,28634.968954668308,26319.539206935988,9750.258246213223,10079.714340637902,54498.81188146549,30534.729798219956
217934,Columbia College,Columbia,SC,4,2,20.0,0.9393,,1343,18408.0,17541.0,17017.0,16816.0,22928.0,20399.0,35258.0,22214.0,0.5398,0.3688,0.6042,0.4449152542,0.4139037433,57266.477157,22750.0,12000.0,18781.0,14953.0,479,41338.0,26337.0,55228.0,62300.0,columbia college,56682.869728617254,36186.80055210377,18003.08209440275,23531.99169149229,23349.302642247454,27030.79488742291,18892.921452241368,19275.7473812769,17258.98343877069,58775.04643490741,42426.96582968023,22799.182808566373,17465.278376401096,12316.115679427228,15346.906479539613,63941.16723569303,20936.370312053004
217961,Converse University,Spartanburg,SC,4,2,20.0,0.6774,1138.0,1173,23283.0,14137.0,18500.0,23610.0,24754.0,29105.0,38838.0,25240.0,0.3978,0.6154,0.7964,0.5928571429,0.3170212766,67382.466042,27000.0,22250.0,22500.0,21500.0,277,40867.0,26797.0,56823.0,59700.0,converse university,58319.88677100778,39861.108396466225,14509.410613338561,25406.0939607118,27711.260278711266,27502.91265513429,23896.34344700868,23092.716898926054,24231.95759927307,69157.52054486242,41943.55828926271,25904.896645728604,18987.345005783645,22836.131155604653,22066.37392564045,61272.675505150466,29871.71223747746
217998,Erskine College,Due West,SC,4,2,17.0,0.6274,,766,16525.0,14555.0,12666.0,18652.0,16405.0,18942.0,55248.0,36710.0,0.468,0.4518,0.5578,0.6772727273,0.2225352113,77964.407104,27000.0,5500.0,9713.0,9500.0,197,53459.0,36547.0,77842.0,66600.0,erskine college,79892.58972649787,56703.396588082964,14938.421976171943,16837.156476750308,27711.260278711266,37509.75664466891,16960.31763354458,9968.869299523056,19143.349137723057,80018.2213975685,54867.26900887502,37677.05054931447,12999.660099635441,5644.886353070813,9750.258246213223,68354.44202082112,19440.98859997588
218070,Furman University,Greenville,SC,4,2,21.0,0.4295,1371.0,2379,30308.0,16401.0,17290.0,21041.0,27736.0,39310.0,76798.0,59770.0,0.1319,0.7876,0.9061,0.8255451713,0.1237785016,113204.01508,23250.0,19031.0,19500.0,20250.0,494,68635.0,46655.0,102175.0,97400.0,furman university,104866.59329545643,78821.0876623877,16833.051104857164,28466.64870704947,23862.474128890255,47884.03141863978,31106.40283434004,20013.687979069247,21595.28250090236,116186.14542507537,70443.04997145732,61344.51951328046,17745.470008108066,19532.3331245983,20783.44520903345,99965.80559801767,40345.54227985703
218399,Morris College,Sumter,SC,3,2,22.0,,,383,20555.0,20485.0,20609.0,20727.0,21121.0,,30148.0,16664.0,0.9554,0.1735,0.4127,0.1298543689,0.4,25386.596078,31400.0,12300.0,24699.0,14750.0,604,30614.0,17343.0,42409.0,46200.0,morris college,43526.17915406911,30942.18795861434,21024.635807755567,21677.38993876521,32227.169361167915,17799.866185692204,21096.47981588556,25349.645097181095,21273.01080729068,26055.354500295132,31420.463784165433,17102.97930683128,21151.90233644298,12624.01857141291,15138.558855962636,47417.04536579483,
218414,Newberry College,Newberry,SC,4,2,22.0,0.8979,,1479,21656.0,19887.0,19229.0,21786.0,23619.0,23578.0,46442.0,31100.0,0.487,0.4514,0.6925,0.5581039755,0.3131313131,65072.978078,26805.0,15750.0,17617.0,15871.0,580,48040.0,30927.0,69487.0,60800.0,newberry college,71317.49418469665,47665.42036532995,20410.882709730777,24241.194686032642,27511.123398920572,31741.709134803827,22226.483429473006,18081.08416037246,22359.908016000136,66787.19380112334,49305.51643664034,31919.266469182236,19735.54903330885,16164.901829248238,16289.089329015796,62401.652775764625,24199.114624127935
218441,North Greenville University,Tigerville,SC,4,2,20.0,0.6667,1156.0,1819,21063.0,18947.0,16988.0,20704.0,20433.0,24550.0,42034.0,25800.0,0.3335,0.5453,0.7249,0.6076233184,0.267,64712.818076,23082.0,14288.0,14000.0,15000.0,787,43035.0,25987.0,59440.0,58600.0,north greenville university,61005.82633209621,43141.30053908701,19446.12031484231,20971.265973144713,23690.048509378274,26671.57484677295,21617.862046314644,14368.801625998434,21249.40491890511,66417.54611381212,44168.6698553459,26479.648710768543,17435.514430175816,14664.388402304687,15395.144599284036,60143.6982345363,25196.71999416154
218539,Presbyterian College,Clinton,SC,4,2,21.0,0.6837,1118.0,852,20528.0,18277.0,15985.0,19366.0,19901.0,27032.0,60242.0,44910.0,0.3333,0.5146,0.7955,0.7294429708,0.1975609756,80706.973171,26000.0,13722.0,13000.0,13000.0,352,60194.0,42452.0,85285.0,77200.0,presbyterian college,87531.6604766626,61828.95339667126,18758.470522740954,20425.251511356775,26684.917305425664,43570.311901920395,21068.768555606846,13342.458652712832,19876.158020648978,82833.03480920549,61779.688933953556,46093.062930256405,16406.092427970354,14083.478279425037,13342.458652712832,79233.6775376485,27744.103253856403
218821,Spartanburg Methodist College,Spartanburg,SC,3,2,1.0,0.7816,,1116,14580.0,13794.0,13416.0,15673.0,15204.0,18025.0,32183.0,20650.0,0.6105,0.4292,,0.4464831804,0.3140495868,55050.212401,12000.0,8250.0,7560.0,6979.0,660,42895.0,26025.0,57744.0,55300.0,spartanburg methodist college,59265.148649403825,33030.79590925054,14157.374973501599,15604.5185658343,12316.115679427228,26710.575879757802,14964.080550504083,7759.1528780391545,16085.873420305246,56500.39867564628,44024.981839085915,21193.98239834769,13769.417329599642,8467.32952960622,7162.847610560219,56756.766422693814,18499.832093472985
218919,Voorhees University,Denmark,SC,4,2,22.0,,,440,13335.0,11968.0,13701.0,18453.0,21067.0,,25574.0,12630.0,0.7669,0.4295,0.5631,0.1755319149,0.3911439114,24673.27931,26700.0,16000.0,,13937.0,499,35339.0,18828.0,49657.0,55900.0,voorhees university,50965.11302444316,26247.695198805995,12283.27270428209,21621.967418207787,27403.357386725584,19323.98550102132,13686.283548763507,,18939.106886039222,25323.246847731538,36269.934332939905,12962.711752597159,14061.92507698604,16421.48757256964,14304.142018681441,57372.57220666517,
218973,Wofford College,Spartanburg,SC,3,2,21.0,0.5194,1296.0,1816,18732.0,8493.0,11627.0,10830.0,19092.0,23770.0,72441.0,56005.0,0.1564,0.842,0.9098,0.787965616,,,25732.0,15000.0,21500.0,19875.0,367,68964.0,47662.0,96651.0,98400.0,wofford college,99197.07471102675,74349.31132778233,8716.730872114622,19594.94004596872,26409.857388585122,48917.55879273838,19225.456575585904,22066.37392564045,11115.294400683075,,70780.71680966829,57480.33821886016,11933.2897503917,15395.144599284036,20398.566594051346,100992.14857130327,24396.17247499877
219000,Augustana University,Sioux Falls,SD,4,2,19.0,0.6775,1195.0,1965,23894.0,18746.0,18895.0,17937.0,24787.0,27327.0,55159.0,40160.0,0.178,0.7297,0.8612,0.8290909091,0.1448275862,98925.380357,25000.0,19385.0,21500.0,21500.0,647,59217.0,43122.0,82312.0,80800.0,augustana university,84480.3428170845,56612.05206346054,19239.825377211902,25439.963278830226,25658.574332140062,44257.961694021746,24523.439003686184,22066.37392564045,18409.51391182385,101531.36900901252,60776.95184905352,41217.93380714979,19392.750480231458,19895.658537141404,22066.37392564045,82928.51224147668,28046.87443097566
219091,Dakota Wesleyan University,Mitchell,SD,4,2,22.0,0.7338,,670,19735.0,15251.0,15750.0,15927.0,19048.0,22416.0,43864.0,33790.0,0.2712,0.4832,0.7514,0.7014613779,0.2894168467,85109.029101,27000.0,12125.0,19500.0,17052.0,458,53728.0,38140.0,73136.0,62800.0,dakota wesleyan university,75062.61969421581,45019.508180199664,15652.756685578723,19549.780955144153,27711.260278711266,39144.72100111288,20254.878577791365,20013.687979069247,16346.56453551979,87351.05398097119,55143.35526868884,34680.12906732051,16164.901829248238,12444.408551087929,17501.200380466093,64454.33872233583,23006.504089170063
219198,Mount Marty University,Yankton,SD,4,2,20.0,0.4257,1120.0,697,22227.0,19564.0,18492.0,23669.0,22331.0,23601.0,48247.0,34600.0,0.2235,0.5238,0.6759,0.6561181435,0.3202846975,74795.682203,26396.0,12979.0,15558.0,14086.0,380,48179.0,33381.0,69519.0,60500.0,mount marty university,71350.3371598418,49517.96943211046,20079.373929359524,22919.264936440788,27091.34912284676,34260.3547912467,22812.525267219084,15967.843978377403,24292.511834696925,76766.02286115204,49448.17810992704,35511.46687568184,18979.13426199736,13320.905450273835,14457.067121700995,62093.749883778946,24222.720512513504
219383,University of Sioux Falls,Sioux Falls,SD,4,2,19.0,0.8289,,1218,21383.0,18145.0,17804.0,17992.0,21375.0,24038.0,34274.0,21750.0,0.2884,0.6291,0.745,0.7435897436,0.2471590909,87323.291096,23249.0,15250.0,16655.0,15250.0,648,54521.0,38541.0,78768.0,70300.0,university of sioux falls,80842.98331976033,35176.879066390735,18622.993250267256,21938.081053979753,23861.44778591697,39556.2845334004,21946.291797766036,17093.74222007171,18465.962775354557,89623.64622055281,55957.24524650433,22322.959668961852,18273.010296376866,15651.730342605437,15651.730342605437,72151.91102197785,24671.232391839312
219505,American Baptist College,Nashville,TN,3,2,22.0,,,46,9216.0,12288.0,0.0,,,,27044.0,13604.0,0.5625,0.3889,1.0,,0.4848484848,23496.636364,,19000.0,,,34,41216.0,23456.0,57194.0,,american baptist college,58700.66001409674,27756.419369535834,12611.702455733483,,,24073.900781387092,9458.776841800112,,,24115.607628038368,42301.75198693939,13962.369808577336,0.0,19500.516492426446,,,
219639,Baptist Health Sciences University,Memphis,TN,4,2,26.0,0.8202,1050.0,770,11212.0,6354.0,6989.0,14384.0,14267.0,18446.0,22227.0,13796.0,0.4543,0.398,0.5263,0.5505124451,0.4285714286,52681.623188,29500.0,15750.0,16750.0,16170.0,346,72529.0,48076.0,97481.0,89000.0,baptist health sciences university,100048.93937885381,22812.525267219084,6521.383252256718,14642.835199865689,30277.11771192527,49342.464783678624,11507.357416478175,17191.24480253384,14762.917327740106,54069.413780283656,74439.62950943146,14159.42765944817,7173.111040293075,16164.901829248238,16595.96587802819,91344.52462241861,18931.922485226223
219709,Belmont University,Nashville,TN,4,2,17.0,0.9528,1280.0,7137,33147.0,22950.0,24723.0,28009.0,32153.0,43606.0,62570.0,42540.0,0.2075,0.7066,0.8694,0.7599318956,0.1584582441,119389.92177,20500.0,18749.0,16750.0,18875.0,1389,55930.0,32026.0,84814.0,83800.0,belmont university,87048.25293624509,64218.27983848014,23554.571236904576,33000.005620051976,21040.03095235485,32869.6600624447,34020.190535497866,17191.24480253384,28746.84033875644,122535.00728975727,57403.362495863745,43660.63008356953,25374.27732853995,19242.904406131758,19372.223620765744,86007.54116133349,44754.71169309198
219718,Bethel University,McKenzie,TN,4,2,18.0,0.6023,972.0,1547,12595.0,11871.0,17356.0,11713.0,10473.0,15163.0,31203.0,18712.0,0.317,0.3505,0.5392,0.3350613915,0.5121749897,48276.741897,27249.0,15634.0,17375.0,17350.0,2191,47482.0,30259.0,68992.0,79200.0,bethel university,70809.45441292028,32024.979795430652,12183.717435873386,10748.889959220114,27966.81967905938,31056.112028649044,12926.789748532163,17832.70916083734,12021.555246094262,49548.49481910859,48732.81705754698,19204.929716120194,17813.208644344915,16045.846044347109,17807.050586505204,81286.3634842197,15562.43850392959
219790,Bryan College-Dayton,Dayton,TN,4,2,20.0,,,814,20614.0,19500.0,19904.0,21807.0,20655.0,21035.0,31270.0,19800.0,0.2662,0.4974,0.7105,0.6892430279,0.3571428571,63789.404558,23000.0,12000.0,16245.0,12767.0,552,54434.0,34075.0,85369.0,69600.0,bryan college-dayton,87617.87328641859,32093.74477464079,20013.687979069247,21199.114113214117,23605.888385568855,34972.6368147069,21157.03405130941,16672.94160102461,22381.461218439134,65469.80713817588,55867.953407828485,20321.590871054927,20428.33054027663,12316.115679427228,13103.320739937286,71433.47094067793,21589.124443062647
219806,Carson-Newman University,Jefferson City,TN,4,2,17.0,0.9045,1117.0,1387,20251.0,16672.0,16446.0,17313.0,21209.0,28621.0,49024.0,34700.0,0.3337,0.5324,0.7417,0.6414662085,0.3466092573,62721.051078,21500.0,13250.0,15000.0,14250.0,747,48382.0,30972.0,68441.0,68300.0,carson-newman university,70243.93943463992,50315.437922353376,17111.190050617563,21767.708120414343,22066.37392564045,31787.894568601678,20784.471552006733,15395.144599284036,17769.075896493636,64373.31005099266,49656.525733504015,35614.10117301041,16879.23653865502,13599.044396034233,14625.387369319835,70099.22507540665,29374.962238407228
219833,Christian Brothers University,Memphis,TN,4,2,19.0,0.867,1098.0,905,9854.0,9466.0,11657.0,10023.0,12839.0,5843.0,48038.0,38420.0,0.3098,0.5471,0.7487,0.5390625,0.3587921847,64376.458874,27000.0,19715.0,17500.0,15933.0,493,57478.0,34312.0,80059.0,87500.0,christian brothers university,82167.99209827205,49303.46375069377,9715.362585121513,13177.21743401385,27711.260278711266,35215.88009937559,10113.583658756326,17961.002032498043,10287.035621241594,66072.32621033947,58992.141418509855,39432.09703363285,11964.080039590268,20234.35171832565,16352.722593359504,89805.01016249022,5996.921992907775
219949,Cumberland University,Lebanon,TN,4,2,19.0,0.6733,,2104,18759.0,17882.0,18048.0,19609.0,20333.0,20917.0,43358.0,27840.0,0.3028,0.4559,0.5947,0.6262886598,0.4082191781,59964.675182,17952.0,11080.0,12000.0,11752.0,549,57687.0,38662.0,82086.0,67300.0,cumberland university,84248.38930512196,44500.17863571715,18353.06504829314,20868.631675816156,18424.909056423134,39680.472033167964,19253.167835864617,12316.115679427228,20125.55936315738,61544.32301839925,59206.647099926544,28573.38837627117,18523.43798185855,11371.880144004475,12061.5826220524,69072.88210212105,21468.015972214947
219976,Lipscomb University,Nashville,TN,4,2,17.0,0.6773,1256.0,2997,24739.0,20048.0,20009.0,24124.0,25210.0,31265.0,55117.0,40572.0,0.241,0.7216,0.8357,0.6902587519,0.2357032457,93578.950404,19500.0,12500.0,17750.0,15750.0,948,55541.0,36819.0,82845.0,82200.0,lipscomb university,85027.38362184573,56568.94565858255,20576.12392842976,25874.106356530036,20013.687979069247,37788.9219334026,25390.69881611252,18217.587775819444,24759.49788754187,96044.09819458729,57004.115079255644,41640.78711214346,20536.09655247162,12829.287166070031,16164.901829248238,84365.39240407651,32088.61305977436
220181,Fisk University,Nashville,TN,4,2,21.0,0.3742,1200.0,1035,32020.0,27647.0,32474.0,34204.0,34974.0,26678.0,39450.0,25858.0,0.5179,0.2993,0.7381,0.3992932862,0.2657807309,48129.734628,27000.0,13000.0,23750.0,13880.0,169,45454.0,25449.0,63020.0,61100.0,fisk university,64680.13417645866,40489.23029611701,28375.30418242705,35895.31914769066,27711.260278711266,26119.402327145297,32863.50200460499,24375.645615533056,35105.03505826074,49397.614941548534,46651.39350772377,26539.176603219108,33329.46171447665,13342.458652712832,14245.640469204161,62709.555667750305,27380.777841313302
220206,Welch College,Gallatin,TN,4,2,22.0,,,226,25263.0,25590.0,18289.0,23219.0,26783.0,27512.0,37072.0,21400.0,0.2821,0.5342,0.6122,0.5615384615,,56159.310345,19500.0,10000.0,11599.0,11697.0,106,42198.0,26564.0,58201.0,64200.0,welch college,59734.18738819534,38048.58670564385,26264.116686378566,27488.54385350829,20013.687979069247,27263.774742358743,25928.502534114174,11904.552147139702,23830.657496718402,57638.71355715619,43309.62078670585,21963.73962831189,18770.786638420384,10263.429732856024,12005.133758521692,65891.21888493568,28236.747881033494
220215,Freed-Hardeman University,Henderson,TN,4,2,19.0,0.5968,1109.0,1212,21574.0,20988.0,21788.0,19639.0,21308.0,23618.0,38315.0,25620.0,0.1802,0.7078,0.8587,0.6715328467,0.185046729,80044.665362,21500.0,13671.0,18519.0,14463.0,577,47485.0,26510.0,69867.0,74800.0,freed-hardeman university,71707.50451454519,39324.33102143786,21540.886323318224,21869.316074769617,22066.37392564045,27208.35222180132,22142.323305663587,19006.84552227607,20156.349652355944,82153.27984328615,48735.89608646683,26294.906975577134,22361.960701946704,14031.13478778747,14843.998422629667,76770.45440176305,24240.16834305936
220473,Johnson University,Knoxville,TN,4,2,19.0,0.6511,1078.0,743,22063.0,17246.0,19212.0,23206.0,25075.0,24860.0,34244.0,21122.0,0.387,0.5677,0.6941,0.6151960784,0.2545454545,67062.646919,21500.0,10400.0,16250.0,14000.0,417,40596.0,24899.0,55177.0,58800.0,johnson university,56630.526236979684,35146.08877719217,17700.3109172835,25735.550055136482,22066.37392564045,25554.913691838214,22644.205019600246,16678.07331589104,23817.31503806569,68829.276435249,41665.41934350232,21678.416281738493,19718.101202762995,10673.966922170264,14368.801625998434,60348.96682919342,25514.886315880078
220516,King University,Bristol,TN,4,2,18.0,0.9972,,908,22347.0,22696.0,17677.0,18035.0,21188.0,27219.0,49004.0,36194.0,0.4164,0.4787,0.6012,0.5974607916,0.510805501,57206.094231,22750.0,16750.0,16983.0,18500.0,1010,59831.0,37050.0,88672.0,91100.0,king university,91007.88412718094,50294.91106288766,23293.880121690032,21746.154917975346,23349.302642247454,38026.00716023157,22935.68642401336,17430.382715309384,18510.09552320584,58713.07284310089,61407.126434650876,37147.45757509909,18142.664738769596,17191.24480253384,18987.345005783645,93499.84486631838,27936.02938986081
220598,Lane College,Jackson,TN,3,2,21.0,,,736,10904.0,10904.0,,,,,23441.0,11790.0,0.7859,0.1839,0.4426,0.1290726817,0.4483870968,25310.066596,30500.0,17750.0,16500.0,16000.0,1212,31670.0,16766.0,46586.0,50600.0,lane college,47813.213753483076,24058.505636787806,11191.243780706209,,31303.460685210874,17207.666290106412,11191.243780706209,16934.65905921244,,25976.809004195246,32504.28196395503,12100.583655037253,,18217.587775819444,16421.48757256964,51932.95444825148,
220604,Le Moyne-Owen College,Memphis,TN,3,2,22.0,0.9923,,581,7099.0,6393.0,7213.0,7411.0,8112.0,,19001.0,12076.0,0.6734,0.2703,0.4724,0.1638830898,0.4876847291,24209.08142,28070.0,17000.0,18000.0,17449.0,657,35594.0,19395.0,53377.0,60200.0,le moyne-owen college,54783.1088850656,19501.54283539973,6561.410628214856,8325.694199292808,28809.44726012686,19905.92196687426,7286.008767354491,18474.173519140844,7606.2277750196,24846.820605116034,36531.65179112773,12394.117745396934,7403.011866309051,17447.830545855242,17908.658540860477,61785.84699179327,
220613,Lee University,Cleveland,TN,4,2,19.0,0.7052,1145.0,2617,18878.0,12834.0,13845.0,17029.0,19699.0,24641.0,35688.0,23790.0,0.2874,0.6259,0.8227,0.5772151899,0.3121897408,74997.386812,25750.0,18041.0,20500.0,20334.0,1413,43222.0,25758.0,61725.0,60400.0,lee university,63351.02002605381,36628.12803061658,13172.08571914742,20217.93023075308,26428.331562104264,26436.542305890547,19375.302649685604,21040.03095235485,17477.594492080523,76973.0409692785,44360.59599135031,24416.699334464483,14209.718465139165,18516.253581045552,20869.65801878944,61991.11558645039,25290.11720473053
220631,Lincoln Memorial University,Harrogate,TN,4,2,17.0,0.6259,1092.0,1572,20406.0,15644.0,18799.0,19993.0,25403.0,30464.0,41530.0,26938.0,0.3713,0.4966,0.7167,0.5920608108,0.4148606811,56948.215311,20000.0,16694.0,15000.0,15750.0,1044,49956.0,30592.0,72811.0,69900.0,lincoln memorial university,74729.058227898,42624.02368055107,16056.109474079964,26072.19055037416,20526.85946571205,31397.884238753148,20943.554712866004,15395.144599284036,20519.67506489905,58448.40062560041,51271.989573455554,27647.627014367557,19294.22155479604,17133.769596029848,16164.901829248238,71741.37383266361,31266.512338172593
220710,Maryville College,Maryville,TN,4,2,21.0,0.6092,,1005,19360.0,15094.0,16512.0,20758.0,20832.0,26769.0,54622.0,39284.0,0.3774,0.5,0.7129,0.6951423786,0.3206951027,66347.693603,25375.0,14750.0,15460.0,15000.0,458,49279.0,34298.0,70568.0,76400.0,maryville college,72426.9709388184,56060.90588680618,15491.620838772884,21380.77681948567,26043.45294712216,35201.51129774959,19869.999962809263,15867.262366995414,21304.827439462537,68095.48912314518,50577.155380541204,40318.85736255161,16946.975174891868,15138.558855962636,15395.144599284036,78412.60315902003,27474.175051882292
221351,Rhodes College,Memphis,TN,4,2,21.0,0.5035,1362.0,1836,28585.0,15770.0,19960.0,15910.0,37103.0,31878.0,71136.0,57110.0,0.1593,0.8453,0.9232,0.8389830508,0.1277890467,,21761.0,13621.0,19500.0,19436.0,350,66651.0,43822.0,103868.0,118200.0,rhodes college,106604.19194922895,73009.93374764461,16185.42868871395,38080.403337815704,22334.249441667995,44976.40177532167,29338.013891368944,20013.687979069247,16329.116704973934,,68406.7855124587,58614.44720434075,20485.805746780625,13979.81763912319,19948.00202877897,121313.7394423582,32717.761302398434
221519,The University of the South,Sewanee,TN,4,2,21.0,0.569,1344.0,1607,27872.0,10485.0,10704.0,17746.0,22563.0,38762.0,71986.0,56120.0,0.1585,0.7979,0.8886,0.8262295082,0.1323529412,,22855.0,13695.0,19500.0,14000.0,235,64911.0,39809.0,99334.0,96500.0,the university of the south,101950.75290835203,73882.32527493738,10761.20607489954,23157.376506243047,23457.068654442442,40857.68742352655,28606.23135141631,20013.687979069247,18213.4824039263,,66620.94873894173,57598.36766078801,10985.975186049089,14055.767019146326,14368.801625998434,99042.09692206063,39783.10633049652
221661,Southern Adventist University,Collegedale,TN,4,2,19.0,0.655,1129.0,2773,24345.0,19123.0,20421.0,22849.0,26679.0,30751.0,38618.0,27300.0,0.3063,0.4939,0.8281,0.6267730496,0.1818181818,74643.503597,24500.0,18250.0,15750.0,19500.0,778,53723.0,33870.0,85229.0,83000.0,southern adventist university,87474.1852701586,39635.31294234339,19626.756678140577,27381.804184286586,25145.402845497258,34762.236505183355,24986.31968463799,16164.901829248238,23450.91059660273,76609.83541819954,55138.22355382242,28019.163170696946,20958.949857465286,18730.759262462245,20013.687979069247,85186.466782705,31561.072771505562
221731,Tennessee Wesleyan University,Athens,TN,4,2,22.0,0.6885,1090.0,846,14836.0,11609.0,11088.0,12647.0,16043.0,18980.0,39440.0,30814.0,0.3921,0.4759,0.7202,0.616519174,0.4146788991,61290.37381,20000.0,15000.0,14000.0,14750.0,551,45989.0,30950.0,65645.0,67000.0,tennessee wesleyan university,67374.28448133336,40478.96686638416,11914.81557687256,16465.62032042092,20526.85946571205,31765.315023189396,15226.824351665198,14368.801625998434,12980.159583143013,62904.944489941416,47200.48699843157,31625.73237882255,11380.09088779076,15395.144599284036,15138.558855962636,68764.97921013537,19479.989632960733
221892,Trevecca Nazarene University,Nashville,TN,4,2,17.0,0.6944,1091.0,1737,16813.0,14532.0,13643.0,15420.0,17779.0,20725.0,41548.0,31300.0,0.3229,0.5315,0.736,0.6678743961,0.3916382253,65227.50079,18744.0,14590.0,14750.0,15138.0,666,49378.0,30775.0,77968.0,80900.0,trevecca nazarene university,80021.90894113186,42642.49785407021,14914.816087786374,18247.351722044725,19237.77269126533,31585.705002864415,17255.904409850835,15138.558855962636,15826.20864806399,66945.78710079758,50678.763334896474,32124.535063839357,14002.397184535474,14974.34398023694,15536.77992959745,83031.14653880523,21270.95812134411
221953,Tusculum University,Greeneville,TN,4,2,19.0,0.7217,,785,21131.0,20766.0,15124.0,17519.0,22981.0,25563.0,43776.0,29250.0,0.4637,0.2545,0.6286,0.5205585725,0.4538011696,54527.703827,23250.0,13688.0,13666.0,14626.0,1020,44367.0,27593.0,62745.0,81000.0,tusculum university,64397.88985880512,44929.18999855053,21313.03818324882,23586.38786907643,23862.474128890255,28319.88166186963,21687.653368498064,14026.003072921043,17980.50254899047,55964.1256722399,45535.75869576232,30020.53196860387,15522.41112797145,14048.582618333327,15011.292327275221,83133.7808361338,26236.405426099856
221971,Union University,Jackson,TN,4,2,17.0,0.6041,1256.0,1607,27171.0,25839.0,26181.0,23891.0,27841.0,30373.0,58363.0,40025.0,0.2454,0.6596,0.89,0.6617647059,0.3252375924,77876.924528,20714.0,16500.0,17625.0,16667.0,1001,53990.0,34744.0,78063.0,77900.0,union university,80119.41152359398,59900.45494986761,26519.676086726682,28574.414719244458,21259.66834863797,35659.26026383497,27886.764927143104,18089.29490415874,24520.35997476633,79928.43427040598,55412.25712768968,41079.37750575624,26870.685383590357,16934.65905921244,17106.058335751135,79952.11761894842,31173.115127603603
221999,Vanderbilt University,Nashville,TN,4,2,15.0,0.0586,1549.0,7208,15846.0,3414.0,1876.0,4498.0,12153.0,45145.0,89590.0,67498.0,0.2022,0.9354,0.9634,0.8355029586,0.1222570533,93402.156442,14000.0,7500.0,14000.0,11981.0,802,91565.0,59554.0,138460.0,144000.0,vanderbilt university,142107.44808112452,91950.06697665712,3503.9349107970465,12473.146154339925,14368.801625998434,61122.82943105077,16263.430754683655,14368.801625998434,4616.490693838639,95862.64695396928,93977.0943488962,69276.09801083159,1925.4194178837902,7697.572299642018,12296.615162934802,147793.38815312675,46334.25352897852
222178,Abilene Christian University,Abilene,TX,4,2,17.0,0.6603,1194.0,3195,26182.0,20285.0,21150.0,23012.0,27576.0,31763.0,59256.0,44200.0,0.2233,0.5901,0.8051,0.7013401404,0.2445229682,85369.125,24250.0,11000.0,17000.0,13500.0,1316,55736.0,36361.0,80010.0,78700.0,abilene christian university,82117.70129258106,60816.97922501166,20819.367213098445,28302.43383132377,24888.817102175857,37318.85685163779,26871.711726563644,17447.830545855242,23618.20450124828,87618.00157929026,57204.251959046334,45364.35941922363,21707.15388499049,11289.772706141626,13855.630139355633,80773.19199757691,32599.73186047059
222877,Arlington Baptist University,Arlington,TX,4,2,22.0,,,284,24906.0,21759.0,21518.0,26892.0,28642.0,25941.0,33424.0,20830.0,0.5309,0.1944,0.4124,0.3819444444,0.4576271186,68724.29703,27000.0,9500.0,6864.0,9500.0,105,44644.0,23688.0,61630.0,,arlington baptist university,63253.51744359168,34304.48753909797,22332.196755721423,29396.515440846226,27711.260278711266,24312.01235118935,25562.098092651213,7044.818168632375,27600.41523759642,70534.69935073309,45820.055699362434,21378.724133539097,22084.848099159593,9750.258246213223,9750.258246213223,,26624.36307000181
222983,Austin College,Sherman,TX,4,2,21.0,0.4765,1212.0,1165,21107.0,16528.0,15687.0,18823.0,21608.0,28470.0,61607.0,48680.0,0.3085,0.6705,0.7939,0.73,0.2339449541,82031.474501,24500.0,17375.0,17188.0,19500.0,405,61296.0,43810.0,87608.0,91200.0,austin college,89915.85520360505,63229.911555206105,16963.396662464438,22177.218966755296,25145.402845497258,44964.085659642245,21663.02113713921,17640.783024832934,19318.853786154894,84192.42744235843,62910.71889051428,49962.375939543126,16100.242221931245,17832.70916083734,20013.687979069247,93602.47916364695,29219.9844494411
223232,Baylor University,Waco,TX,4,2,15.0,0.5128,1329.0,14785,41104.0,22024.0,21530.0,33902.0,38852.0,47895.0,74226.0,58100.0,0.1245,0.7999,0.9095,0.7243295482,0.1710906702,109585.74866,23000.0,19898.0,19000.0,20500.0,3461,65793.0,44166.0,94158.0,98100.0,baylor university,96638.40167862576,76181.33353509713,22604.177643642106,39875.47719809222,23605.888385568855,45329.46375813192,42186.8015739314,19500.516492426446,34795.079480328495,112472.56310943312,67526.18324137964,59630.5267478935,22097.16421483902,20422.172482436916,21040.03095235485,100684.2456793176,49156.696705513925
223463,Remington College-Dallas Campus,Dallas,TX,3,2,14.0,,,250,29805.0,29447.0,29834.0,31342.0,35117.0,,35534.0,15025.0,0.6635,,,0.2589161649,0.5946662943,28074.02412,13271.0,9500.0,9500.0,9500.0,13227,31349.0,16051.0,44946.0,56900.0,remington college-dallas campus,46130.01127729469,36470.071212730596,30222.721534341134,36042.0861928705,13620.59759847323,16473.831064207203,30590.152318777382,9750.258246213223,32167.641468717353,28813.577387412515,32174.825869530352,15420.803173616176,30619.916265002663,9750.258246213223,9750.258246213223,58398.915179950774,
224004,Concordia University Texas,Austin,TX,4,2,18.0,0.9125,,1185,23131.0,18764.0,18394.0,22118.0,23977.0,32280.0,53020.0,23500.0,0.4142,0.446,0.583,0.558531746,0.3770491803,72063.586538,21852.0,15750.0,15875.0,15244.0,694,60883.0,38795.0,87304.0,86600.0,concordia university texas,89603.84693972624,54416.70444360264,19258.299550731044,24608.62547046889,22427.646652236985,39816.97564861495,23740.33931506927,16293.194700908938,22700.653883130955,73961.95567303523,62486.839242547336,24119.059872211656,18878.55265061537,16164.901829248238,15645.572284765723,88881.30148653316,33130.35117765925
224226,Dallas Baptist University,Dallas,TX,4,2,17.0,0.8884,1120.0,2403,28516.0,25326.0,25996.0,28024.0,28242.0,32273.0,52716.0,40190.0,0.2305,0.5701,0.6437,0.5489855072,0.3233143786,81293.428261,21591.0,16892.0,15000.0,16352.0,1248,56807.0,34818.0,81273.0,81300.0,dallas baptist university,83413.97246784077,54104.69617972382,25993.162141431167,28985.978251531982,22159.77113620944,35735.20964385811,29267.19622621224,15395.144599284036,28762.235483355722,83434.93886997455,58303.46528343522,41248.724096348364,26680.81193353252,17336.985504740394,16782.76029916617,83441.68372811947,33123.16677684625
224244,Dallas Christian College,Dallas,TX,4,2,22.0,0.218,931.0,224,22960.0,19302.0,21399.0,23716.0,29512.0,25148.0,34502.0,21730.0,0.4856,0.2857,0.4091,0.4788732394,0.4013157895,64976.195122,24912.0,14000.0,15000.0,15000.0,158,43503.0,23556.0,64776.0,81600.0,dallas christian college,66482.39243754819,35410.88526429985,19810.472070358697,30289.4338276047,25568.256150490928,24176.53507871565,23564.83466663743,15395.144599284036,24340.749954441348,66687.86129429893,44648.99836684356,22302.432809496142,21962.713285338607,14368.801625998434,15395.144599284036,83749.58662010515,25810.47309218633
224323,University of Dallas,Irving,TX,4,2,18.0,0.5344,1227.0,1403,22610.0,12711.0,15431.0,17075.0,20384.0,32608.0,68583.0,53930.0,0.2593,0.7307,0.7723,0.75,0.1646586345,102043.6371,23117.0,15250.0,19500.0,18407.0,365,58285.0,35659.0,80012.0,83700.0,university of dallas,82119.75397852762,70389.68013684647,13045.845533433292,20920.97516745372,23725.97051344327,36598.364084391294,23205.61462598747,20013.687979069247,17524.806268851662,104731.76990609101,59820.400197951334,55350.67654929254,15837.49842077013,15651.730342605437,18891.895109268084,85904.90686400492,33466.991672896926
224527,East Texas Baptist University,Marshall,TX,4,2,20.0,0.5776,,1352,23911.0,20420.0,20417.0,20141.0,25297.0,28532.0,44211.0,30680.0,0.3219,0.4712,0.7084,0.5546975547,0.3182423435,71093.955651,23250.0,14000.0,16084.0,14500.0,564,52788.0,35467.0,71231.0,76600.0,east texas baptist university,73107.43633010675,45375.64919192977,20957.923514492002,25963.398195205886,23862.474128890255,36401.30623352046,24540.88683423204,16507.70038232563,20671.573824945317,72966.78182548209,54178.59287380038,31488.202420402282,20954.844485572146,14368.801625998434,14881.973112641235,78617.87175367714,29283.61771378481
225201,Hallmark University,San Antonio,TX,4,2,22.0,0.5134,,769,12513.0,10662.0,12406.0,14719.0,15330.0,15606.0,,,0.5274,0.6633,0.7407,0.3445273632,0.4601769912,47779.779904,25438.0,19590.0,17578.0,19680.0,800,40183.0,25449.0,63848.0,72500.0,hallmark university,65529.946158339146,,10942.868781171093,15733.837780468286,26108.112554439154,26119.402327145297,12842.629624722744,18041.05678441432,15106.742223790781,49038.44136960304,41241.539695535364,,12732.810926581184,20106.05884666495,20198.429714260656,74409.86556320617,16017.108441095112
225247,Hardin-Simmons University,Abilene,TX,4,2,17.0,0.9,1108.0,1283,19555.0,13822.0,15190.0,17248.0,18182.0,25639.0,45904.0,32960.0,0.4006,0.4604,0.6487,0.6398779247,0.3147138965,74129.900452,24711.0,12500.0,14417.0,12750.0,728,54771.0,37653.0,77040.0,80700.0,hardin-simmons university,79069.46266192281,47113.247845702295,14186.112576753596,18660.967940278824,25361.961212860522,38644.89197312279,20070.136842599957,14796.78664585853,17702.36360323007,76082.70243927141,56213.83098982573,33828.264399493455,15590.149764208301,12829.287166070031,13085.872909391432,82825.87794414812,26314.40749206956
225399,Houston Christian University,Houston,TX,4,2,18.0,0.8444,1084.0,2886,20629.0,17933.0,18998.0,19803.0,24079.0,28640.0,50082.0,39430.0,0.5554,0.4912,0.6933,0.5544840887,0.3627546072,59955.171574,22642.0,9500.0,14000.0,10800.0,845,55933.0,32345.0,79846.0,85900.0,houston christian university,81949.38104496221,51401.30878808954,18405.408539930708,24713.31245374402,23238.45760113261,33197.06347092281,21172.42919590869,14368.801625998434,20324.669899974786,61534.56905710759,57406.4415247836,40468.7034366513,19498.463806479875,9750.258246213223,11084.504111484506,88162.86140523324,29394.462754899654
225548,Howard Payne University,Brownwood,TX,4,2,22.0,0.6737,1026.0,713,23627.0,24043.0,21423.0,25917.0,23412.0,24182.0,46766.0,34982.0,0.4427,0.2798,0.5174,0.546969697,0.3740095087,66761.474916,26793.0,9500.0,11000.0,11988.0,501,48376.0,33222.0,64999.0,68900.0,howard payne university,66711.26692059088,47997.95548867448,24676.36410670574,24028.741690562525,27498.807283241145,34097.16625849428,24249.40542981893,11289.772706141626,26599.730838642958,68520.17066621961,49650.3676756643,35903.529891476945,21987.34551669746,9750.258246213223,12303.799563747802,70715.030859378,24819.025779992437
225575,Huston-Tillotson University,Austin,TX,4,2,22.0,0.3909,1014.0,1005,19719.0,19219.0,19361.0,20487.0,22757.0,24418.0,25384.0,26709.0,0.6122,0.3394,0.5819,0.294197031,0.4343971631,42591.958115,30750.0,15000.0,17126.0,16000.0,534,42937.0,24894.0,59998.0,55400.0,huston-tillotson university,61578.52571118958,26052.690033881732,19725.285603575994,23356.487043060453,31560.046428532274,25549.781976971786,20238.457090218795,17577.14976048923,21026.688493702135,43713.95692980495,44068.08824396391,27412.594473485155,19871.026305782547,15395.144599284036,16421.48757256964,56859.40072002237,25061.24272168784
225627,University of the Incarnate Word,San Antonio,TX,4,2,17.0,0.9814,,4440,22775.0,19260.0,19487.0,21950.0,25084.0,31539.0,48681.0,37090.0,0.446,0.5098,0.7129,0.4689873418,0.4326269492,61108.511518,27000.0,22937.0,18832.0,21500.0,2210,56733.0,35538.0,80251.0,85300.0,university of the incarnate word,82365.04994914288,49963.402282516414,19767.365665480702,25744.78714189605,27711.260278711266,36474.17658462374,23374.961216579595,19328.090872914465,22528.228263618974,62718.2914044416,58227.51590341208,38067.06087916299,20000.345520416533,23541.22877825186,22066.37392564045,87547.05562126188,32369.831034454615
225885,Jarvis Christian University,Hawkins,TX,4,2,22.0,,,577,9825.0,11606.0,6276.0,5364.0,5540.0,14877.0,25185.0,11720.0,0.5877,0.1519,0.4765,0.1748971193,0.4596443228,31769.09063,27000.0,12000.0,14991.0,12000.0,323,32992.0,16808.0,48613.0,49600.0,jarvis christian university,49893.61096033299,25848.447782197898,11911.736547952702,5685.940072002238,27711.260278711266,17250.772694984407,10083.819712531043,15385.907512524465,5505.303708703971,32605.982935773973,33861.107374638596,12028.739646907261,6441.328500340441,12316.115679427228,12316.115679427228,50906.61147496588,15268.904413569908
226231,LeTourneau University,Longview,TX,4,2,19.0,0.3801,1208.0,1468,28185.0,22785.0,21806.0,24777.0,28892.0,31854.0,51124.0,37160.0,0.1329,0.5858,0.8078,0.5745762712,0.3405714286,81591.180435,26000.0,17972.0,18500.0,19500.0,1257,57103.0,37115.0,86554.0,104300.0,letourneau university,88834.08970976203,52470.75816625314,23385.22464631245,29653.101184167626,26684.917305425664,38092.719453495134,28927.476702054704,18987.345005783645,25429.69984909737,83740.53472153997,58607.26280352775,38138.904887292985,22380.434875465846,18445.435915888847,20013.687979069247,107047.57211368834,32693.12907103958
226383,Lubbock Christian University,Lubbock,TX,4,2,19.0,0.731,1100.0,1252,24456.0,23018.0,21468.0,23767.0,24906.0,26305.0,41944.0,28540.0,0.3432,0.5136,0.7032,0.5917986952,0.359947644,76818.076923,20948.0,15373.0,15333.0,16375.0,788,53787.0,34949.0,81706.0,76300.0,lubbock christian university,83858.37897527343,43048.92967149131,23624.362559087996,25562.098092651213,21499.8326043868,35869.66057335852,25100.243754672694,15736.916809388142,24393.093446078914,78841.69347123394,55203.9095041127,29291.828457571093,22033.53095049531,15777.970528319565,16806.36618755174,78309.96886169146,26997.95191227777
226471,University of Mary Hardin-Baylor,Belton,TX,4,2,17.0,0.9576,1099.0,2759,26106.0,22089.0,23064.0,23607.0,27343.0,33166.0,46874.0,32020.0,0.3965,0.4931,0.6242,0.5804560261,0.3244084682,73797.571956,26000.0,15000.0,16750.0,15000.0,1182,56132.0,35989.0,78352.0,76400.0,university of mary hardin-baylor,80416.02464287353,48108.800529789325,22670.88993690567,28063.29591854823,26684.917305425664,36937.057265575546,26793.709660593937,17191.24480253384,24228.878570353216,75741.61942257923,57610.683776467435,32863.50200460499,23671.574335859135,15395.144599284036,15395.144599284036,78412.60315902003,34039.69105199029
226587,McMurry University,Abilene,TX,4,2,22.0,0.5704,1043.0,1176,19581.0,15946.0,16181.0,18272.0,23285.0,27297.0,43778.0,32340.0,0.2382,0.4429,0.6352,0.5298245614,0.3742038217,63522.460573,27000.0,17203.0,17500.0,18750.0,684,48779.0,32535.0,70366.0,75400.0,mcmurry university,72219.6496582147,44931.242684497105,16366.065052012216,23898.39613295525,27711.260278711266,33392.06863584708,20096.821759905382,17961.002032498043,18753.338807874527,65195.83105491027,50063.9838938984,33191.93175605638,16607.255650734332,17656.17816943222,19243.930749105046,77386.26018573443,28016.08414177709
227331,Our Lady of the Lake University,San Antonio,TX,4,2,17.0,,,1066,16442.0,16236.0,18595.0,17225.0,17118.0,19100.0,42865.0,32106.0,0.5719,0.4611,0.6277,0.4761476148,0.4759284732,46281.812816,24999.0,18171.0,15000.0,17017.0,811,48675.0,30371.0,65309.0,69200.0,our lady of the lake university,67029.4332423094,43994.19154988735,16663.704514265042,17568.93901670294,25657.547989166775,31171.06244165703,16875.131166761876,15395.144599284036,17678.7577148445,47501.013374621136,49957.244224676695,32951.76750030755,19084.84758824578,18649.67816757268,17465.278376401096,71022.93375136369,19603.150789755007
227429,Paul Quinn College,Dallas,TX,4,2,22.0,0.4028,,620,12709.0,11443.0,12053.0,13626.0,15230.0,18556.0,23587.0,13498.0,0.6728,0.2687,0.4898,0.2050209205,0.4846938776,28833.454545,23373.0,11825.0,9418.0,11000.0,133,29288.0,12935.0,45883.0,53500.0,paul quinn college,47091.6946432633,24208.351710887506,11744.44264330715,15631.203483139725,23988.714314604385,13275.746359449267,13043.79284748672,9666.098122403804,13984.94935398962,29593.013467810568,30059.533001588723,13853.577453409061,12370.511857011366,12136.50565910225,11289.772706141626,54909.34907077973,19044.82021228764
227757,Rice University,Houston,TX,4,2,15.0,0.08,1553.0,4776,13370.0,5827.0,563.0,3217.0,17755.0,48466.0,79788.0,64144.0,0.1703,0.9464,0.9741,0.8716707022,0.1447587354,85156.510467,11000.0,6500.0,9804.0,8893.0,552,89718.0,62982.0,143920.0,161600.0,rice university,147711.2807152639,81889.85315251164,5980.500505335205,18222.71949068587,11289.772706141626,64641.13314347381,13722.205552828504,10062.266510092046,3301.745345059783,87399.78614732731,92081.43887723768,65833.74367843168,577.8310939597942,6671.229326356416,9127.268061428862,165857.02448295336,49742.738543260006
227845,Saint Edward's University,Austin,TX,4,2,18.0,0.8142,1138.0,2493,25578.0,20799.0,20136.0,22944.0,26687.0,38389.0,66719.0,51384.0,0.4237,0.6259,0.7967,0.6283643892,0.3254397835,78541.991815,24803.0,21835.0,18062.0,21000.0,1444,58826.0,39489.0,86574.0,89500.0,saint edward's university,88854.61656922774,68476.57683464211,21346.907501367245,27390.014928072873,25456.384766402796,40529.25767207515,26251.80057069914,18537.80678348455,23548.41317906486,80611.02140718055,60375.65174649885,52737.6073393074,20666.44211007889,22410.19882169113,21553.20243899765,91857.69610906142,39400.280401460994
227863,University of St Thomas,Houston,TX,4,2,17.0,0.8992,1090.0,3220,19359.0,18441.0,17453.0,17972.0,21543.0,26086.0,45672.0,34634.0,0.4164,0.6877,0.777,0.6183986371,0.3778625954,61072.35123,19928.0,12500.0,12000.0,13000.0,408,59224.0,37152.0,82590.0,96800.0,university of st thomas,84765.66616365791,46875.13627590003,18926.790770359796,22110.506673491735,20452.962771635484,38130.6941435067,19868.97361983598,12316.115679427228,18445.435915888847,62681.17854694082,60784.13624986652,35546.36253677355,17912.76391275362,12829.287166070031,13342.458652712832,99349.99981404631,26773.182801128223
228042,Schreiner University,Kerrville,TX,4,2,20.0,0.882,,1053,21507.0,17863.0,15987.0,18712.0,24002.0,27062.0,48004.0,39266.0,0.4379,0.4318,0.6679,0.6031746032,0.3729903537,73076.097847,23250.0,11846.0,14250.0,13750.0,510,52228.0,34553.0,74165.0,69100.0,schreiner university,76118.7266137267,49268.56808960206,18333.564531800715,24634.28404480103,23862.474128890255,35463.22875593742,22073.55832645345,14625.387369319835,19204.929716120194,75001.13954039958,53603.84080876044,40300.383189032465,16408.145113916926,12158.058861541247,14112.215882677034,70920.29945403512,27774.89354305497
228149,St. Mary's University,San Antonio,TX,4,2,18.0,0.9776,1089.0,1951,21145.0,18352.0,21470.0,20553.0,22331.0,24649.0,47999.0,37434.0,0.3861,0.5893,0.73,0.5333333333,0.3872387239,56677.358696,25563.0,19500.0,18500.0,19500.0,881,56955.0,38690.0,79025.0,85300.0,st. mary's university,81106.75346389473,49263.43637473563,18835.446245737377,22919.264936440788,26236.405426099856,39709.20963641996,21702.022170124063,18987.345005783645,21094.427129938987,58170.40884202724,58455.36404348149,38420.12286197324,22035.583636441883,20013.687979069247,20013.687979069247,87547.05562126188,25298.327948516813
228246,Southern Methodist University,Dallas,TX,4,2,16.0,0.6335,1428.0,7277,40892.0,23544.0,20038.0,24152.0,33477.0,58213.0,85606.0,67040.0,0.1276,0.8427,0.9052,0.7501904037,0.1568247822,114974.30723,19500.0,17000.0,14000.0,17750.0,1215,78354.0,50337.0,121566.0,126200.0,southern methodist university,124768.40989043754,87861.11657108727,24164.218963036223,34358.88371668211,20013.687979069247,51663.02624627737,41969.216863594855,14368.801625998434,24788.235490793868,118003.07233389054,80418.07732882009,68806.03292906679,20565.8604986969,17447.830545855242,18217.587775819444,129524.48322864303,59746.503503874774
228325,Nelson University,Waxahachie,TX,4,2,20.0,0.8902,980.0,1479,21662.0,17583.0,18396.0,21731.0,23883.0,25474.0,34504.0,25064.0,0.478,0.4156,0.7516,0.5294635004,0.3815028902,58809.875817,24725.0,14250.0,15250.0,14963.0,819,46238.0,28464.0,63010.0,63500.0,nelson university,64669.87074672581,35412.93795024643,18046.188499280746,24512.14923098004,25376.33001448652,29213.826391601386,22232.64148731272,15651.730342605437,22303.459152469426,60359.102804576825,47456.04639877968,25724.26028243034,18880.60533656194,14625.387369319835,15357.169909272468,65172.77880363575,26145.060901477435
228343,Southwestern University,Georgetown,TX,3,2,21.0,0.4305,1241.0,1440,29224.0,22478.0,19096.0,28175.0,30387.0,36332.0,67493.0,53813.0,0.2533,0.7279,0.806,0.7441860465,0.2033542977,104236.60341,25000.0,24750.0,19500.0,19750.0,406,56878.0,37176.0,86002.0,96300.0,southwestern university,88267.54838850838,69270.96629596516,23070.13735351377,31187.483929229602,25658.574332140062,38155.32637486556,29993.847051298446,20013.687979069247,28917.21327232185,106982.50546901156,58376.3356345385,55230.59442141812,19599.045417861864,25401.988588818658,20270.273722390648,98836.82832740352,37289.09290541251
228468,Southwestern Adventist University,Keene,TX,4,2,22.0,0.7836,1031.0,570,22778.0,16725.0,21462.0,15441.0,27439.0,31475.0,35592.0,25380.0,0.4211,0.5234,0.7267,0.5218295218,0.3415977961,57065.196774,26998.0,23685.0,17750.0,22297.0,285,52946.0,32967.0,80092.0,79100.0,southwestern adventist university,82201.86141639047,36529.59910518116,17165.5862282017,28161.824843983646,27709.207592764695,33835.448800306454,23378.04024549945,18217.587775819444,15847.761850502988,58568.463728155126,54340.755063579505,26048.58466198859,22027.3728926556,24308.933322269495,22884.369275349076,81183.72918689116,32304.145084164335
228486,Southwestern Christian College,Terrell,TX,3,2,14.0,,,110,18562.0,13140.0,17760.0,21219.0,20568.0,19039.0,21854.0,14638.0,0.6563,0.0313,1.0,0.2058823529,0.389380531,31810.792793,,,,,158,32672.0,12755.0,45678.0,53700.0,southwestern christian college,46881.294333739745,22429.699338183556,13486.146668972815,21109.82227453827,,13091.00462425786,19050.97827012735,,21777.9715501472,32648.783657739834,33532.6776231872,15023.608442954648,18227.8512055523,,,55114.617665436854,19540.543868384586
228875,Texas Christian University,Fort Worth,TX,4,2,16.0,0.4449,1298.0,11026,36660.0,17956.0,16980.0,17940.0,34990.0,53450.0,76604.0,61740.0,0.1432,0.8551,0.9287,0.7658067779,0.2040586246,123242.86139,21500.0,20000.0,18750.0,19500.0,1722,68424.0,44497.0,98051.0,100100.0,texas christian university,100633.9548736266,78621.9771255703,18429.014428316277,35911.74063526323,22066.37392564045,45669.18328228945,37625.733400650184,19243.930749105046,18412.592940743707,126489.44479523799,70226.49160409406,63366.41517065309,17427.30368638953,20526.85946571205,20013.687979069247,102736.9316258888,54858.03192211545
228884,Texas College,Tyler,TX,3,2,22.0,,,614,10958.0,9639.0,11342.0,12410.0,13598.0,16106.0,20339.0,10008.0,0.8383,0.1375,0.3403,0.1821515892,0.4511082138,32153.335294,31000.0,20375.0,19875.0,19500.0,602,33752.0,18016.0,52271.0,49700.0,texas college,53647.97355661172,20874.789733655867,9892.919919499922,13956.211750737622,31816.632171853675,18490.595006713414,11246.66630126363,20398.566594051346,12736.916298474325,33000.34974669286,34641.128034335656,10271.64047664231,11640.782003005303,20911.73808069415,20013.687979069247,51009.24577229444,16530.279927737913
228981,Texas Lutheran University,Seguin,TX,4,2,22.0,0.9571,,1304,24654.0,20512.0,22843.0,24243.0,24555.0,28596.0,50002.0,36230.0,0.3462,0.5385,0.6181,0.6877637131,0.3554216867,79282.624806,25000.0,15000.0,14000.0,14750.0,549,53863.0,35261.0,74010.0,86000.0,texas lutheran university,75959.64345286743,51319.20135022669,21052.347068034276,25201.851709027967,25658.574332140062,36189.879581023626,25303.45966338324,14368.801625998434,24881.632701362858,81371.16487327691,55281.911570082404,37184.405922137375,23444.752538763016,15395.144599284036,15138.558855962636,88265.4957025618,29349.303664075087
229160,Texas Wesleyan University,Fort Worth,TX,4,2,17.0,0.6916,1070.0,1741,24066.0,21812.0,22876.0,25687.0,27699.0,31090.0,57451.0,39582.0,0.4471,0.3154,0.6082,0.4433164129,0.4829612221,49600.700617,23125.0,16700.0,11875.0,14000.0,713,54053.0,31559.0,68156.0,67900.0,texas wesleyan university,69951.43168725351,58964.430158231145,22386.59293330556,28428.6740170379,23734.181257229557,32390.357893920325,24699.96999509131,12187.822807766528,26363.67195478727,50907.33054830079,55476.91673500667,40624.70756859072,23478.62185688144,17139.92765386956,14368.801625998434,69688.6878860924,31909.00303944938
229267,Trinity University,San Antonio,TX,4,2,21.0,0.2592,1416.0,2505,23464.0,10356.0,13260.0,14305.0,22134.0,34549.0,68224.0,53676.0,0.1877,0.8397,0.9287,0.8642857143,0.1736842105,108579.2354,22954.0,18337.0,19500.0,19500.0,461,71668.0,52586.0,107584.0,113200.0,trinity university,110418.08243795825,70021.22300943694,10628.807831345699,22717.075370703526,23558.67660879772,53971.27159319669,24082.111525173375,20013.687979069247,14681.836232850543,111439.53529751334,73555.94820943255,55089.98543407799,13609.307825767088,18820.05110113809,20013.687979069247,116182.02457593019,35459.12338404428
229780,Wayland Baptist University,Plainview,TX,4,2,18.0,0.5596,,2041,20590.0,20070.0,16344.0,19949.0,21542.0,25435.0,36323.0,23782.0,0.457,0.1929,0.4453,0.462751972,0.4545973729,53855.956127,23106.0,16445.0,12750.0,15625.0,1481,51838.0,33771.0,77809.0,78700.0,wayland baptist university,79858.72040837943,37279.85581865293,20598.70347384204,22109.480330518447,23714.68074073713,34660.62855082808,21132.401819950555,13085.872909391432,20474.515974074482,55274.682140524135,53203.56704917906,24408.488590678196,16774.549555379886,16878.21019568173,16036.608957587538,80773.19199757691,26105.0335255193
229887,Wiley University,Marshall,TX,4,2,22.0,,,712,7092.0,6137.0,6098.0,8776.0,12251.0,14097.0,19097.0,12500.0,0.7893,0.2424,0.4958,0.2487100103,0.4155672823,28935.40113,24989.0,18500.0,12399.0,17927.0,802,33159.0,17006.0,49586.0,54500.0,wiley university,50892.24267333988,19600.071760835148,6298.666827053742,12573.727765721915,25647.28455943392,17453.988603694954,7278.824366541492,12725.626525768184,9007.185933554447,29697.645628975777,34032.50665117729,12829.287166070031,6258.639451095603,18987.345005783645,18399.250482090996,55935.692044065334,14468.356894407138
230038,Brigham Young University,Provo,UT,4,2,16.0,0.6778,1376.0,32952,15564.0,10444.0,10112.0,13062.0,16378.0,20542.0,22690.0,6688.0,0.321,0.8098,0.9097,0.8000703977,0.1379568885,77593.423126,11069.0,8000.0,8250.0,9000.0,6955,75790.0,39894.0,119196.0,127300.0,brigham young university,122335.97704375067,23287.72206385032,10719.126012994831,16809.445216471595,11360.590371298333,40944.92657625582,15974.002036217116,8467.32952960622,13406.09191705654,79637.46459854666,77786.53394531581,6864.181805334109,10378.380145864012,8210.74378628482,9237.086759570422,130653.46049925718,21083.137357232845
230047,Brigham Young University-Hawaii,Laie,HI,3,2,22.0,0.4696,1130.0,2889,16774.0,11623.0,21255.0,15993.0,17155.0,22582.0,25098.0,6630.0,0.151,0.5264,0.7354,0.7104930468,0.191904048,68413.703187,9413.0,4500.0,5500.0,5666.0,678,52064.0,25782.0,82636.0,87300.0,brigham young university-hawaii,84812.87794042904,25759.155943522048,11929.184378498558,17606.91370671451,9660.966407537375,26461.1745372494,17215.877033892695,5644.886353070813,16414.30317175664,70215.92354242428,53435.5205611416,6804.653912883544,21814.91989718548,4618.543379785211,5815.259286636223,89599.74156783309,23176.877022735473
230418,Ensign College,Salt Lake City,UT,3,2,1.0,,,7568,10824.0,10436.0,10525.0,11481.0,12403.0,14145.0,14145.0,4004.0,0.082,0.4329,0.5435,0.6621983914,0.2960325534,55959.457391,,3500.0,3500.0,3500.0,712,50630.0,28995.0,80715.0,74400.0,ensign college,82841.2730887474,14517.621357124846,10710.915269208546,12729.731897661326,,29758.814510416043,11109.136342843361,3592.2004064996086,11783.443676292001,57433.59588212792,51963.74473745005,4109.477265035552,10802.259793830966,3592.2004064996086,3592.2004064996086,76359.91721244883,14517.621357124846
230807,Westminster University,Salt Lake City,UT,4,2,19.0,0.6657,1220.0,823,27094.0,22972.0,24138.0,21768.0,25316.0,30417.0,57616.0,43528.0,0.2447,0.6381,0.7634,0.726326743,0.2687747036,90130.00161,22250.0,19256.0,15750.0,19500.0,742,66215.0,38860.0,95331.0,90700.0,westminster university,97842.30198628976,59133.77674882327,23577.150782316858,25982.89871169831,22836.131155604653,39883.68794187851,27807.736518200112,16164.901829248238,22341.433842480994,92504.29383464354,67959.29997610617,44674.6569411757,24773.86668916787,19763.260293587562,20013.687979069247,93089.30767700414,31218.27421842817
230816,Bennington College,Bennington,VT,4,2,21.0,0.4453,1364.0,780,30947.0,18480.0,18012.0,22336.0,25508.0,44625.0,87284.0,66262.0,0.2527,0.7121,0.8204,0.7366412214,0.1260162602,104784.48133,26000.0,15423.0,21250.0,15750.0,109,38289.0,19841.0,67910.0,55800.0,bennington college,69698.95131582527,89583.32008026053,18966.81814631793,26179.956562569147,26684.917305425664,20363.670932959638,31762.235994269537,21809.78818231905,22924.396651307216,107544.8161224219,39297.64610413243,68007.53809585058,18486.48963482027,15829.287676983846,16164.901829248238,57269.937909336615,45800.555182870005
230852,Champlain College,Burlington,VT,4,2,18.0,0.8292,1312.0,2752,35860.0,28885.0,26034.0,34164.0,33857.0,41438.0,65009.0,47850.0,0.2502,0.6523,0.817,0.7388289676,0.3172011662,105977.92729,26814.0,17201.0,20000.0,19500.0,318,58386.0,33909.0,89444.0,73000.0,champlain college,91800.22090255743,66721.53035032372,29645.916783354627,34748.894046530644,27520.360485680143,34802.263881141494,36804.659022021704,20526.85946571205,35063.98133932932,108769.700997464,59924.06083825319,49110.511271716074,26719.812966517373,17654.125483485648,20013.687979069247,74923.03704984898,42529.600127008795
230959,Middlebury College,Middlebury,VT,4,2,21.0,0.1075,1508.0,2738,31483.0,12723.0,8229.0,17510.0,18526.0,49824.0,85880.0,67600.0,0.1589,0.914,0.9366,0.8765743073,0.2157258065,107888.24508,13857.0,7303.0,13153.0,11217.0,192,76310.0,48442.0,124474.0,165400.0,middlebury college,127753.01525675207,88142.33454576753,13058.161649112719,19014.02992308907,14222.034580818592,49718.10631190115,32312.35582795062,13499.48912762553,17971.2654622309,110730.34223797296,78320.23229142433,69380.78499410673,8445.776327167223,7495.382733904755,11512.489131344602,169757.12778143864,51136.512300981856
230995,Norwich University,Northfield,VT,4,2,18.0,0.7444,1190.0,2428,22257.0,15610.0,16164.0,17332.0,22046.0,27854.0,67357.0,49740.0,0.2441,0.6021,0.7926,0.7941976428,0.2363090773,92001.240538,25000.0,19000.0,16030.0,17500.0,428,65575.0,42747.0,86999.0,85200.0,norwich university,89290.81233287412,69131.38365159833,16021.213812988253,22626.75718905439,25658.574332140062,43873.08307903965,22843.315556417652,16452.277861768205,17788.57641298606,94424.82675973482,67302.44047320337,51050.299491225865,16589.80782018848,19500.516492426446,17961.002032498043,87444.42132393333,28587.75717789717
231059,Saint Michael's College,Colchester,VT,4,2,21.0,0.8451,1245.0,1092,25239.0,12825.0,9940.0,18384.0,26586.0,34539.0,69079.0,51450.0,0.2368,0.7277,0.7994,0.8415841584,0.1171875,128684.77692,26922.0,19500.0,23000.0,21500.0,142,61317.0,46033.0,81070.0,89500.0,saint michael's college,83205.62484426379,70898.74625159612,13162.848632387851,27286.354287771024,27631.205526794987,47245.64608925614,25903.87030275532,23605.888385568855,18868.289220882514,132074.71656066726,62932.27209295328,52805.345975544245,10201.849154458889,20013.687979069247,22066.37392564045,91857.69610906142,35448.859954311425
231420,Averett University,Danville,VA,4,2,19.0,0.5659,1135.0,1231,22925.0,23064.0,16990.0,19023.0,21959.0,28810.0,53460.0,38550.0,0.411,0.4814,0.6525,0.5307760928,0.3755102041,62115.288355,25000.0,16250.0,17225.0,16018.0,809,51516.0,33532.0,75785.0,87000.0,averett university,77781.40223044938,54868.295351848305,23671.574335859135,22537.465350378545,25658.574332140062,34415.332580212824,23528.912662572435,17678.7577148445,19524.122380812016,63751.58973676325,52873.084611781094,39565.521620159976,17437.567116122384,16678.07331589104,16439.96174608878,89291.83867584741,29568.941060358207
231554,Bluefield University,Bluefield,VA,4,2,19.0,0.5931,,614,25573.0,25807.0,25454.0,25732.0,25374.0,25430.0,42539.0,26770.0,0.5136,0.1778,0.6149,0.502283105,0.4250411862,54802.981432,21855.0,14031.0,12000.0,13000.0,399,48896.0,32976.0,72675.0,87100.0,bluefield university,74589.47558353115,43659.60374059624,26486.83311158154,26042.426604148877,22430.72568115684,33844.68588706603,26246.66885583271,12316.115679427228,26409.857388585122,56246.65490783454,50184.066021772815,27475.201394855576,26124.534042011725,14400.618258170287,13342.458652712832,89394.47297317597,26099.90181065287
231581,Bridgewater College,Bridgewater,VA,4,2,21.0,0.9172,1180.0,1400,17800.0,13283.0,12468.0,15046.0,20582.0,21448.0,58702.0,16090.0,0.2983,0.5305,0.7529,0.7542579075,0.320212766,84787.306418,26000.0,17000.0,17500.0,18500.0,718,53453.0,39649.0,72917.0,82100.0,bridgewater college,74837.85058306628,60248.38521781143,13632.913714152657,21124.19107616427,26684.917305425664,40693.47254780085,18268.904924483722,17961.002032498043,15442.356376055173,87020.85616592756,54861.110951035305,16513.858440165342,12796.44419092489,17447.830545855242,18987.345005783645,84262.75810674796,22013.0040910296
231651,Regent University,Virginia Beach,VA,4,2,17.0,0.3812,1153.0,4729,19923.0,20064.0,19327.0,17806.0,19148.0,22588.0,32838.0,21650.0,0.5115,0.5692,0.7458,0.427027027,0.4198855508,65075.359486,24534.0,9500.0,13000.0,10530.0,971,44498.0,23248.0,69937.0,,regent university,71779.34852267518,33703.05055675261,20592.545416002326,19652.415252472714,25180.29850658897,23860.421442943683,20447.831056769057,13342.458652712832,18275.062982323438,66789.63794249068,45670.20962526274,22220.32537163329,19836.13064469084,9750.258246213223,10807.391508697394,,23183.035080575188
231785,Bryant & Stratton College-Virginia Beach,Virginia Beach,VA,3,2,14.0,,,1709,12038.0,11808.0,20103.0,,13803.0,19060.0,23803.0,18489.0,0.6484,0.2446,1.0,0.1873163434,0.5378553335,33855.179152,21549.0,9500.0,9694.0,9500.0,10262,32568.0,15518.0,48170.0,46900.0,bryant & stratton college-virginia beach,49438.94102316747,24430.041793117194,12119.057828556393,14166.61206026117,22116.664731331446,15926.79025944598,12355.116712412082,9949.36878303063,,34747.02523198042,33425.9379539655,18976.055233077503,20632.572791960465,9750.258246213223,9750.258246213223,48135.485447094754,19562.097070823584
232025,Emory & Henry University,Emory,VA,4,2,19.0,0.8365,1135.0,1078,19061.0,14246.0,14430.0,17622.0,19029.0,23418.0,52854.0,39000.0,0.3848,0.5634,0.6627,0.6430155211,0.2670565302,67731.813688,26332.0,17500.0,19500.0,17375.0,362,47385.0,30905.0,68854.0,72300.0,emory & henry university,70667.81908260687,54246.33151003723,14621.281997426691,19530.280438651727,27025.663172556484,31719.12958939154,19563.123413796868,20013.687979069247,18086.215875238886,69516.07104656838,48633.26178913827,40027.375958138495,14810.129104511243,17961.002032498043,17832.70916083734,74204.59696854906,24034.899748402237
232043,Eastern Mennonite University,Harrisonburg,VA,4,2,19.0,1.0,,754,24588.0,22994.0,20333.0,20454.0,27570.0,29315.0,56756.0,43920.0,0.3268,0.67,0.7609,0.7762478485,0.3190661479,78731.62645,24813.0,15750.0,16812.0,16846.0,433,54869.0,37199.0,79999.0,76000.0,eastern mennonite university,82106.4115198749,58251.121791797654,23599.730327729143,28296.27577348406,25466.64819613565,38178.932263251125,25235.721027146392,17254.878066877547,20992.81917558371,80805.65158230437,56314.41260120772,45076.98338670366,20868.631675816156,16164.901829248238,17289.77372796926,78002.06596970579,30087.244261867436
232089,Ferrum College,Ferrum,VA,4,2,22.0,0.8898,,699,20082.0,16940.0,16493.0,19967.0,22505.0,24346.0,54526.0,28520.0,0.5427,0.319,0.6414,0.4706911636,0.3884892086,55499.54186,27000.0,14250.0,15125.0,14342.0,848,44296.0,28441.0,59166.0,63000.0,ferrum college,60724.60835741595,55962.376961370755,17386.249967458105,23097.84861379248,27711.260278711266,29190.22050321582,20611.019589521467,15523.437470944737,20492.990147593624,56961.56480858115,45462.88834465905,29271.30159810538,16927.474658399442,14625.387369319835,14719.81092286211,64659.60731699295,24987.34602761128
232256,Hampden-Sydney College,Hampden-Sydney,VA,3,2,21.0,0.4092,1207.0,946,22400.0,13422.0,12458.0,17547.0,22600.0,32133.0,70325.0,54550.0,0.2263,0.6217,0.8368,0.7885117493,,,26000.0,18238.0,19500.0,19750.0,306,67640.0,45237.0,102102.0,106000.0,hampden-sydney college,104791.67025840658,72177.56959630999,13775.575387439356,23195.351196254614,26684.917305425664,46428.67708252079,22990.082601597493,20013.687979069247,18009.240152242466,,69421.83871303815,55987.00919272961,12786.180761192036,18718.443146782818,20270.273722390648,108792.35516827386,32979.478760586266
232265,Hampton University,Hampton,VA,4,2,17.0,0.6225,969.0,3727,25319.0,32101.0,14207.0,14305.0,,31528.0,46027.0,30592.0,0.3935,0.5716,0.8534,0.427592955,0.1975116641,77274.565831,25442.0,20827.0,19500.0,20500.0,1348,59159.0,36078.0,84402.0,85500.0,hampton university,86625.39963125142,47239.488031416426,32946.635785441125,,26112.217926332298,37028.40179019797,25985.977740618167,20013.687979069247,14681.836232850543,79310.20765434256,60717.42395660296,31397.884238753148,14581.254621468554,21375.64510461924,21040.03095235485,87752.32421591901,32358.541261748473
232308,Hollins University,Roanoke,VA,4,2,21.0,0.6795,1230.0,665,20896.0,17511.0,19304.0,20395.0,20721.0,26826.0,58698.0,43560.0,0.3944,0.6465,0.7396,0.5823389021,0.2582417582,76979.057307,27000.0,21000.0,26000.0,21322.0,304,40075.0,21153.0,57630.0,70600.0,hollins university,59148.14555044927,60244.27984591829,17972.291805204182,21266.85274945097,27711.260278711266,21710.23291391035,21446.46276977595,26684.917305425664,20932.26494015986,79006.91455718916,41130.69465442052,44707.49991632084,19812.52475630527,21553.20243899765,21883.684876395615,72459.81391396353,27532.67660135957
232557,Liberty University,Lynchburg,VA,4,2,17.0,0.9898,,50012,29357.0,30667.0,27807.0,27347.0,27142.0,30545.0,42025.0,22465.0,0.3834,0.6533,0.8013,0.3670201517,0.4239865593,78096.100667,24500.0,13935.0,16892.0,15828.0,18039,44813.0,24639.0,68020.0,77700.0,liberty university,69811.84904288668,43132.06345232744,31474.85996174957,27857.000980917823,25145.402845497258,25288.06451878396,30130.35066674543,17336.985504740394,28067.40129044137,80153.3841605805,45993.5076618477,23056.794894861057,28539.519058152746,14302.08933273487,16244.956581164515,79746.84902429131,31349.646119008725
232609,University of Lynchburg,Lynchburg,VA,4,2,17.0,0.4301,1125.0,1577,22235.0,20692.0,18303.0,18649.0,20707.0,25063.0,50067.0,36750.0,0.279,0.5736,0.7061,0.6803205699,0.3015184382,92907.744266,27000.0,25000.0,20948.0,22747.0,789,56380.0,38040.0,78352.0,83100.0,university of lynchburg,80416.02464287353,51385.913643490254,21237.088803225684,21252.48394782497,27711.260278711266,39042.08670378431,22820.73601100537,21499.8326043868,19140.2701088032,95355.21049122482,57865.21683384226,37718.10426824589,18785.155440046383,25658.574332140062,23346.2236133276,85289.10108003356,25723.23393945705
232672,Mary Baldwin University,Staunton,VA,4,2,17.0,,,1090,12756.0,12717.0,9527.0,11537.0,14801.0,14806.0,45935.0,34152.0,0.5532,0.393,0.6678,0.5070281124,0.4,54459.261364,26586.0,12950.0,12000.0,12100.0,613,44427.0,26390.0,57577.0,69000.0,mary baldwin university,59093.74937286513,47145.06447787415,13052.003591273005,15190.902347600202,27286.354287771024,27085.19106500705,13092.030967231145,12316.115679427228,11840.918882795995,55893.88023126549,45597.33927415946,35051.66522364989,9777.969506491934,13291.141504048552,12418.74997675579,70817.66515670657,15196.03406246663
232706,Marymount University,Arlington,VA,4,2,17.0,0.9316,,1810,29137.0,27413.0,27111.0,27718.0,31962.0,30618.0,57184.0,40920.0,0.2306,0.5351,0.7259,0.6582827407,0.2982646421,82167.710744,25000.0,21000.0,19500.0,20000.0,839,67516.0,42262.0,94804.0,97700.0,marymount university,97301.41923936825,58690.39658436389,28135.13992667822,32803.97411215442,25658.574332140062,43375.30673699613,29904.5552126226,20013.687979069247,28448.174533530328,84332.25255306829,69294.57218435073,41997.95446684685,27825.184348745966,21553.20243899765,20526.85946571205,100273.70849000335,31424.569156058576
233295,Randolph-Macon College,Ashland,VA,4,2,21.0,0.8661,1095.0,1639,27866.0,16601.0,20983.0,23357.0,26303.0,32226.0,63985.0,49466.0,0.1987,0.7048,0.8372,0.7290552585,0.2254237288,106327.543,27000.0,24270.0,20750.0,23976.0,429,58448.0,40135.0,82908.0,84000.0,randolph-macon college,85092.04322916272,65670.55514567927,17038.319699514286,26995.8992263312,27711.260278711266,41192.27523281765,28600.073293576595,21296.61669567625,23972.292827031815,109128.52662477274,59987.69410259689,50769.08151654561,21535.754608451796,24909.34396164157,24607.599127495603,86212.8097559906,33074.928657101824
233301,Randolph College,Lynchburg,VA,4,2,21.0,0.9371,1134.0,658,15921.0,13048.0,13709.0,16290.0,18260.0,19590.0,45040.0,30310.0,0.4584,0.4639,0.745,0.6483516484,0.2626865672,87400.444795,26950.0,14979.0,17500.0,16750.0,170,53409.0,32764.0,78006.0,71100.0,randolph college,80060.9099741167,46226.487516783534,13391.723115430541,18741.0226921951,27659.943130046984,33627.10117672948,16340.406477680077,17961.002032498043,16719.127034822464,89702.83237738446,54815.95186021074,31108.45552028661,14070.135820772324,15373.591396845039,17191.24480253384,72972.98540060633,20106.05884666495
233374,University of Richmond,University of Richmond,VA,4,2,21.0,0.222,1497.0,2980,31309.0,12808.0,6507.0,15553.0,22021.0,49892.0,80961.0,65230.0,0.1716,0.852,0.9075,0.7628336756,0.1226295828,110209.03664,21000.0,13055.0,20500.0,17203.0,711,76178.0,50485.0,111727.0,131800.0,university of richmond,114670.2213762805,83093.75346017566,13145.400801841995,22601.09861472225,21553.20243899765,51814.92500632364,32133.772150598925,21040.03095235485,15962.712263510974,113112.2703480395,78184.75501895061,66948.35214741985,6678.413727169415,13398.90751624354,17656.17816943222,135272.0038790424,51206.30362316527
233408,Riverside College of Health Sciences,Newport News,VA,3,2,10.0,0.129,,350,20744.0,20744.0,,,,,27018.0,17250.0,0.4615,1.0,,0.6015625,0.344,84394.84375,14787.0,14250.0,13000.0,14047.0,173,66072.0,38476.0,90444.0,,riverside college of health sciences,92826.56387584303,27729.734452230405,21290.45863783654,,15176.533545974204,39489.57224013684,21290.45863783654,13342.458652712832,,86618.05486434884,67812.53293092632,17704.416289176643,,14625.387369319835,14417.039745742857,,
233426,Roanoke College,Salem,VA,4,2,21.0,0.8306,1211.0,1767,24503.0,15204.0,17410.0,18638.0,15902.0,30087.0,54283.0,38068.0,0.244,0.6736,0.7571,0.7394209354,0.206590621,105615.96424,27000.0,23250.0,22250.0,21967.0,666,58047.0,40380.0,81482.0,82500.0,roanoke college,83628.47814925745,55712.97561886236,15604.5185658343,16320.90596118765,27711.260278711266,41443.72926127262,25148.481874417117,22836.131155604653,19128.980336097058,108398.20276450746,59576.13057030936,39070.82430703631,17868.631164902337,23862.474128890255,22545.676094164828,84673.2952960622,30879.58103724392
233541,Shenandoah University,Winchester,VA,4,2,17.0,0.7695,,2116,30298.0,24356.0,26715.0,26635.0,30332.0,33591.0,51928.0,36950.0,0.1892,0.6682,0.8174,0.6445544554,0.2771317829,94718.601117,25000.0,21750.0,18992.0,19000.0,844,58433.0,38172.0,90361.0,87300.0,shenandoah university,92741.37740906033,53295.93791677476,24997.609457344133,31131.035065698892,25658.574332140062,39177.56397625802,31096.139404607184,19492.30574864016,27336.64509346202,97213.77069587476,59972.298957997606,37923.37286290301,27418.75253132487,22322.959668961852,19500.516492426446,89599.74156783309,34475.88681563667
233611,Southern Virginia University,Buena Vista,VA,3,2,21.0,0.9642,,936,22213.0,18957.0,19501.0,20630.0,23407.0,27108.0,34431.0,21280.0,0.4519,0.3347,0.7401,0.4630021142,0.1714285714,81571.025253,24224.0,18750.0,12000.0,17000.0,366,50002.0,27572.0,74656.0,73500.0,southern virginia university,76622.66101360993,35338.01491319657,19456.383744575167,24023.609975696098,24862.132184870432,28298.32845943063,22798.156465593085,12316.115679427228,21173.45553888198,83719.84859211899,51319.20135022669,21840.57847151762,20014.71432204253,19243.930749105046,17447.830545855242,75436.20853649177,27822.10531982611
233718,Sweet Briar College,Sweet Briar,VA,3,2,21.0,0.7554,1230.0,443,17758.0,11734.0,12568.0,15247.0,20188.0,24710.0,43898.0,26160.0,0.3103,0.5182,0.6934,0.7176470588,0.232,69365.937008,27000.0,24219.0,19500.0,23000.0,175,51943.0,32164.0,75018.0,70500.0,sweet briar college,76994.19716993932,45054.40384129137,12043.10844853326,20719.81194468974,27711.260278711266,33011.29539275812,18225.798519605727,20013.687979069247,15648.65131368558,71193.24203353252,53311.33306137405,26849.13218115136,12899.078488253452,24857.000470004004,23605.888385568855,72357.17961663497,25360.934869887235
234137,Virginia University of Lynchburg,Lynchburg,VA,4,2,23.0,,,125,21253.0,19700.0,23224.0,24205.0,,,25328.0,11360.0,0.7471,0.3762,0.75,0.1059322034,0.5202702703,28982.336957,24250.0,12808.0,,,286,28396.0,14193.0,44950.0,,virginia university of lynchburg,46134.11664918783,25995.21482737774,20218.95657372637,,24888.817102175857,14566.885819842555,21812.867211238907,,24842.631668378006,29745.81788521258,29144.035069417965,11659.256176524443,23835.78921158483,13145.400801841995,,,
234164,Virginia Union University,Richmond,VA,4,2,21.0,0.9799,850.0,1203,13235.0,11424.0,12372.0,14420.0,21362.0,18301.0,29075.0,17450.0,0.6867,0.3415,0.6657,0.1982378855,0.4080882353,40289.083705,29000.0,22500.0,21000.0,22650.0,705,38275.0,22194.0,53574.0,59000.0,virginia union university,54985.29845080287,29840.92194827889,11724.942126814722,21924.73859532704,29763.94622528247,22778.65594910066,13583.649251434948,21553.20243899765,14799.865674778386,41350.41796074221,39283.27730250643,17909.68488383376,12697.915265489473,23092.716898926054,23246.668344918893,60554.23542385054,18783.10275409981
234173,Virginia Wesleyan University,Virginia Beach,VA,4,2,21.0,0.7287,,1256,19676.0,14080.0,17108.0,15967.0,22603.0,24782.0,51255.0,37500.0,0.2712,0.4164,0.7425,0.5751879699,0.3087248322,74073.180451,27000.0,12750.0,13000.0,14000.0,522,50074.0,32037.0,72086.0,74700.0,virginia wesleyan university,73984.95957226594,52605.209095753555,14450.909063861282,23198.43022517447,27711.260278711266,32880.949835150845,20194.324342367512,13342.458652712832,16387.618254451212,76024.4882648003,51393.09804430325,38487.86149821009,17558.675586970086,13085.872909391432,14368.801625998434,76667.8201044345,25434.8315639638
234207,Washington and Lee University,Lexington,VA,4,2,21.0,0.1397,1498.0,1881,23781.0,-1777.0,75.0,4497.0,8162.0,40646.0,87000.0,68045.0,0.1133,0.9388,0.9661,0.8793103448,,,19500.0,,19500.0,15835.0,228,94810.0,64147.0,141033.0,164000.0,washington and lee university,144748.22855138837,89291.83867584741,-1823.8114635285156,8377.011347957086,20013.687979069247,65836.82270735154,24407.462247704912,20013.687979069247,4615.464350865354,,97307.57729720797,69837.50761721881,76.97572299642019,,16252.140981977514,168320.2476188388,41716.736492166594
235316,Gonzaga University,Spokane,WA,4,2,17.0,0.8169,1335.0,5198,35119.0,20833.0,23112.0,25106.0,33949.0,42668.0,73178.0,55480.0,0.1441,0.8629,0.929,0.8463316002,0.1331010453,134323.07174,24454.0,23650.0,20418.0,21500.0,1377,78892.0,53874.0,111646.0,99900.0,gonzaga university,114587.08759544436,75105.72609909381,21381.803162458957,34843.317600072915,25098.191068726122,55293.20134278855,36044.13887881707,20955.87082854543,25767.366687308335,137861.5408304869,80970.24984844774,56941.508157885226,23720.838798576842,24273.0113182045,22066.37392564045,102531.66303123168,43792.00198415008
235422,Heritage University,Toppenish,WA,4,2,20.0,,,812,14598.0,15114.0,12383.0,14119.0,17053.0,20749.0,31209.0,20928.0,0.6667,0.5368,0.568,0.4213836478,0.6344827586,39075.491803,14573.0,12500.0,15000.0,11055.0,415,49416.0,30073.0,70156.0,59200.0,heritage university,72004.11763382472,32031.137853270367,15512.147698238596,17502.226723439377,14956.896149691083,30865.21223561792,14982.554724023224,15395.144599284036,14490.936439819421,40104.8564396882,50717.76436788133,21479.305744921086,12709.205038195614,12829.287166070031,11346.221569672334,60759.504018507665,21295.590352702966
236133,Northwest University,Kirkland,WA,4,2,19.0,0.832,1150.0,645,22288.0,17996.0,14384.0,17840.0,22644.0,28570.0,50501.0,36035.0,0.2533,0.7078,0.8389,0.6572580645,0.3636363636,74721.404722,20891.0,14881.0,15000.0,15000.0,522,54914.0,31694.0,83872.0,78300.0,northwest university,86081.43785541004,51831.346493896206,18470.0681472477,23240.51028707918,21441.33105490952,32528.914195313882,22875.13218858951,15395.144599284036,18309.958643415146,76689.78869045434,56360.59803500557,36984.269042346685,14762.917327740106,15273.00978546305,15395.144599284036,80362.65480826267,29322.61874676966
236230,Pacific Lutheran University,Tacoma,WA,4,2,19.0,0.7802,1168.0,2401,19589.0,13609.0,12948.0,15756.0,22535.0,26915.0,62459.0,52254.0,0.3527,0.6857,0.8194,0.7540181691,0.2958139535,85524.250263,22578.0,16500.0,16750.0,17625.0,1146,66990.0,44167.0,88955.0,84400.0,pacific lutheran university,91298.33918862077,64104.35576844544,13967.501523443763,23128.63890299105,23172.771650842333,45330.4901011052,20105.032503691666,17191.24480253384,16171.059887087951,87777.21330294939,68754.7157804025,53630.52572606587,13289.08881810198,16934.65905921244,18089.29490415874,86623.34694530485,27624.021125981988
236328,University of Puget Sound,Tacoma,WA,4,2,21.0,0.7225,1296.0,1594,38394.0,23643.0,23133.0,31649.0,34870.0,45456.0,78378.0,62898.0,0.1728,0.6799,0.8402,0.8176733781,0.1231788079,124502.45101,25000.0,19593.0,18939.0,19000.0,696,69594.0,43124.0,102646.0,97400.0,university of puget sound,105350.00083587394,80442.70956017895,24265.8269173915,35788.57947846896,25658.574332140062,44260.01437996832,39405.41211632742,19437.909571056025,32482.72876151603,127782.21575094845,71427.31288283822,64554.92033371782,23742.39200101584,20109.13787558481,19500.516492426446,99965.80559801767,46653.446193670345
236452,Saint Martin's University,Lacey,WA,4,2,20.0,0.898,1093.0,1158,28119.0,22810.0,24499.0,24997.0,30232.0,33354.0,62449.0,45510.0,0.4191,0.519,0.6459,0.6633333333,0.340952381,79548.853261,22500.0,17875.0,15139.0,15250.0,543,62092.0,38810.0,85700.0,87600.0,saint martin's university,87957.59281057613,64094.09233871259,23410.88322064459,31028.40076837033,23092.716898926054,39832.37079321423,28859.738065817855,15537.806272570735,25655.495303220203,81644.40657735482,63727.68789724963,46708.86871422776,25144.376502523974,18345.880647480142,15651.730342605437,89907.64445981877,34232.64353096798
236577,Seattle Pacific University,Seattle,WA,4,2,17.0,0.834,,1762,24488.0,20735.0,18559.0,19332.0,27976.0,29819.0,56826.0,40407.0,0.3534,0.6195,0.7237,0.7880247763,0.2286995516,92747.325962,24000.0,17519.0,17965.0,16000.0,1168,64506.0,39567.0,97253.0,90100.0,seattle pacific university,99814.93318094469,58322.965799927646,21281.221551076967,28712.971020638015,24632.231358854457,40609.31242399143,25133.08672981783,18438.251515075848,19841.262359557266,95190.56629212803,66205.27983476107,41471.44052155134,19047.899241207495,17980.50254899047,16421.48757256964,92473.50189303278,30604.52112040338
236595,Seattle University,Seattle,WA,4,2,17.0,0.7692,1307.0,4062,34662.0,22896.0,24523.0,26977.0,36967.0,42737.0,72124.0,56721.0,0.2357,0.7551,0.8422,0.775256618,0.1940298507,114208.54116,19883.0,18268.0,15900.0,17125.0,1510,75272.0,49222.0,107987.0,99800.0,seattle university,110831.69865619235,74023.96060525079,23499.148716347154,37940.82069344886,20406.777337837633,50518.65383106392,35575.10014002555,16318.85327524108,27687.654390325697,117217.1337087655,77254.88828515387,58215.19978773266,25169.008733882827,18749.233435981387,17576.12341751594,102429.02873390312,43862.81964930679
236896,Walla Walla University,College Place,WA,4,2,20.0,,,1252,23329.0,18675.0,20079.0,20776.0,24081.0,28760.0,45903.0,34227.0,0.2598,0.599,0.8491,0.7188328912,0.1661442006,89990.588926,26842.0,19166.0,20500.0,21229.0,547,61885.0,37548.0,88335.0,88400.0,walla walla university,90662.00654518369,47112.22150272901,19166.955026108626,24715.36513969059,27549.09808893214,38537.1259609278,23943.55522377982,21040.03095235485,21323.301612981675,92361.20860603324,63515.234901779506,35128.640946646316,20607.94056060161,19670.889425991856,21788.234979880053,90728.71883844725,29517.623911693925
237057,Whitman College,Walla Walla,WA,3,2,21.0,0.3815,1410.0,1531,33313.0,13567.0,11596.0,21915.0,27237.0,47679.0,78092.0,64050.0,0.1632,0.8052,0.8671,0.9298245614,0.116838488,,18437.0,9500.0,12000.0,13124.0,289,67589.0,44195.0,101439.0,94400.0,whitman college,104111.20486711823,80149.17546981927,13924.395118565768,27954.503563379953,18922.685398466652,45359.227704357196,34190.56346906327,12316.115679427228,22492.306259553978,,69369.49522140058,65737.26743894283,11901.473118219847,9750.258246213223,13469.725181400247,96886.77667816087,48935.00662328424
237066,Whitworth University,Spokane,WA,4,2,19.0,0.8978,1220.0,1858,26534.0,16788.0,18242.0,20358.0,26525.0,34641.0,68516.0,52880.0,0.2945,0.7089,0.776,0.7342465753,0.242248062,93985.752,25000.0,19724.0,15750.0,17915.0,973,58561.0,38934.0,80121.0,81600.0,whitworth university,82231.62536261576,70320.91515763634,17230.245835518694,27223.747366400603,25658.574332140062,39959.637321901646,27232.984453160174,16164.901829248238,20894.290250148293,96461.61615416325,60103.67085857816,54273.016427342656,18722.548518675958,20243.588805085223,18386.934366411566,83749.58662010515,35553.54693758655
237136,Appalachian Bible College,Mount Hope,WV,4,2,24.0,0.7778,1039.0,193,11579.0,8772.0,10235.0,12717.0,12721.0,15143.0,31423.0,18760.0,0.4186,0.7105,0.6571,0.8292682927,,56091.934211,11000.0,,,7496.0,86,37467.0,20722.0,57713.0,66100.0,appalachian bible college,59233.33201723197,32250.775249553484,9003.080561661305,13056.108963166149,11289.772706141626,21267.879092424253,11884.02528767399,,13052.003591273005,57569.56253545814,38453.99218009166,19254.1941788379,10504.62033157814,,7693.466927748876,67841.27053417831,15541.911644463877
237181,Bethany College,Bethany,WV,4,2,21.0,0.5879,,614,18605.0,14315.0,15239.0,17641.0,22434.0,27214.0,50758.0,36765.0,0.5116,0.4682,0.5375,0.5314814815,0.3387978142,69694.078591,27000.0,14250.0,25125.0,25500.0,446,44512.0,24862.0,65576.0,81200.0,bethany college,67303.46681617666,52095.11663803061,14692.0996625834,23024.978262689205,27711.260278711266,25516.939001826646,19095.111017978634,25786.86720380076,18105.716391731312,71530.02784148739,45684.57842688874,37733.49941284517,15640.440569899296,14625.387369319835,26171.745818782863,83339.04943079091,27930.897674994383
237312,University of Charleston,Charleston,WV,4,2,17.0,0.6152,,2259,22107.0,21427.0,25331.0,16945.0,20215.0,23795.0,46470.0,33800.0,0.3143,0.4555,0.7479,0.5206508135,0.4312736444,69323.897881,19500.0,11999.0,13242.0,12500.0,464,55774.0,34245.0,83868.0,71500.0,university of charleston,86077.3324835169,47694.157968581945,21991.450888590603,20747.523204968453,20013.687979069247,35147.11512016546,22689.364110424813,13590.833652247948,17391.381682324532,71150.09547093301,57243.252992031186,34690.39249705336,25998.293856297594,12315.089336453944,12829.287166070031,73383.52258992057,24421.83104933091
237358,Davis & Elkins College,Elkins,WV,3,2,22.0,0.9433,,661,18273.0,15999.0,17005.0,15690.0,19465.0,22496.0,44888.0,31820.0,0.4334,0.3929,0.6522,0.5528089888,0.4784688995,61127.360563,27000.0,16459.0,17500.0,17375.0,390,43411.0,27027.0,63017.0,69700.0,davis & elkins college,64677.055147538806,46070.48338484412,16420.461229596352,19977.76597500425,27711.260278711266,27738.971538989976,18754.365150847814,17961.002032498043,16103.321250851102,62737.636989330495,44554.57481330129,32658.23340994787,17452.96226072167,16892.57899730773,17832.70916083734,71536.1052380065,23088.611527032914
237969,West Virginia Wesleyan College,Buckhannon,WV,4,2,22.0,0.9334,1052.0,954,18083.0,12611.0,14807.0,14848.0,19834.0,24004.0,48190.0,34090.0,0.3763,0.5714,0.6732,0.6412884334,0.295379538,77993.807309,27000.0,13750.0,19500.0,15375.0,532,51593.0,35845.0,76753.0,84200.0,west virginia wesleyan college,78774.90222858984,49459.46788263318,12943.211236104733,20356.48653214664,27711.260278711266,36789.26387742242,18559.359985923547,20013.687979069247,15239.140467344625,80048.3960913834,52952.113020724086,34988.03195930619,15197.060405439915,14112.215882677034,15780.023214266137,86418.07835064773,24636.3367307476
238078,Wheeling University,Wheeling,WV,4,2,19.0,0.6316,,589,20503.0,17739.0,19718.0,19913.0,22608.0,22824.0,42504.0,29875.0,0.3156,0.2333,0.5366,0.6443298969,0.3673469388,76162.875346,25125.0,11000.0,17750.0,15200.0,464,57949.0,39537.0,86644.0,85200.0,wheeling university,88926.46057735774,43623.681736531245,18206.2980031133,23203.561940040898,25786.86720380076,40578.52213479286,21043.109981274705,18217.587775819444,20437.567627036202,78169.23193659434,59475.54895892738,30661.996326907374,20237.430747245508,11289.772706141626,15600.413193941156,87444.42132393333,23425.25202227059
238193,Alverno College,Milwaukee,WI,4,2,18.0,0.8574,,631,22540.0,22032.0,20668.0,22261.0,24788.0,29051.0,51362.0,34086.0,0.451,0.4918,0.6096,0.4611837048,0.4426470588,57482.577167,27000.0,24500.0,18625.0,22313.0,865,53145.0,33402.0,76239.0,75100.0,alverno college,78247.36194032105,52715.02779389511,22612.388387428393,25440.989621803514,27711.260278711266,34281.907993685694,23133.770617857477,19115.637877444344,22847.420928310796,58996.83916169786,54544.99731526334,34983.92658741304,21212.45657186683,25145.402845497258,22900.790762921646,77078.35729374875,29816.289716920037
238324,Bellin College,Green Bay,WI,4,2,26.0,0.9718,,372,37408.0,29994.0,33493.0,33018.0,37835.0,41021.0,42941.0,30952.0,0.1258,0.6304,0.9464,0.8609271523,0.3103448276,98661.141844,18000.0,23425.0,15000.0,15980.0,156,76222.0,56301.0,96731.0,,bellin college,99279.18214888961,44072.19361585705,30784.131140728357,38831.68639426077,18474.173519140844,57784.135738952704,38393.437944667814,15395.144599284036,33887.792291944024,101260.16966792352,78229.91410977519,31767.367709135968,34375.305204254684,24042.084149215236,16400.960713103927,,42101.6151071487
238333,Beloit College,Beloit,WI,3,2,21.0,0.6304,1287.0,926,21526.0,15176.0,16482.0,18028.0,22781.0,27871.0,71365.0,60886.0,0.2964,0.7105,0.8056,0.7819706499,0.1930184805,91377.720648,25738.0,23434.0,23250.0,22250.0,334,53260.0,34613.0,73974.0,69500.0,beloit college,75922.69510582916,73244.96628852702,15575.780962582303,23381.11927441931,26416.015446424833,35524.80933433455,22093.058842945877,23862.474128890255,18502.91112239284,93784.88150192951,54663.02675719118,62489.91827146719,16916.1848856933,24051.321235974807,22836.131155604653,71330.83664334936,28605.205008443027
238458,Carroll University,Waukesha,WI,4,2,18.0,0.6684,1190.0,2523,15193.0,15718.0,16875.0,14134.0,15730.0,14891.0,52639.0,38890.0,0.2291,0.707,0.7825,0.7239101717,0.2715654952,91078.991797,27000.0,18625.0,23250.0,21500.0,1337,58009.0,41980.0,79764.0,75100.0,carroll university,81865.2209211528,54025.66777078083,16132.0588541031,16144.374969782526,27711.260278711266,43085.87801852959,15593.228793128157,23862.474128890255,14506.331584418705,93478.28324478796,59537.12953732451,39914.478231077075,17319.53767419454,19115.637877444344,22066.37392564045,77078.35729374875,15283.273215195906
238476,Carthage College,Kenosha,WI,4,2,20.0,0.8706,1150.0,2660,26565.0,23293.0,23630.0,22427.0,24995.0,29176.0,50822.0,38750.0,0.271,0.6426,0.7339,0.6784953868,0.2623839009,97302.444357,26000.0,16666.0,19500.0,19500.0,1163,56950.0,40368.0,80915.0,78200.0,carthage college,83046.54168340452,52160.80258832088,23906.606876741538,25653.44261727363,26684.917305425664,41431.4131455932,27264.801085332027,20013.687979069247,23017.793861876205,99865.68004932026,58450.23232861506,39770.79021481709,24252.484458738785,17105.03199277785,20013.687979069247,80260.0205109341,29944.582588580735
238616,Concordia University-Wisconsin,Mequon,WI,4,2,17.0,0.782,1190.0,2197,36201.0,34991.0,31070.0,32747.0,36336.0,38595.0,53315.0,35470.0,0.2673,0.6835,0.781,0.532168726,0.3183879093,87643.029696,25750.0,17750.0,20500.0,19365.0,2032,56075.0,37673.0,78409.0,78200.0,concordia university-wisconsin,80474.5261923508,54719.475620721896,35912.76697823651,37293.19827730565,26428.331562104264,38665.4188325885,37154.64197591209,21040.03095235485,33609.65334618362,89951.80768595099,57552.18222699015,36404.385262440315,31888.476179983667,18217.587775819444,19875.13167767569,80260.0205109341,39611.70705395783
238661,Edgewood University,Madison,WI,4,2,17.0,0.7573,,1107,26113.0,22291.0,19089.0,22573.0,23493.0,30913.0,50903.0,35860.0,0.2578,0.6024,0.7315,0.7004784689,0.2810271041,83756.692308,24424.0,14584.0,19500.0,19000.0,800,59728.0,40198.0,84290.0,76500.0,edgewood university,86510.44921824343,52243.93636915702,22878.211217509364,24111.875471398656,25067.400779527554,41256.93484013464,26800.894061406936,20013.687979069247,23167.639935975905,85963.09261596006,61301.41310840246,36804.659022021704,19591.861017048865,14968.185922397226,19500.516492426446,78515.23745634858,31727.340333177828
238980,Lakeland University,Plymouth,WI,4,2,18.0,0.8628,,1212,24212.0,22453.0,22030.0,20124.0,24332.0,28054.0,48840.0,33396.0,0.2515,0.4245,0.6332,0.5707831325,0.4363636364,69779.66805,25000.0,17950.0,19938.0,19500.0,1036,55961.0,39063.0,76612.0,72000.0,lakeland university,78630.18786935657,50126.59081526882,23044.47877918163,24972.97722598528,25658.574332140062,40092.03556545549,24849.816069191005,20463.22620136834,20654.125994399463,71617.87198131935,57435.1791280356,34275.749935845975,22610.33570148182,18422.856370476562,20013.687979069247,73896.69407656338,28793.02577255429
239017,Lawrence University,Appleton,WI,3,2,21.0,0.6394,1350.0,1396,23401.0,10419.0,13332.0,15020.0,20256.0,32758.0,69849.0,56982.0,0.2199,0.7677,0.8657,0.7928118393,0.1739130435,101261.41741,26000.0,22026.0,19062.0,21399.0,363,55789.0,37114.0,83652.0,81600.0,lawrence university,85855.64240128722,71689.03034102604,10693.467438662692,20789.603266873164,26684.917305425664,38091.69311052185,24017.451917856382,19564.14975677015,15415.671458749748,103928.94422369386,57258.64813663047,58483.0753037602,13683.204519843652,22606.230329588678,21962.713285338607,83749.58662010515,33620.943118889765
239071,Maranatha Baptist University,Watertown,WI,4,2,20.0,0.719,1170.0,541,26005.0,24786.0,22995.0,23908.0,30314.0,30675.0,37092.0,21550.0,0.3399,0.6357,0.8824,0.780952381,0.1915492958,59791.509146,14143.0,13750.0,14936.0,12000.0,313,45593.0,27983.0,67603.0,68100.0,maranatha baptist university,69383.86402302657,38069.11356510957,25438.936935856942,31112.56089217975,14515.568671178275,28720.155421451014,26690.049020292092,15329.458648993757,24537.807805312183,61366.59527413893,46794.05518101047,22117.691074304734,23600.756670702427,14112.215882677034,12316.115679427228,69893.95648074952,31483.070705535854
239080,Marian University,Fond Du Lac,WI,4,2,19.0,0.7498,,1010,21937.0,17449.0,13638.0,17998.0,21164.0,27106.0,44450.0,35178.0,0.3259,0.4416,0.6746,0.611165524,0.3896961691,75667.497537,25000.0,14250.0,18355.0,17750.0,882,53501.0,35359.0,74849.0,73100.0,marian university,76820.74520745405,45620.94516254503,17908.658540860477,21721.52268661649,25658.574332140062,36290.461192405615,22514.88580496626,18838.525274657233,18472.120833194273,77660.80440320558,54910.37541375301,36104.69311424092,13997.265469669046,14625.387369319835,18217.587775819444,75025.67134717754,27820.05263387954
239105,Marquette University,Milwaukee,WI,4,2,16.0,0.8134,1310.0,7660,31487.0,22269.0,18916.0,27378.0,32374.0,36813.0,66768.0,51170.0,0.1839,0.8321,0.9097,0.7973447872,0.1934628975,119700.13055,23940.0,18738.0,21500.0,19891.0,2211,78257.0,54671.0,105538.0,106000.0,marquette university,108318.18471461591,68526.8676403331,22855.63167209708,33226.827417148095,24570.650780457323,56111.19669249717,32316.461199843765,22066.37392564045,28099.217922613225,122853.38789136178,80318.52206041139,52517.969943024276,19414.303682670456,19231.61463342562,20414.988081623917,108792.35516827386,37782.76387556288
239309,Milwaukee Institute of Art & Design,Milwaukee,WI,3,2,30.0,0.6054,,837,26541.0,21419.0,22531.0,22440.0,26746.0,32540.0,53528.0,43743.0,0.3729,0.6695,0.795,0.5732984293,0.3005780347,70099.613569,27000.0,14500.0,15875.0,15250.0,325,41174.0,22588.0,62110.0,66200.0,milwaukee institute of art & design,63746.16207076877,54938.08667403173,21983.240144804317,27450.569163496722,27711.260278711266,23183.035080575188,27240.168853973173,16293.194700908938,23031.13632052892,71946.24581657922,42258.64558206139,44895.32068043211,23124.53353109791,14881.973112641235,15651.730342605437,67943.90483150688,33397.2003507135
239318,Milwaukee School of Engineering,Milwaukee,WI,4,2,19.0,0.5893,,2654,22453.0,11607.0,15919.0,14495.0,19034.0,30292.0,62648.0,50480.0,0.2417,0.6711,0.8378,0.8333333333,0.2359882006,89897.867631,27000.0,24500.0,24146.0,24628.0,977,89070.0,66120.0,109311.0,103000.0,milwaukee school of engineering,112190.57675282248,64298.33459039642,11912.762890925987,19535.412153518155,27711.260278711266,67861.79739364404,23044.47877918163,24782.077432954156,14876.841397774808,92266.04475643605,91416.3686305486,51809.79329145721,16338.353791733505,25145.402845497258,25276.774746077816,105713.32624841706,31089.98134676747
239390,Mount Mary University,Milwaukee,WI,4,2,18.0,0.6233,1020.0,631,20144.0,18155.0,19013.0,19277.0,20584.0,27371.0,49270.0,35420.0,0.5941,0.4296,0.6725,0.5547445255,0.3933161954,58677.207547,25288.0,20000.0,18695.0,18750.0,552,48745.0,32376.0,66929.0,68600.0,mount mary university,68692.10885903209,50567.91829378163,18633.25668000011,21126.24376211084,25954.161108446315,33228.88010309466,20674.652853865176,19187.481885574336,19784.813496026556,60222.939657884366,50029.08823280669,36353.06811377604,19513.858951079157,20526.85946571205,19243.930749105046,70407.12796739233,28092.033521800226
239628,Ripon College,Ripon,WI,4,2,21.0,0.7984,1176.0,688,20216.0,15712.0,14267.0,16971.0,19124.0,25280.0,63540.0,51900.0,0.3379,0.633,0.7231,0.7483443709,0.2808022923,,27000.0,17621.0,19750.0,20920.0,381,54902.0,40128.0,75166.0,75500.0,ripon college,77146.09592998559,65213.83252256718,16125.900796263386,19627.78302111386,27711.260278711266,41185.09083200465,20748.549547941737,20270.273722390648,17418.066599629958,,56348.281919326146,53267.200313522764,14642.835199865689,18085.189532265602,21471.095001134803,77488.89448306298,25945.950364660028
239716,Saint Norbert College,De Pere,WI,4,2,21.0,0.8574,1182.0,1662,26172.0,19721.0,21811.0,21918.0,23332.0,29888.0,59422.0,45580.0,0.147,0.7129,0.8367,0.8098591549,0.2054176072,98960.192731,26731.0,22355.0,20500.0,22158.0,797,58363.0,43919.0,82286.0,80600.0,saint norbert college,84453.65789977908,60987.352158577065,20240.509776165367,23946.634252699674,27435.17401889744,45075.95704373037,26861.448296830786,21040.03095235485,22495.385288473833,101567.0984444508,59900.45494986761,46780.712722357755,22385.566590332273,22943.89716779964,22741.70760206238,82723.24364681955,30675.338785560085
240107,Viterbo University,La Crosse,WI,4,2,18.0,0.7243,1190.0,1249,21260.0,13657.0,16927.0,16463.0,20847.0,26365.0,45558.0,34250.0,0.2626,0.6838,0.7619,0.6976942784,0.2816229117,92866.539557,25000.0,18971.0,21159.0,20310.0,1039,55660.0,38772.0,77048.0,76600.0,viterbo university,79077.6734057091,46758.13317694548,14016.765986161472,21396.171964084955,25658.574332140062,39793.369760229376,21820.051612051906,21716.39097175006,16896.684369200873,95312.92032767639,57126.24989307663,35152.24683503188,17372.90750880539,19470.75254620116,20845.025787430586,78617.87175367714,27059.53249067491
240338,Wisconsin Lutheran College,Milwaukee,WI,4,2,22.0,0.7816,1239.0,943,23245.0,18190.0,15913.0,20519.0,20475.0,28019.0,48785.0,36110.0,0.286,0.6357,0.7251,0.7276785714,0.2936802974,84331.094923,26000.0,18375.0,21297.0,19166.0,387,54664.0,37791.0,74006.0,63000.0,wisconsin lutheran college,75955.5380809743,50070.141951738115,18669.178684065108,21014.37237802271,26684.917305425664,38786.5273034362,23857.342414023828,21858.026302063474,21059.531468847275,86552.62670370219,56104.01229168417,37061.2447653431,16332.195733893792,18859.052134122943,19670.889425991856,64659.60731699295,28757.103768489294
240392,Herzing University-Madison,Madison,WI,4,2,18.0,0.943,,2494,22327.0,21557.0,23227.0,22952.0,24004.0,25817.0,27939.0,13450.0,0.6937,0.284,0.3971,0.3041105434,0.5209032652,42942.389088,21500.0,10662.0,15250.0,11350.0,8016,36909.0,19077.0,56514.0,77200.0,herzing university-madison,58002.74679226254,28674.996330626447,22124.875475117733,24636.3367307476,22066.37392564045,19579.544901369438,22915.159564547645,15651.730342605437,23556.623922851148,44073.619296565135,37881.2928009983,13804.312990691353,23838.868240504686,10942.868781171093,11648.992746791588,79233.6775376485,26497.096541314397
241191,Universidad Adventista de las Antillas,Mayaguez,PR,4,2,20.0,1.0,,830,9919.0,9519.0,10903.0,12494.0,13334.0,,16834.0,8350.0,0.7913,0.3636,0.7952,0.4365853659,0.3829431438,21381.796262,15750.0,12000.0,8100.0,12000.0,495,28465.0,14084.0,46781.0,52400.0,universidad adventista de las antillas,48013.35063327377,17277.457612289832,9769.75876270565,13685.257205790223,16164.901829248238,14455.014435754425,10180.295952019891,8313.37808361338,12823.129108230316,21945.05634972806,29214.852734574673,8569.96382693478,11190.217437732923,12316.115679427228,12316.115679427228,53780.371800165565,
241216,Atlantic University,Guaynabo,PR,4,2,20.0,,,1451,6425.0,5705.0,6558.0,8858.0,9440.0,,12986.0,8280.0,0.8451,0.3941,0.8175,0.5347985348,0.1530120482,21177.984536,5457.0,4000.0,,4100.0,667,25272.0,13885.0,38594.0,39500.0,atlantic university,39610.68071098454,13328.089851086834,5855.286662594362,9688.677667816088,5600.753605219533,14250.772184070589,6594.253603359995,,9091.346057363866,21735.87561687475,25937.739620873745,8498.119818804787,6730.757218806981,4105.37189314241,4208.00619047097,40540.547444781296,
241225,Universidad Central de Bayamon,Bayamón,PR,4,2,20.0,0.6594,,539,4827.0,3827.0,4662.0,8323.0,7729.0,,12976.0,5986.0,0.7844,0.3438,0.8,0.4342105263,0.3075862069,15663.871069,9393.0,7250.0,,7300.0,892,25021.0,13728.0,37912.0,38100.0,universidad central de bayamon,38910.71480320376,13317.826421353977,3927.8145587640006,7932.604840524421,9640.439548071663,14089.63633726475,4954.157532049603,,8542.252566656069,16076.504006119789,25680.12753457906,6143.689038087616,4784.810941457478,7440.986556320618,7492.303704984898,39103.66728218145,
241331,Albizu University-San Juan,San Juan,PR,4,2,26.0,1.0,,728,9732.0,8880.0,9676.0,12050.0,18382.0,18382.0,18382.0,8505.0,0.6885,0.6703,0.8243,0.4501160093,0.2505800464,28598.211055,5500.0,5000.0,4500.0,5250.0,309,41544.0,20474.0,60492.0,53500.0,albizu university-san juan,62085.53913999266,18866.236534935942,9113.92560277615,18866.236534935942,5644.886353070813,21013.346035049424,9988.369816015484,4618.543379785211,12367.432828091509,29351.572964837884,42638.39248217707,8729.046987794049,9930.89460951149,5131.714866428012,5388.300609749413,54909.34907077973,18866.236534935942
241377,Caribbean University-Bayamon,Bayamon,PR,4,2,20.0,,,639,4665.0,,4665.0,,,,9835.0,8844.0,0.7683,0.4255,0.7119,0.3196428571,0.4988095238,12458.188734,10500.0,7063.0,,6750.0,2693,22842.0,12390.0,38346.0,40700.0,caribbean university-bayamon,39356.14765360971,10094.0831422639,,,10776.601219498825,12716.389439008613,4787.889970377335,,,12786.374467006754,23443.72619578973,9076.977255737867,4787.889970377335,7249.06042031621,6927.815069677817,41772.15901272402,
241386,Caribbean University-Carolina,Carolina,PR,4,2,22.0,,,99,5791.0,,5791.0,,,,10710.0,8844.0,0.6772,0.4444,0.7143,0.3196428571,0.4988095238,12458.188734,10500.0,7063.0,,6750.0,2693,22842.0,12390.0,38346.0,40700.0,caribbean university-carolina,39356.14765360971,10992.133243888802,,,10776.601219498825,12716.389439008613,5943.552158296924,,,12786.374467006754,23443.72619578973,9076.977255737867,5943.552158296924,7249.06042031621,6927.815069677817,41772.15901272402,
241395,Pontifical Catholic University of Puerto Rico-Arecibo,Arecibo,PR,4,2,17.0,0.9378,,273,11117.0,10939.0,10883.0,15333.0,,,18678.0,6550.0,0.6885,0.5395,0.8696,0.317867036,0.3084022915,18459.998627,15500.0,11000.0,15626.0,11200.0,2839,24908.0,13683.0,40900.0,40700.0,pontifical catholic university of puerto rico-arecibo,41977.42760738114,19170.03405502848,11227.165784771205,,15908.316085926837,14043.450903466897,11409.854834016041,16037.635300560823,15736.916809388142,18946.28987768332,25564.150778597785,6722.546475020696,11169.690578267211,11289.772706141626,11495.041300798746,41772.15901272402,
241410,Pontifical Catholic University of Puerto Rico-Ponce,Ponce,PR,4,2,17.0,0.9808,1300.0,3874,13192.0,12384.0,13341.0,15812.0,18329.0,20122.0,20508.0,6650.0,0.8065,0.4859,0.8312,0.317867036,0.3084022915,18459.998627,15500.0,11000.0,15626.0,11200.0,2839,24908.0,13683.0,40900.0,40700.0,pontifical catholic university of puerto rico-ponce,41977.42760738114,21048.241696141133,12710.2313811689,18811.840357351808,15908.316085926837,14043.450903466897,13539.516503583667,16037.635300560823,16228.535093591945,18946.28987768332,25564.150778597785,6825.180772349256,13692.441606603223,11289.772706141626,11495.041300798746,41772.15901272402,20652.07330845289
241614,Universidad Teologica del Caribe,Trujillo Alto,PR,4,2,24.0,,,173,9045.0,9045.0,,,,,11510.0,6660.0,0.9789,0.3889,1.0,,0.5487804878,18589.923077,12050.0,,,,49,23536.0,12813.0,34310.0,,universidad teologica del caribe,35213.82741342902,11813.207622517284,9283.272193368273,,12367.432828091509,13150.532516708425,9283.272193368273,,,19079.636923998816,24156.00821924994,6835.4442020821125,,,,,
241739,Universidad Ana G. Mendez-Cupey Campus,San Juan,PR,4,2,18.0,,,4540,7646.0,6929.0,9883.0,10013.0,10733.0,12059.0,14214.0,7750.0,0.9928,0.3085,0.6858,0.4334502924,0.4282491758,15553.367738,14250.0,10011.0,10487.0,10151.0,5023,24490.0,13268.0,39515.0,43100.0,universidad ana g. mendez-cupey campus,40555.94258938058,14588.439022281553,7111.530461895939,11015.739132274372,14625.387369319835,13617.518569553373,7847.418373741716,10763.258760846113,10276.772191508737,15963.089688823286,25135.139415764403,7954.158042963419,10143.347604981609,10274.719505562165,10418.40752182215,44235.38214860947,12376.66991485108
241836,EDP University of Puerto Rico Inc-San Sebastian,San Sebastian,PR,4,2,26.0,0.9574,,1032,6965.0,6735.0,7965.0,8381.0,,,15680.0,7050.0,0.6289,0.287,0.6667,0.4144295302,0.44092827,12966.48169,14000.0,10500.0,10500.0,10500.0,1194,22844.0,11249.0,39209.0,39200.0,edp university of puerto rico inc-san sebastian,40241.881639555184,16093.057821118246,6912.419925078532,,14368.801625998434,11545.33210648974,7148.478808934221,10776.601219498825,8601.780459106634,13308.057370767923,23445.778881736303,7235.717961663497,8174.821782219823,10776.601219498825,10776.601219498825,40232.64455279562,
242121,Humacao Community College,Humacao,PR,3,2,23.0,,,173,2508.0,2368.0,3102.0,,,,9960.0,6560.0,0.942,0.3821,0.6,,0.5220588235,8587.9305019,,,,,447,20064.0,11059.0,31495.0,35200.0,humacao community college,32324.67194363005,10222.3760139246,2430.3801607403066,,,11350.326941565478,2574.0681770002907,,,8814.162125690162,20592.545416002326,6732.809904753552,3183.715903131939,,,36127.27265965321,
242617,Inter American University of Puerto Rico-San German,San German,PR,4,2,20.0,0.4248,,2569,9148.0,8743.0,9686.0,11667.0,12235.0,,16380.0,5780.0,0.8304,0.4316,0.7955,,0.3579571363,17919.12109,8500.0,6750.0,5575.0,6750.0,1554,25416.0,13950.0,40779.0,,inter american university of puerto rico-san german,41853.24010761358,16811.497902418167,8973.316615436022,12557.306278149346,8723.915272927621,14317.484477334154,9388.985519616692,5721.862076067234,11974.343469323123,18391.164018175346,26085.533009026873,5932.262385590782,9941.158039244345,6927.815069677817,6927.815069677817,,
242626,Inter American University of Puerto Rico-Aguadilla,Aguadilla,PR,4,2,20.0,0.4176,,2906,8742.0,8543.0,9117.0,11361.0,12612.0,,16057.0,5742.0,0.8285,0.4288,0.8056,,0.4288086343,14931.727541,6250.0,5500.0,4000.0,5492.0,1988,24776.0,12949.0,42682.0,,inter american university of puerto rico-aguadilla,43806.37078577608,16479.989122046918,8768.048020778902,12944.237579078017,6414.643583035016,13290.115161075266,8972.290272462737,4105.37189314241,11660.282519497729,15325.073640720457,25428.673506124087,5893.2613526059295,9357.168887444837,5644.886353070813,5636.675609284529,,
242635,Inter American University of Puerto Rico-Arecibo,Arecibo,PR,4,2,19.0,0.382,,2220,9217.0,8897.0,9892.0,11216.0,14497.0,,16625.0,5780.0,0.771,0.3892,0.713,,0.3528673085,15016.40293,9000.0,6188.0,5500.0,6750.0,2073,24539.0,12963.0,40764.0,,inter american university of puerto rico-arecibo,41837.8449630143,17062.95193087314,9131.373433322005,14878.894083721378,9237.086759570422,13304.483962701264,9459.803184773398,5644.886353070813,11511.462788371316,15411.979631230832,25185.430221455397,5932.262385590782,10152.58469174118,6351.0103186913075,6927.815069677817,,
242644,Inter American University of Puerto Rico-Barranquitas,Barranquitas,PR,4,2,22.0,0.8595,,937,8726.0,8455.0,9341.0,11712.0,13301.0,,16051.0,5742.0,0.8838,0.3802,0.7323,,0.5058139535,13212.768102,5200.0,3500.0,,3500.0,1162,23204.0,12656.0,37481.0,,inter american university of puerto rico-barranquitas,38468.36098171766,16473.831064207203,8677.729839129768,13651.387887671797,5336.983461085132,12989.396669902584,8955.868784890166,,12020.528903120976,13560.831699139846,23815.26235211912,5893.2613526059295,9587.069713460813,3592.2004064996086,3592.2004064996086,,
242653,Inter American University of Puerto Rico-Metro,San Juan,PR,4,2,18.0,0.6972,,2607,9788.0,9272.0,9966.0,12229.0,13972.0,,16837.0,5780.0,0.6649,0.3881,0.7643,,0.2553742038,23649.505066,10975.0,8499.0,9920.0,8666.0,3534,30821.0,16134.0,50138.0,,inter american university of puerto rico-metro,51458.783994593534,17280.53664120969,9516.252048304106,14340.064022746437,11264.114131809487,16559.01753098991,10045.845022519476,10181.322294993177,12551.148220309631,24272.503346171357,31632.91677963555,5932.262385590782,10228.534071764314,8722.888929954335,8894.28820649303,,
242662,Inter American University of Puerto Rico-Ponce,Mercedita,PR,4,2,22.0,0.3373,,2404,9026.0,8685.0,9595.0,11557.0,13540.0,,16065.0,5780.0,0.8036,0.4144,0.6865,,0.3379380054,17094.075827,6375.0,4500.0,5000.0,5000.0,2878,26721.0,14904.0,43184.0,,inter american university of puerto rico-ponce,44321.59495836546,16488.1998658332,8913.788722985457,13896.683858287057,6542.936454695716,15296.615673848619,9263.771676875847,5131.714866428012,11861.445742261707,17544.384609852725,27424.91058916458,5932.262385590782,9847.760828675355,4618.543379785211,5131.714866428012,,
242680,Inter American University of Puerto Rico-Fajardo,Fajardo,PR,4,2,22.0,0.2654,,1072,9230.0,9062.0,9480.0,11307.0,,,16190.0,5780.0,0.8272,0.3767,0.7628,,0.3214574899,16954.413632,5750.0,5500.0,,5500.0,1144,23132.0,12888.0,37750.0,,inter american university of puerto rico-fajardo,38744.44724153149,16616.492737493903,9300.72002391413,,5901.472096392214,13227.508239704845,9473.14564342611,,11604.859998940306,17401.04329738083,23741.365658042556,5932.262385590782,9729.731386747511,5644.886353070813,5644.886353070813,,
242699,Inter American University of Puerto Rico-Guayama,Guayama,PR,4,2,22.0,0.3633,,2393,9316.0,8932.0,9785.0,12305.0,11022.0,,16475.0,5780.0,0.6639,0.4421,0.8255,,0.3826311264,15737.222354,9500.0,6500.0,,6700.0,1079,25827.0,14108.0,41029.0,,inter american university of puerto rico-guayama,42109.82585093498,16909.0004848803,9167.295437387002,11312.35225155391,9750.258246213223,14479.646667113278,9561.411139128671,,12629.150286279339,16151.787582061006,26507.359971047255,5932.262385590782,10042.76599359962,6671.229326356416,6876.497921013536,,
242705,Inter American University of Puerto Rico-Bayamon,Bayamon,PR,4,2,22.0,0.3962,,3476,9284.0,8904.0,9637.0,11642.0,12535.0,,16324.0,5780.0,0.8011,0.3492,0.7387,,0.2726588943,19489.265401,8250.0,5400.0,5500.0,5313.0,2226,29936.0,17184.0,45503.0,,inter american university of puerto rico-bayamon,46701.684313414764,16754.022695914173,9138.557834135005,12865.209170135025,8467.32952960622,17636.67765293979,9528.568163983533,5644.886353070813,11948.684894990984,20002.67059881456,30724.603248277796,5932.262385590782,9890.86723355335,5542.252055742253,5452.960217066406,,
243346,Universidad Ana G. Mendez-Carolina Campus,Carolina,PR,4,2,18.0,,,4468,7761.0,7401.0,7506.0,10546.0,10745.0,,14113.0,7750.0,0.9046,0.3426,0.7505,0.3817833582,0.4060663507,16108.845789,14500.0,9750.0,14075.0,10063.0,6072,24328.0,12674.0,38614.0,41300.0,universidad ana g. mendez-carolina campus,39631.20757045025,14484.778381979708,7595.964345286743,11028.055247953798,14881.973112641235,13007.870843421724,7965.44781566956,14445.777348994854,10823.812996269962,16533.200683281517,24968.871854092136,7954.158042963419,7703.7303574817315,10006.843989534624,10328.089340173017,42387.96479669538,
243443,Universidad del Sagrado Corazon,Santurce,PR,4,2,19.0,0.5802,,4442,12924.0,12027.0,12671.0,15196.0,17990.0,19478.0,19728.0,6410.0,0.7148,0.5207,0.7907,0.4516944866,0.2772397094,23047.344427,16250.0,11250.0,9500.0,12392.0,2014,31754.0,14939.0,54237.0,46100.0,universidad del sagrado corazon,55665.76384209122,20247.694176978366,12343.826939705941,18463.91008940799,16678.07331589104,15332.537677913615,13264.456586743127,9750.258246213223,15596.307822048015,23654.480005544538,32590.49477371102,6578.858458760711,13004.791814501868,11546.358449463027,12718.442124955185,47314.411068466274,19991.108433656966
243568,Universidad Central Del Caribe,Bayamon,PR,4,2,25.0,0.6,,90,8524.0,6180.0,7597.0,6247.0,13642.0,13642.0,14642.0,7707.0,0.7222,0.4,0.7143,0.5714285714,0.3275862069,20326.22973,7363.0,,,,114,31468.0,18921.0,46448.0,,universidad central del caribe,47671.57842316966,15027.71381484779,6342.799574905023,14001.370841562188,7556.96331230189,19419.435397536883,8748.547504286475,,6411.564554115158,20861.683056774407,32296.960683351335,7910.025295112137,7797.1275680507215,,,,14001.370841562188
243577,Universidad Politecnica de Puerto Rico,Hato Rey,PR,4,2,19.0,,,3594,17540.0,16406.0,17013.0,19884.0,21687.0,22588.0,23368.0,9870.0,0.6217,0.2808,0.7832,0.53375695,0.2195994278,26272.925827,22564.0,12542.0,15500.0,12500.0,1465,47540.0,25266.0,69091.0,61600.0,universidad politecnica de puerto rico,70911.06236727556,23983.582599737958,16838.182819723592,22258.30006164486,23158.402849216334,25931.58156303403,18002.055751429467,15908.316085926837,20407.803680810917,26965.032810195273,48792.34494999754,10130.005146328896,17461.173004507953,12872.393570948025,12829.287166070031,63222.727154393106,23183.035080575188
243586,Pontifical Catholic University of Puerto Rico-Mayaguez,Mayaguez,PR,4,2,22.0,0.9917,,555,11502.0,11000.0,11890.0,13432.0,15675.0,,18605.0,6550.0,0.8042,0.3989,0.7805,0.317867036,0.3084022915,18459.998627,15500.0,11000.0,15626.0,11200.0,2839,24908.0,13683.0,40900.0,40700.0,pontifical catholic university of puerto rico-mayaguez,41977.42760738114,19095.111017978634,11289.772706141626,16087.926106251818,15908.316085926837,14043.450903466897,11804.996878730999,16037.635300560823,13785.83881717221,18946.28987768332,25564.150778597785,6722.546475020696,12203.217952365812,11289.772706141626,11495.041300798746,41772.15901272402,
243601,Universidad Ana G. Mendez-Gurabo Campus,Gurabo,PR,4,2,17.0,,,7868,7051.0,7135.0,5205.0,7669.0,,,14224.0,7750.0,0.8559,0.314,0.7514,0.4478568272,0.3655705996,17317.658841,13448.0,8750.0,12250.0,9062.0,5527,26223.0,14676.0,42305.0,41900.0,universidad ana g. mendez-gurabo campus,43419.43948484741,14598.70245201441,7322.957114392773,,13802.260304744781,15062.609475939502,7236.7443046367825,12572.701422748629,7871.024262127285,17773.85746521764,26913.791788468352,7954.158042963419,5342.115175951561,8980.501016249022,9300.72002391413,43003.77058066674,
243744,Stanford University,Stanford,CA,4,2,15.0,0.0361,1553.0,7554,13807.0,-2536.0,-193.0,3212.0,11092.0,53882.0,87833.0,65910.0,0.1916,0.9192,0.9818,0.8992,0.3033854167,84509.973316,12000.0,6500.0,12000.0,8413.0,796,124080.0,73321.0,219740.0,232800.0,stanford university,225528.60494977827,90146.78237259432,-2602.8057802522876,11384.196259683902,12316.115679427228,75252.49314427366,14170.717432154313,12316.115679427228,3296.6136301933548,86736.21728543036,127348.63612527755,67646.26536925406,-198.08419384412127,6671.229326356416,8634.623434251773,238932.64418088825,55301.41208657483
243823,Parker University,Dallas,TX,4,2,18.0,,,607,29135.0,26817.0,30817.0,33016.0,31332.0,34084.0,42167.0,17893.0,0.5,0.7407,0.5,0.4362017804,0.3894736842,64710.614458,12288.0,9500.0,6342.0,9500.0,257,42091.0,23643.0,73294.0,,parker university,75224.78188399495,43277.804154533995,27523.4395146,32157.378038984494,12611.702455733483,24265.8269173915,29902.502526676028,6509.0671365772905,33885.73960599745,66415.28444596201,43199.80208856429,18364.354820999284,31628.81140774241,9750.258246213223,9750.258246213223,,34981.873901466475
243832,EDP University of Puerto Rico Inc-San Juan,San Juan,PR,4,2,23.0,0.6067,,1404,8387.0,8194.0,9348.0,5534.0,,,15740.0,7050.0,0.5816,0.2439,0.6,0.4144295302,0.44092827,12966.48169,14000.0,10500.0,10500.0,10500.0,1194,22844.0,11249.0,39209.0,39200.0,edp university of puerto rico inc-san juan,40241.881639555184,16154.638399515383,8409.854323102227,,14368.801625998434,11545.33210648974,8607.938516946348,10776.601219498825,5679.782014162523,13308.057370767923,23445.778881736303,7235.717961663497,9594.254114273812,10776.601219498825,10776.601219498825,40232.64455279562,
245652,St. John's College,Santa Fe,NM,4,2,21.0,0.5315,1426.0,368,26674.0,16014.0,17151.0,19053.0,21551.0,35680.0,55824.0,40504.0,0.2695,0.5493,0.8243,0.7094972067,,88353.203252,,19000.0,12000.0,15050.0,118,44985.0,22437.0,69716.0,72400.0,st. john's college,71552.52672557905,57294.57014069547,16435.85637419564,22118.717417278018,,23028.05729160906,27376.67246942016,12316.115679427228,19554.912670010584,90680.68932496484,46170.03865325283,41570.99578996004,17602.808334821366,19500.516492426446,15446.461747948317,74307.23126587762,36619.91728683029
245953,Mid-America Christian University,Oklahoma City,OK,4,2,19.0,0.9176,1020.0,1666,16692.0,14517.0,15027.0,15646.0,20665.0,24590.0,31313.0,21294.0,0.5287,0.4423,0.6515,0.3762057878,0.497824195,59921.955947,26394.0,14990.0,13370.0,15750.0,973,46116.0,24194.0,68732.0,84300.0,mid-america christian university,70542.60523986602,32137.87752249207,14899.42094318709,21209.377542946975,27089.29643690019,24831.341895671863,17131.716910083276,13722.205552828504,16058.162160026535,61500.47843173287,47330.83255603884,21854.947273143618,15422.855859562747,15384.88116955118,16164.901829248238,86520.71264797628,25237.773713092964
247649,Landmark College,Putney,VT,4,2,23.0,0.4944,,455,56954.0,44712.0,44994.0,54846.0,55403.0,63102.0,83124.0,66540.0,0.1622,0.4302,0.6301,0.6334661355,,114093.07143,17500.0,11500.0,8250.0,10500.0,109,29813.0,13157.0,51289.0,57200.0,landmark college,52640.10475684526,85313.73331139241,45889.84702154586,56862.479748942234,17961.002032498043,13503.594499518671,58454.3377005082,8467.32952960622,56290.80671282215,117098.62216275281,30598.363062563665,68292.86144242398,46179.275740012396,11802.944192784427,10776.601219498825,58706.81807193646,64764.294300268084
363907,Caribbean University-Ponce,Ponce,PR,4,2,22.0,,,414,4964.0,,4964.0,,,,10000.0,8844.0,0.71,0.3667,0.76,0.3196428571,0.4988095238,12458.188734,10500.0,7063.0,,6750.0,2693,22842.0,12390.0,38346.0,40700.0,caribbean university-ponce,39356.14765360971,10263.429732856024,,,10776.601219498825,12716.389439008613,5094.76651938973,,,12786.374467006754,23443.72619578973,9076.977255737867,5094.76651938973,7249.06042031621,6927.815069677817,41772.15901272402,
363916,Caribbean University-Vega Baja,Vega Baja,PR,4,2,22.0,,,152,5235.0,,5235.0,,,,9936.0,8844.0,0.7629,0.5,0.65,0.3196428571,0.4988095238,12458.188734,10500.0,7063.0,,6750.0,2693,22842.0,12390.0,38346.0,40700.0,caribbean university-vega baja,39356.14765360971,10197.743782565745,,,10776.601219498825,12716.389439008613,5372.905465150128,,,12786.374467006754,23443.72619578973,9076.977255737867,5372.905465150128,7249.06042031621,6927.815069677817,41772.15901272402,
375230,Yeshiva Gedolah Imrei Yosef D'spinka,Brooklyn,NY,3,2,24.0,,,226,5646.0,5174.0,6923.0,7144.0,,,15989.0,12500.0,0.917,0.2162,0.7949,,,32787.5,,,,,33,36545.0,19469.0,66749.0,39700.0,yeshiva gedolah imrei yosef d'spinka,68507.36712384068,16410.197799863497,5310.298543779707,,,19981.871346897395,5794.732427170511,,7332.194201152343,33651.220236601686,37507.70395872234,12829.287166070031,7105.372404056226,,,40745.81603943842,
376385,Universal Technology College of Puerto Rico,Aguadilla,PR,3,2,26.0,,,149,6212.0,6129.0,6416.0,6446.0,8912.0,,,,0.6134,0.6437,,,0.6040609137,6453.6746667,,,,,928,19878.0,10938.0,34294.0,37100.0,universal technology college of puerto rico,35197.40592585645,,6290.456083267457,9146.768577921288,,11226.139441797919,6375.642550050162,,6615.806805798993,6623.683646038847,20401.645622971206,,6585.016516600425,,,38077.32430889585,
377661,Valley College-Martinsburg,Martinsburg,WV,3,2,23.0,,,765,25751.0,25497.0,26541.0,27669.0,,,,,0.7545,0.6643,0.5,0.2636363636,0.6305418719,30433.663158,9500.0,9349.0,9500.0,9404.0,76,24900.0,11892.0,37503.0,,valley college-martinsburg,38490.94052712995,,26168.666789863004,,9750.258246213223,12205.270638312384,26429.357905077548,9750.258246213223,28397.883727839333,31235.376333554217,25555.9400348115,,27240.168853973173,9595.280457247098,9651.729320777806,,
385619,Everglades University,Boca Raton,FL,4,2,20.0,0.8145,,2789,27371.0,25556.0,28867.0,29319.0,30356.0,34886.0,38913.0,21680.0,0.7201,0.6136,0.7365,0.3169508526,0.4180238871,52965.0,38996.0,14750.0,25000.0,18434.0,678,47597.0,23905.0,81263.0,99400.0,everglades university,83403.7090381079,39938.08411946265,26229.221025286857,31155.667297057746,40023.27058624535,24534.728776392327,28092.033521800226,25658.574332140062,30091.349633760576,54360.255580071935,48850.84649947482,22251.11566083186,29627.442609835485,15138.558855962636,18919.606369546796,102018.49154458888,35805.00096604152
386472,Herzing University-Orlando,Winter Park,FL,4,2,26.0,0.942,,714,19850.0,19463.0,18849.0,18891.0,,25787.0,26664.0,13450.0,0.6496,0.3714,0.4,0.3041105434,0.5209032652,42942.389088,21500.0,10662.0,15250.0,11350.0,8016,36909.0,19077.0,56514.0,77200.0,herzing university-orlando,58002.74679226254,27366.409039687303,19975.71328905768,,22066.37392564045,19579.544901369438,20372.90801971921,15651.730342605437,19388.645108338314,44073.619296565135,37881.2928009983,13804.312990691353,19345.53870346032,10942.868781171093,11648.992746791588,79233.6775376485,26466.306252115828
388520,College of Biblical Studies-Houston,Houston,TX,3,2,24.0,,,419,672.0,672.0,,,,,11523.0,9350.0,0.3817,0.4,1.0,0.3873873874,0.5088757396,48606.210526,25570.0,14622.0,15819.0,14295.0,236,39260.0,21510.0,60248.0,92600.0,college of biblical studies-houston,61835.111454510974,11826.550081169997,689.7024780479248,,26243.589826912856,22076.637355373306,689.7024780479248,16235.719494404944,,49886.64263140079,40294.225131192754,9596.306800220382,,15007.186955382078,14671.572803117686,95039.35932624679,
399911,Soka University of America,Aliso Viejo,CA,4,2,21.0,0.4338,1440.0,484,18260.0,12020.0,10619.0,12049.0,12724.0,30940.0,55064.0,38728.0,0.2043,0.9182,0.9048,0.7926829268,,,15650.0,18904.0,14707.0,15518.0,70,55017.0,35705.0,94200.0,,soka university of america,96681.50808350375,56514.54948099841,12336.642538892942,13059.187992086005,16062.267531919679,36645.57586116243,18741.0226921951,15094.426108111355,12366.406485118223,,56466.31136125399,39748.21066940481,10898.736033319812,19401.98756699103,15926.79025944598,,31755.051593456537
413617,College of Menominee Nation,Keshena,WI,3,2,33.0,,,258,8805.0,9136.0,9022.0,7926.0,,,16144.0,6200.0,0.6347,0.3171,,,0.55,21011.853659,,,,,380,25853.0,9137.0,42823.0,41500.0,college of menominee nation,43951.085145009354,16569.280960722765,9376.669403937263,,,9377.69574691055,9036.94987977973,,8134.794406261685,21565.368358620024,26534.04488835268,6363.326434370735,9259.666304982706,,,42593.2333913525,
414878,Trine University-Regional/Non-Traditional Campuses,Angola,IN,4,2,19.0,0.3986,,607,15788.0,,12932.0,21499.0,,,26786.0,7176.0,0.1802,0.0,1.0,0.6286919831,0.3215613383,80574.407577,25000.0,14250.0,19500.0,17000.0,953,57165.0,38069.0,82880.0,79800.0,trine university-regional/non-traditional campuses,85063.30562591073,27491.622882428146,,,25658.574332140062,39071.8506500096,16203.902862233092,20013.687979069247,22065.347582667167,82696.97704330416,58670.896067871465,7365.037176297483,13272.66733052941,14625.387369319835,17447.830545855242,81902.16926819108,
417734,Southeast Missouri Hospital College of Nursing and Health Sciences,Cape Girardeau,MO,3,2,26.0,1.0,1020.0,200,19390.0,14197.0,,,,21987.0,24592.0,11064.0,0.4247,0.75,,0.6524064171,0.4785714286,68058.3125,11500.0,9542.0,10500.0,10499.0,126,60918.0,42732.0,79656.0,,southeast missouri hospital college of nursing and health sciences,81754.37588003794,25239.826399039535,14570.991191735697,,11802.944192784427,43857.687934440364,19900.79025200783,10776.601219498825,,69851.17080805068,62522.76124661233,11355.458656431905,,9793.364651091219,10775.57487652554,,22566.20295363054
417752,Messenger College,Bedford,TX,3,2,24.0,0.375,,24,26433.0,,28494.0,24551.0,24903.0,29756.0,29881.0,11620.0,0.8148,1.0,0.5714,0.3404255319,,42828.177778,,,,,31,29463.0,17447.0,53629.0,,messenger college,55041.747314333574,30668.154384747086,,25559.019063731357,,17906.605854913905,27129.32381285833,,25197.746337134824,43956.39932107688,30239.143021913704,11926.1053495787,29244.616680799954,,,,30539.861513086387
426314,Embry-Riddle Aeronautical University-Worldwide,Daytona Beach,FL,4,2,18.0,0.5791,1148.0,9139,18725.0,18216.0,18777.0,19002.0,21057.0,,24878.0,12097.0,0.2551,0.2055,0.6029,0.6444394213,0.3554592721,89514.958303,23666.0,15000.0,14750.0,14000.0,3262,84131.0,55392.0,112155.0,115500.0,embry-riddle aeronautical university-worldwide,115109.49616884674,25533.360489399216,18695.863601370533,21611.703988474932,24289.432805777065,56851.18997623609,19218.272174772905,15138.558855962636,19502.569178373018,91873.04845823775,86347.26068549101,12415.670947835932,19271.642009383755,15395.144599284036,14368.801625998434,118542.61341448707,
433387,Western Governors University,Salt Lake City,UT,4,2,18.0,,,155088,12548.0,12064.0,12436.0,12578.0,14824.0,12734.0,16728.0,8658.0,0.3942,0.4618,0.6458,0.5417824074,0.4706482625,63709.554741,11116.0,7219.0,9602.0,8246.0,11611,60615.0,37733.0,96337.0,82100.0,western governors university,98874.80301741508,17168.665257121556,12381.801629717507,15214.50823598577,11408.828491042757,38726.999410985634,12878.55162878774,9854.945229488354,12909.341917986307,65387.85383957979,62211.77932570679,8886.077462706746,12763.601215779752,7409.169924148764,8463.224157713077,84262.75810674796,13069.451421818861
433536,Herzing University-New Orleans,Metairie,LA,4,2,23.0,0.92,,346,21269.0,20759.0,22206.0,,22797.0,,28414.0,13450.0,0.7673,0.1538,0.5,0.3041105434,0.5209032652,42942.389088,21500.0,10662.0,15250.0,11350.0,8016,36909.0,19077.0,56514.0,77200.0,herzing university-new orleans,58002.74679226254,29162.509242937107,21305.85378243582,23397.540761991877,22066.37392564045,19579.544901369438,21829.288698811477,15651.730342605437,,44073.619296565135,37881.2928009983,13804.312990691353,22790.972064780086,10942.868781171093,11648.992746791588,79233.6775376485,
434900,Dewey University-Carolina,Carolina,PR,3,2,23.0,,,292,4041.0,3639.0,4127.0,5468.0,6589.0,,11572.0,7630.0,0.8736,0.6207,0.64,,0.4795996921,9298.4709865,5185.0,5167.0,,5167.0,5055,19761.0,9317.0,33664.0,35000.0,dewey university-carolina,34550.80985268652,11876.840886860991,3734.8620797863073,6762.573850978834,5321.588316485849,9562.437482101957,4147.45195504712,,5612.043377925674,9543.42035929432,20281.56349509679,7830.996886169147,4235.717450749681,5303.114142966708,5303.114142966708,35922.00406499609,
439367,CBD College,Los Angeles,CA,3,2,10.0,,,1581,23033.0,22935.0,23547.0,,,,,,0.413,0.8214,,0.4280155642,0.4343257443,46591.996063,19309.0,16733.0,15848.0,16000.0,200,37237.0,16003.0,67359.0,47200.0,cbd college,69133.43633754489,,23539.17609230529,,19817.656471171696,16424.566601489496,23639.75770368728,16265.483440630227,,47819.3677706105,38217.93329623598,,24167.29799195608,17173.796971987984,16421.48757256964,48443.38833908043,
439701,The King's University,Southlake,TX,4,2,24.0,0.6064,,251,14140.0,16825.0,12674.0,,14343.0,13430.0,18075.0,12480.0,0.386,0.4737,0.5,0.3762376238,0.4,64181.9375,27000.0,14237.0,9712.0,14500.0,109,41471.0,18321.0,62440.0,,the king's university,64084.85525195301,18551.149242137264,17268.22052553026,14720.837265835395,27711.260278711266,18803.62961356552,14512.489642258419,9967.84295654977,,65872.6805649807,42563.469445127215,12808.760306604318,13007.870843421724,14612.044910667122,14881.973112641235,,13783.786131225641
440651,Atenas University,Manati,PR,4,2,26.0,,,597,5818.0,5566.0,4602.0,11324.0,,15539.0,15539.0,8954.0,0.8569,0.4248,0.8182,,0.5214646465,10566.567143,6525.0,,,,1086,20231.0,11147.0,32566.0,26500.0,atenas university,33423.88526801893,15948.343461884977,5712.624989307663,,6696.887900688555,11440.64512321461,5971.263418575635,,11622.307829486163,10844.921938968573,20763.944692541023,9189.874982799283,4723.230363060342,,,27198.088792068465,15948.343461884977
440794,Pillar College,Newark,NJ,4,2,21.0,,,498,8470.0,15139.0,7114.0,3181.0,4411.0,,38047.0,25900.0,0.6994,0.3846,0.7411,0.3181818182,0.5873015873,29747.111111,21483.0,14583.0,,,161,45577.0,22219.0,72001.0,,pillar college,73897.72041953666,39049.27110459731,15537.806272570735,4527.198855162792,22048.926095094597,22804.3145234328,8693.124983729052,,3264.796998021501,30530.73846432092,46777.6336934379,26582.283008097103,7301.403911953776,14967.15957942394,,,
441609,Yeshiva Shaarei Torah of Rockland,Suffern,NY,3,2,24.0,0.3667,,152,10753.0,,,10753.0,,,22780.0,13000.0,0.3121,,0.8889,,,32135.809524,,,,,30,89548.0,35056.0,182351.0,,yeshiva shaarei torah of rockland,187154.66752160288,23380.092931446023,,,,35979.47927150008,11036.265991740083,,11036.265991740083,32982.36229580194,91906.96057177913,13342.458652712832,,,,,
441690,Universidad Pentecostal Mizpa,Rio Piedras,PR,4,2,24.0,,,137,6440.0,5172.0,7707.0,,,,12652.0,4560.0,0.5568,0.1538,1.0,,0.56,17135.0625,,,,,112,21410.0,12313.0,36945.0,,universidad pentecostal mizpa,37918.241148036584,12985.291298009442,5308.245857833136,,,12637.361030065622,6609.64874795928,,,17586.450993684626,21974.00305804475,4680.123958182347,7910.025295112137,,,,
441982,Franklin W Olin College of Engineering,Needham,MA,3,2,28.0,0.252,1520.0,377,25171.0,,3100.0,9528.0,12271.0,27096.0,86474.0,66398.0,0.1213,0.9639,0.9796,,,,19500.0,,15925.0,16894.0,44,129455.0,,,,franklin w olin college of engineering,,88751.98227189918,,12594.254625187627,20013.687979069247,,25834.0789805719,16344.511849573219,9778.99584946522,,132865.22960668767,68147.12074021743,3181.6632171853676,,17339.038190686966,,27809.789204146684
442356,Saint Joseph's University - Lancaster,Lancaster,PA,4,2,26.0,0.4121,,1280,42478.0,37532.0,38376.0,41420.0,44745.0,47879.0,47879.0,32933.0,0.5498,0.6875,0.8125,0.7923355774,0.1751018034,143720.37468,25500.0,20916.0,20616.0,23000.0,1945,86881.0,59140.0,127367.0,105000.0,saint joseph's university - lancaster,130722.22547846733,49140.27521794136,38520.70447335523,45923.71633966428,26171.745818782863,60697.92344011053,43596.99681922582,21159.08673725598,42511.12595348965,147506.39667079202,89169.70386202642,33800.553139214746,39386.937942808276,21466.98962924166,23605.888385568855,107766.01219498826,49140.27521794136
443049,Faith International University,Tacoma,WA,4,2,20.0,,,276,22662.0,22662.0,,,,,31368.0,8850.0,0.4694,0.25,0.6667,0.4651162791,,,17650.0,,,,72,51006.0,31986.0,84275.0,,faith international university,86495.05407364415,32194.326386022778,23258.984460598323,,18114.953478490883,32828.60634351328,23258.984460598323,,,,52349.64969540544,9083.13531357758,,,,,
443562,Dewey University-Hato Rey,Hato Rey,PR,4,2,26.0,,,244,3577.0,3192.0,3600.0,5035.0,,,11993.0,8180.0,0.937,0.537,0.5667,,0.4795996921,9298.4709865,5185.0,5167.0,,5167.0,5055,19761.0,9317.0,33664.0,35000.0,dewey university-hato rey,34550.80985268652,12308.931278614229,3276.086770727643,,5321.588316485849,9562.437482101957,3671.2288154426,,5167.636870493008,9543.42035929432,20281.56349509679,8395.485521476228,3694.8347038281686,5303.114142966708,5303.114142966708,35922.00406499609,
444398,Baptist University of the Americas,San Antonio,TX,3,2,22.0,,,99,10964.0,12338.0,12264.0,12505.0,3877.0,9617.0,13755.0,9180.0,0.2755,0.8,0.6667,,0.5535714286,35038.513514,,,,,57,37709.0,24454.0,54812.0,,baptist university of the americas,56255.91105173044,14117.347597543461,12663.019604397763,3979.1317074282806,,25098.191068726122,11252.824359103344,,12834.418880936459,35961.53213946652,38702.36717962678,9421.82849476183,12587.070224374627,,,,9870.340374087638
445267,Central Methodist University-College of Graduate and Extended Studies,Fayette,MO,4,2,20.0,0.8753,1120.0,2092,14601.0,14601.0,,,,,22310.0,7440.0,0.3188,0.0,0.5294,0.5774134791,0.4372781065,64273.967213,17619.0,12876.0,13100.0,13567.0,1324,48991.0,34222.0,74400.0,58200.0,central methodist university-college of graduate and extended studies,76359.91721244883,22897.71173400179,14985.63375294308,,18083.13684631903,35123.509231779884,14985.63375294308,13445.092950041391,,65967.13461425174,50281.56860423495,7635.991721244882,,13215.192124025416,13924.395118565768,59733.16104522206,
445708,Johnson & Wales University-Charlotte,Charlotte,NC,3,2,22.0,0.7988,1007.0,1184,27426.0,23414.0,24568.0,25109.0,30117.0,33680.0,58022.0,42419.0,0.5239,0.4897,0.7152,0.6799300843,0.3464140731,67993.473773,26000.0,17250.0,14250.0,16666.0,4388,43418.0,25436.0,63933.0,68100.0,johnson & wales university-charlotte,65617.18531106842,59550.47199597723,24030.794376509097,30910.371326442488,26684.917305425664,26106.059868492583,28148.48238533093,14625.387369319835,25770.44571622819,69784.62403619745,44561.75921411429,43536.44258380197,25215.194167680682,17704.416289176643,17105.03199277785,69893.95648074952,34567.23134025909
446048,Ave Maria University,Ave Maria,FL,4,2,21.0,0.4139,,1298,24860.0,18761.0,20840.0,23790.0,24088.0,27107.0,46129.0,30198.0,0.2104,0.5394,0.7893,0.5316742081,0.1763392857,97372.026374,20776.0,10875.0,12676.0,12000.0,336,49520.0,31575.0,76050.0,,ave maria university,78053.38311837007,47344.17501469155,19255.22052181119,24722.54954050359,21323.301612981675,32406.779381492895,25514.886315880078,13009.923529368296,24416.699334464483,99937.09506353525,50824.50403710303,30993.505107278623,21388.987563271956,11161.479834480926,12316.115679427228,,27821.078976852827
446233,Ecclesia College,Springdale,AR,3,2,22.0,0.7381,,108,22075.0,20801.0,20663.0,20393.0,27248.0,26071.0,31571.0,16850.0,0.4855,0.4,0.4839,0.4942528736,0.4742268041,51903.321678,13019.0,5500.0,12000.0,9250.0,88,40650.0,25046.0,57852.0,,ecclesia college,59375.99369051867,32402.674009599756,21348.960187313816,27965.793336086095,13361.959169205258,25705.786108911198,22656.521135279672,12316.115679427228,20930.21225421329,53270.609494397584,41720.84186405974,17293.8790998624,21207.324857000403,5644.886353070813,9493.672502891823,,26757.78765652894
446604,Uta Mesivta of Kiryas Joel,Monroe,NY,3,2,24.0,,,2957,4156.0,3915.0,3898.0,4617.0,6690.0,4482.0,21682.0,16000.0,0.874,0.7019,0.9399,,,25101.051903,,,,,282,31853.0,17639.0,64208.0,,uta mesivta of kiryas joel,65899.42962872196,22253.16834677843,4018.1327404131334,6866.23449128068,,18103.66370578474,4265.481396974964,,4738.625507659626,25762.28824272125,32692.102728066293,16421.48757256964,4000.6849098672783,,,,4600.06920626607
446640,Harrisburg University of Science and Technology,Harrisburg,PA,4,2,18.0,0.8735,,615,15376.0,12637.0,11292.0,15063.0,19420.0,20871.0,35893.0,24400.0,0.4735,0.3387,0.7388,0.4259259259,0.44,44909.822581,27000.0,12594.0,9793.0,12000.0,114,52374.0,34213.0,69826.0,,harrisburg university of science and technology,71665.42445264048,36838.528340140125,12969.896153410158,19931.5805412064,27711.260278711266,35114.27214502032,15781.049557239423,10050.976737385905,15459.80420660103,46092.88083751243,53753.686882860144,25042.7685481687,11589.464854341022,12925.763405558877,12316.115679427228,,21420.80419544381
447953,SUM Bible College and Theological Seminary,El Dorado Hills,CA,4,2,24.0,0.4068,,198,21680.0,21249.0,22068.0,21807.0,23144.0,17426.0,24956.0,10460.0,0.4465,0.8481,0.6429,0.312,0.5363636364,44488.994536,26677.0,11441.0,14883.0,12674.0,158,35418.0,19863.0,51604.0,,sum bible college and theological seminary,52963.40279343023,25613.415241315495,21808.761839345767,23753.681773721983,27379.751498340014,20386.25047837192,22251.11566083186,15275.062471409621,22381.461218439134,45660.966930565155,36351.015427829465,10735.547500567402,22649.336734466673,11742.389957360578,13007.870843421724,,17885.052652474908
449135,Dewey University-Juana Diaz,Juana Diaz,PR,3,2,26.0,,,263,5554.0,4520.0,6558.0,7420.0,,,11572.0,7630.0,0.8971,0.7333,0.5938,,0.4795996921,9298.4709865,5185.0,5167.0,,5167.0,5055,19761.0,9317.0,33664.0,35000.0,dewey university-juana diaz,34550.80985268652,11876.840886860991,4639.070239250923,,5321.588316485849,9562.437482101957,5700.308873628236,,7615.46486177917,9543.42035929432,20281.56349509679,7830.996886169147,6730.757218806981,5303.114142966708,5303.114142966708,35922.00406499609,
449764,Visible Music College,Memphis,TN,4,2,30.0,0.2803,1050.0,79,27820.0,27744.0,26450.0,27873.0,,30820.0,31820.0,22000.0,0.4881,0.2286,0.6667,0.5731707317,,56264.396226,9500.0,9500.0,7450.0,9500.0,60,35933.0,21159.0,48282.0,,visible music college,49553.89143617546,32658.23340994787,28474.859450835753,,9750.258246213223,21716.39097175006,28552.86151680546,7646.255150977738,28607.257694389595,57746.567712712065,36879.58205907155,22579.545412283253,27146.771643404183,9750.258246213223,9750.258246213223,,31631.890436662266
451370,Yeshivas Be'er Yitzchok,Elizabeth,NJ,3,2,24.0,0.8621,,90,28599.0,27764.0,,,30270.0,,36850.0,11450.0,0.5385,0.1429,1.0,,,38744.0625,,,,,31,82560.0,51918.0,141533.0,,yeshivas be'er yitzchok,145261.40003803116,37820.73856557445,28495.386310301466,31067.401801355187,,53285.674487041906,29352.382692994943,,,39764.69630341321,84734.87587445934,11751.627044120149,,,,,
451398,Yeshiva Toras Chaim,Lakewood,NJ,3,2,24.0,0.4425,,227,5356.0,3247.0,4931.0,5629.0,8287.0,,23250.0,12750.0,0.3778,0.3103,0.9194,,,,,,,,32,62526.0,,88942.0,,yeshiva toras chaim,91284.99672996806,23862.474128890255,3332.535634258351,8505.304219617787,,,5497.092964917687,,5777.284596624656,,64173.12074765558,13085.872909391432,5060.897201271306,,,,
451404,Talmudical Seminary of Bobov,Brooklyn,NY,3,2,24.0,0.9787,,602,2840.0,1852.0,1965.0,6547.0,1900.0,9344.0,19000.0,13200.0,0.9689,0.3922,0.6869,,0.8509090909,23941.517699,,,,,53,22432.0,14114.0,,,talmudical seminary of bobov,,19500.516492426446,1900.7871865249356,1950.0516492426445,,14485.804724952992,2914.8140441311107,,6719.467446100839,24572.208460161535,23022.925576742633,13547.727247369952,2016.7639425062087,,,,9590.148742380668
451750,Bryant & Stratton College-Wauwatosa,Wauwatosa,WI,3,2,23.0,,,1037,14858.0,14775.0,,11909.0,18334.0,17792.0,26292.0,20288.0,0.6096,0.1974,0.4286,0.1873163434,0.5378553335,33855.179152,21549.0,9500.0,9694.0,9500.0,10262,32568.0,15518.0,48170.0,46900.0,bryant & stratton college-wauwatosa,49438.94102316747,26984.60945362506,15164.217430294775,18816.972072218236,22116.664731331446,15926.79025944598,15249.40389707748,9949.36878303063,12222.718468858238,34747.02523198042,33425.9379539655,20822.4462420183,,9750.258246213223,9750.258246213223,48135.485447094754,18260.69418069744
451866,Remington College-Shreveport Campus,Shreveport,LA,3,2,14.0,,,315,30758.0,30758.0,,,,,37279.0,16245.0,0.9357,0.3302,1.0,0.2589161649,0.5946662943,28074.02412,13271.0,9500.0,9500.0,9500.0,13227,31349.0,16051.0,44946.0,56900.0,remington college-shreveport campus,46130.01127729469,38261.03970111397,31568.25717231856,,13620.59759847323,16473.831064207203,31568.25717231856,9750.258246213223,,28813.577387412515,32174.825869530352,16672.94160102461,,9750.258246213223,9750.258246213223,58398.915179950774,
456490,Polytechnic University of Puerto Rico-Orlando,Orlando,FL,4,2,22.0,,,96,16577.0,16917.0,15897.0,,,,23011.0,14547.0,0.5882,0.3333,0.375,0.53375695,0.2195994278,26272.925827,22564.0,12542.0,15500.0,12500.0,1465,47540.0,25266.0,69091.0,61600.0,polytechnic university of puerto rico-orlando,70911.06236727556,23617.178158274997,17362.644079072536,,23158.402849216334,25931.58156303403,17013.687468155433,15908.316085926837,,26965.032810195273,48792.34494999754,14930.211232385658,16315.774246321222,12872.393570948025,12829.287166070031,63222.727154393106,
457086,Homestead Schools,Torrance,CA,3,2,26.0,,,157,15962.0,16839.0,16839.0,13693.0,,17870.0,,,0.6615,0.9333,,0.3884615385,0.5348837209,44138.625,18040.0,18040.0,18040.0,18040.0,211,59398.0,35365.0,83061.0,,homestead schools,85249.07370407542,,17282.58932715626,,18515.227238072268,36296.61925024533,16382.486539584786,18515.227238072268,14053.714333199754,45301.367619238226,60962.71992721821,,17282.58932715626,18515.227238072268,18515.227238072268,,18340.748932613715
457484,Pacific Rim Christian University,Honolulu,HI,4,2,22.0,,,129,23151.0,22972.0,23614.0,,23292.0,,24042.0,13580.0,0.7193,0.4545,0.7778,,,47428.93617,,,,,32,40523.0,8202.0,58963.0,,pacific rim christian university,60516.26073383898,24675.337763732452,23577.150782316858,23905.58053376825,,8418.065066888512,23760.866174534982,,,48678.355368490855,41590.49630645246,13937.73757721848,24236.062971166215,,,,
459727,Touro University Worldwide,Los Alamitos,CA,4,2,18.0,,,454,19058.0,18342.0,18728.0,19416.0,26136.0,,29016.0,14600.0,0.5122,0.2857,0.6471,,0.4026845638,47377.378049,25000.0,14250.0,14582.0,14818.0,38,40803.0,,103296.0,,touro university worldwide,106017.12376850958,29780.36771285504,18825.18281600452,26824.499949792506,25658.574332140062,,19560.044384877012,14966.133236450654,19927.475169313257,48625.43905328669,41877.87233897243,14984.607409969796,19221.35120369276,14625.387369319835,15208.350178146056,,
459842,Herzing University-Kenosha,Kenosha,WI,3,2,26.0,0.92,,522,23066.0,21600.0,25283.0,24333.0,24103.0,28132.0,28414.0,13450.0,0.6225,0.7222,0.5714,0.3041105434,0.5209032652,42942.389088,21500.0,10662.0,15250.0,11350.0,8016,36909.0,19077.0,56514.0,77200.0,herzing university-kenosha,58002.74679226254,29162.509242937107,22169.008222969012,24737.944685102877,22066.37392564045,19579.544901369438,23673.627021805707,15651.730342605437,24974.003568958564,44073.619296565135,37881.2928009983,13804.312990691353,25949.029393579887,10942.868781171093,11648.992746791588,79233.6775376485,28873.080524470566
459851,Herzing University-Brookfield,Brookfield,WI,4,2,26.0,0.9306,,380,20514.0,19996.0,18153.0,22415.0,,22850.0,27844.0,13450.0,0.6728,0.4167,0.4,0.3041105434,0.5209032652,42942.389088,21500.0,10662.0,15250.0,11350.0,8016,36909.0,19077.0,56514.0,77200.0,herzing university-brookfield,58002.74679226254,28577.493748164314,20522.754093818905,,22066.37392564045,19579.544901369438,21054.399753980848,15651.730342605437,23005.47774619678,44073.619296565135,37881.2928009983,13804.312990691353,18631.20399405354,10942.868781171093,11648.992746791588,79233.6775376485,23451.936939576015
460349,Johnson & Wales University-Online,Providence,RI,4,2,18.0,0.9097,,2202,20252.0,19916.0,20580.0,19319.0,,25364.0,26864.0,13365.0,0.3623,0.0,0.5217,0.6799300843,0.3464140731,67993.473773,26000.0,17250.0,14250.0,16666.0,4388,43418.0,25436.0,63933.0,68100.0,johnson & wales university-online,65617.18531106842,27571.67763434442,20440.646655956058,,26684.917305425664,26106.059868492583,20785.49789498002,14625.387369319835,19827.91990090455,69784.62403619745,44561.75921411429,13717.073837962076,21122.138390217697,17704.416289176643,17105.03199277785,69893.95648074952,26032.16317441602
464226,Ottawa University-Surprise,Surprise,AZ,4,2,22.0,0.7815,972.0,836,33393.0,28636.0,30096.0,31252.0,35696.0,35922.0,52170.0,35880.0,0.3984,0.1818,0.5,0.4652137469,0.4008683068,68587.041045,21500.0,12975.0,12000.0,13000.0,1474,55552.0,35894.0,79726.0,78100.0,ottawa university-surprise,81826.21988816794,53544.31291630988,29390.35738300651,36636.338774402866,22066.37392564045,36839.55468311341,34272.67090692612,12316.115679427228,32075.270601121647,70393.82763498696,57015.404851961786,36825.185881487414,30888.81812400349,13316.800078380691,13342.458652712832,80157.38621360555,36868.29228636541
469416,Dewey University-Manati,Manati,PR,3,2,26.0,,,221,3872.0,3375.0,4242.0,5004.0,,,12277.0,7630.0,0.9451,0.5897,0.5263,,0.4795996921,9298.4709865,5185.0,5167.0,,5167.0,5055,19761.0,9317.0,33664.0,35000.0,dewey university-manati,34550.80985268652,12600.412683027342,3463.9075348389083,,5321.588316485849,9562.437482101957,3973.9999925618527,,5135.820238321155,9543.42035929432,20281.56349509679,7830.996886169147,4353.7468926775255,5303.114142966708,5303.114142966708,35922.00406499609,
480091,Bryant & Stratton College-Online,Orchard Park,NY,3,2,23.0,,,8841,15187.0,15197.0,11171.0,16646.0,16685.0,17901.0,21430.0,16299.0,0.7823,0.233,0.2222,0.1873163434,0.5378553335,33855.179152,21549.0,9500.0,9694.0,9500.0,10262,32568.0,15518.0,48170.0,46900.0,bryant & stratton college-online,49438.94102316747,21994.52991751046,15597.3341650213,17124.532509270277,22116.664731331446,15926.79025944598,15587.070735288444,9949.36878303063,17084.505133312137,34747.02523198042,33425.9379539655,16728.364121582035,11465.277354573465,9750.258246213223,9750.258246213223,48135.485447094754,18372.565564785567
486901,Milligan University,Milligan,TN,4,2,19.0,0.7229,1189.0,818,21365.0,15118.0,14635.0,16351.0,22348.0,26390.0,52511.0,40450.0,0.2398,0.6343,0.8151,0.7207207207,0.3186528497,82296.844237,25219.0,18500.0,18063.0,19474.0,390,46641.0,33603.0,70084.0,75800.0,milligan university,71930.22093974816,53894.295870200265,15516.253070131737,22936.712766986642,25883.343443289607,34488.2029313161,21927.817624246894,18538.833126457837,16781.733956192886,84464.78780622467,47869.66261701378,41515.573269402616,15020.529414034792,18987.345005783645,19987.003061763822,77796.79737504867,27085.19106500705
487524,Husson University,Bangor,ME,4,2,17.0,0.8095,1180.0,2618,21005.0,16606.0,16898.0,17496.0,21273.0,25262.0,35852.0,23304.0,0.3881,0.5935,0.7535,0.6153846154,0.3217893218,71852.640099,27000.0,22215.0,22041.0,22000.0,185,45025.0,27453.0,69617.0,73700.0,husson university,71450.91877122379,36796.44827823542,17043.451414380714,21833.39407070462,27711.260278711266,28176.193645609645,21558.334153864078,22621.625474187964,17956.8966606049,73745.45227762796,46211.09237218425,23917.896649447677,17343.14356258011,22800.209151539657,22579.545412283253,75641.4771311489,25927.47619114089
487603,Northwest University-Center for Online and Extended Education,Kirkland,WA,4,2,22.0,,,405,35671.0,34739.0,29036.0,33605.0,38666.0,40245.0,40568.0,14652.0,0.1845,0.5,0.5,0.6572580645,0.3636363636,74721.404722,20891.0,14881.0,15000.0,15000.0,522,54914.0,31694.0,83872.0,78300.0,northwest university-center for online and extended education,86081.43785541004,41636.68174025032,35654.12854896854,39684.5774050611,21441.33105490952,32528.914195313882,36610.680200070725,15395.144599284036,34490.25561726267,76689.78869045434,56360.59803500557,15037.977244580647,29800.89457232075,15273.00978546305,15395.144599284036,80362.65480826267,41305.17295987907
488679,Indiana Wesleyan University-National & Global,Marion,IN,4,2,17.0,,,6656,16898.0,16298.0,16713.0,17159.0,20090.0,21757.0,22228.0,8208.0,0.4845,0.3495,,0.5428111854,0.4741139964,75146.023208,24250.0,10044.0,17747.0,14250.0,6229,59986.0,38195.0,88091.0,93300.0,indiana wesleyan university-national & global,90411.578859702,22813.55161019237,16727.337778608748,20619.230333307754,24888.817102175857,39201.16986464358,17343.14356258011,18214.508746899588,17611.019078607653,77125.5928898876,61566.20959551015,8424.223124728225,17153.270112522274,10308.588823680591,14625.387369319835,95757.7994075467,22330.14406977485
489937,Carolina University,Winston-Salem,NC,4,2,20.0,0.3954,,460,20828.0,17738.0,17560.0,22993.0,23597.0,24152.0,32680.0,17575.0,0.3726,0.2155,0.5636,0.5972222222,0.3266331658,42437.742574,20287.0,11250.0,10135.0,12568.0,539,32864.0,13802.0,51207.0,58300.0,carolina university,52555.94463303584,33540.888366973486,18205.271660140017,24218.61514062036,20821.419899045017,14165.585717287884,21376.671447592526,10401.986034249581,23598.703984755855,43555.67889292816,33729.73547405804,18037.977755494463,18022.582610895177,11546.358449463027,12899.078488253452,59835.79534255062,24788.235490793868
492476,EDP University of Puerto Rico-Villalba,Villalba,PR,3,2,13.0,0.7565,,379,12978.0,11001.0,15400.0,15459.0,14080.0,,19138.0,7050.0,0.6904,0.25,,0.4144295302,0.44092827,12966.48169,14000.0,10500.0,10500.0,10500.0,1194,22844.0,11249.0,39209.0,39200.0,edp university of puerto rico-villalba,40241.881639555184,19642.15182273986,11290.799049114912,14450.909063861282,14368.801625998434,11545.33210648974,13319.879107300549,10776.601219498825,15866.236024022128,13308.057370767923,23445.778881736303,7235.717961663497,15805.681788598276,10776.601219498825,10776.601219498825,40232.64455279562,
492801,Drury University-College of Continuing Professional Studies,Springfield,MO,3,2,22.0,,,632,10566.0,9291.0,11756.0,10486.0,12937.0,13948.0,19698.0,8054.0,0.6411,0.4324,0.5,0.4804655029,0.4127630686,69143.715776,20979.0,12500.0,15250.0,12570.0,1944,40694.0,22819.0,61963.0,66800.0,drury university-college of continuing professional studies,63595.289653695785,20216.903887779798,9535.752564796532,13277.79904539584,21531.649236558653,23420.120307404162,10844.339855735676,15651.730342605437,10762.232417872827,70965.16683355445,41766.00095488431,8266.166306842242,12065.687993945543,12829.287166070031,12901.131174200022,68559.71061547824,14315.431791387582
492962,Indiana Institute of Technology-College of Professional Studies,Fort Wayne,IN,3,2,22.0,,,2686,20473.0,20035.0,20802.0,20097.0,22271.0,24557.0,26033.0,9896.0,0.5526,0.28,0.5455,0.3182978723,0.5330149502,52622.229284,26391.0,13392.0,9830.0,12500.0,1969,47327.0,28223.0,70604.0,82000.0,indiana institute of technology-college of professional studies,72463.91928585667,26718.78662354409,20562.781469777045,22857.68435804365,27086.217407980334,28966.477735039556,21012.31969207614,10088.951427397471,20626.414734120754,54008.45526425726,48573.73389668771,10156.690063634322,21349.9865302871,13744.785098240787,12829.287166070031,84160.1238094194,25203.90439497454
496973,Herzing University-Tampa,Tampa,FL,3,2,-2.0,0.8966,,251,20421.0,20666.0,23696.0,17556.0,,,27494.0,13450.0,0.5654,,1.0,0.3041105434,0.5209032652,42942.389088,21500.0,10662.0,15250.0,11350.0,8016,36909.0,19077.0,56514.0,77200.0,herzing university-tampa,58002.74679226254,28218.273707514352,21210.40388592026,,22066.37392564045,19579.544901369438,20958.949857465286,15651.730342605437,18018.477239002037,44073.619296565135,37881.2928009983,13804.312990691353,24320.223094975634,10942.868781171093,11648.992746791588,79233.6775376485,
497037,Abilene Christian University-Undergraduate Online,Addison,TX,3,2,-2.0,1.0,,1219,23698.0,24283.0,22852.0,21723.0,26586.0,,30295.0,14520.0,0.7092,,0.4762,0.7013401404,0.2445229682,85369.125,24250.0,11000.0,17000.0,13500.0,1316,55736.0,36361.0,80010.0,78700.0,abilene christian university-undergraduate online,82117.70129258106,31093.060375687324,24922.686420294285,27286.354287771024,24888.817102175857,37318.85685163779,24322.275780922206,17447.830545855242,22295.248408683143,87618.00157929026,57204.251959046334,14902.499972106947,23453.989625522587,11289.772706141626,13855.630139355633,80773.19199757691,
497824,Evangel University-College of Online Learning,Springfield,MO,3,2,-2.0,0.4918,,240,22503.0,21199.0,,25109.0,,,26454.0,8175.0,0.444,0.5,0.6667,0.6453488372,0.2610571737,69908.781371,24736.0,15764.0,18196.0,16000.0,874,46573.0,30919.0,66982.0,65700.0,evangel university-college of online learning,68746.50503661622,27150.877015297327,21757.444690681485,,25387.61978719266,31733.49839101754,23095.795927845913,18675.336741904823,25770.44571622819,71750.38653108529,47799.87129483036,8390.353806609799,,16179.270630874236,16421.48757256964,67430.73334486409,
497833,Marian University-Ancilla,Plymouth,IN,3,2,-2.0,0.9169,,226,19463.0,15964.0,15610.0,17755.0,24130.0,26320.0,38305.0,20100.0,0.6065,,0.375,0.5959322034,0.2917647059,89141.009198,27000.0,18750.0,20330.0,18750.0,957,58759.0,39146.0,84617.0,73700.0,marian university-ancilla,86846.06337050782,39314.067591705,16384.539225531356,24765.655945381586,27711.260278711266,40177.22203223819,19975.71328905768,20865.552646896296,18222.71949068587,91489.24842195456,60306.88676728871,20629.49376304061,16021.213812988253,19243.930749105046,19243.930749105046,75641.4771311489,27013.347056877057
499149,Herzing University-Nashville,Nashville,TN,3,2,-2.0,0.9273,,201,20537.0,19220.0,,19608.0,24661.0,23753.0,28414.0,13450.0,0.68,,0.8,0.3041105434,0.5209032652,42942.389088,21500.0,10662.0,15250.0,11350.0,8016,36909.0,19077.0,56514.0,77200.0,herzing university-nashville,58002.74679226254,29162.509242937107,19726.31194654928,25310.64406419624,22066.37392564045,19579.544901369438,21078.005642366417,15651.730342605437,20124.53302018409,44073.619296565135,37881.2928009983,13804.312990691353,,10942.868781171093,11648.992746791588,79233.6775376485,24378.724644452916
